2026-07-08T03:10:52Z INF Traefik version 3.0.4 built on 2024-07-02T13:46:37Z version=3.0.4
2026-07-08T03:10:52Z INF 
Stats collection is disabled.
Help us improve Traefik by turning this feature on :)
More details on: https://doc.traefik.io/traefik/contributing/data-collection/

2026-07-08T03:10:52Z INF Starting provider aggregator aggregator.ProviderAggregator
2026-07-08T03:10:52Z INF Starting provider *file.Provider
2026-07-08T03:10:52Z INF Starting provider *traefik.Provider
2026-07-08T03:10:52Z INF Starting provider *docker.Provider
2026-07-08T03:10:52Z INF Starting provider *acme.ChallengeTLSALPN
2026-07-08T03:10:52Z ERR Failed to retrieve information of the docker client and server host error="Cannot connect to the Docker daemon at unix:///var/run/docker.sock. Is the docker daemon running?" providerName=docker
2026-07-08T03:10:52Z ERR Provider error, retrying in 571.977045ms error="Cannot connect to the Docker daemon at unix:///var/run/docker.sock. Is the docker daemon running?" providerName=docker
2026-07-08T03:10:52Z ERR Failed to retrieve information of the docker client and server host error="Cannot connect to the Docker daemon at unix:///var/run/docker.sock. Is the docker daemon running?" providerName=docker
2026-07-08T03:10:52Z ERR Provider error, retrying in 767.6902ms error="Cannot connect to the Docker daemon at unix:///var/run/docker.sock. Is the docker daemon running?" providerName=docker
2026-07-08T03:10:53Z ERR Failed to retrieve information of the docker client and server host error="Cannot connect to the Docker daemon at unix:///var/run/docker.sock. Is the docker daemon running?" providerName=docker
2026-07-08T03:10:53Z ERR Provider error, retrying in 1.681757049s error="Cannot connect to the Docker daemon at unix:///var/run/docker.sock. Is the docker daemon running?" providerName=docker
2026-07-08T03:10:55Z ERR Failed to retrieve information of the docker client and server host error="Cannot connect to the Docker daemon at unix:///var/run/docker.sock. Is the docker daemon running?" providerName=docker
2026-07-08T03:10:55Z ERR Provider error, retrying in 1.971304872s error="Cannot connect to the Docker daemon at unix:///var/run/docker.sock. Is the docker daemon running?" providerName=docker
2026-07-08T03:10:57Z ERR Failed to retrieve information of the docker client and server host error="Cannot connect to the Docker daemon at unix:///var/run/docker.sock. Is the docker daemon running?" providerName=docker
2026-07-08T03:10:57Z ERR Provider error, retrying in 3.318308613s error="Cannot connect to the Docker daemon at unix:///var/run/docker.sock. Is the docker daemon running?" providerName=docker
2026-07-08T03:11:00Z ERR Failed to retrieve information of the docker client and server host error="Cannot connect to the Docker daemon at unix:///var/run/docker.sock. Is the docker daemon running?" providerName=docker
2026-07-08T03:11:00Z ERR Provider error, retrying in 4.205607729s error="Cannot connect to the Docker daemon at unix:///var/run/docker.sock. Is the docker daemon running?" providerName=docker
2026-07-08T03:11:07Z ERR Failed to retrieve information of the docker client and server host error="Cannot connect to the Docker daemon at unix:///var/run/docker.sock. Is the docker daemon running?" providerName=docker
2026-07-08T03:11:07Z ERR Provider error, retrying in 6.348165711s error="Cannot connect to the Docker daemon at unix:///var/run/docker.sock. Is the docker daemon running?" providerName=docker
2026-07-08T03:11:14Z ERR Failed to retrieve information of the docker client and server host error="Cannot connect to the Docker daemon at unix:///var/run/docker.sock. Is the docker daemon running?" providerName=docker
2026-07-08T03:11:14Z ERR Provider error, retrying in 7.240207263s error="Cannot connect to the Docker daemon at unix:///var/run/docker.sock. Is the docker daemon running?" providerName=docker
2026-07-08T03:11:21Z ERR Failed to retrieve information of the docker client and server host error="Cannot connect to the Docker daemon at unix:///var/run/docker.sock. Is the docker daemon running?" providerName=docker
2026-07-08T03:11:21Z ERR Provider error, retrying in 9.224405168s error="Cannot connect to the Docker daemon at unix:///var/run/docker.sock. Is the docker daemon running?" providerName=docker
2026-07-08T03:11:30Z ERR Failed to retrieve information of the docker client and server host error="Cannot connect to the Docker daemon at unix:///var/run/docker.sock. Is the docker daemon running?" providerName=docker
2026-07-08T03:11:30Z ERR Provider error, retrying in 531.346447ms error="Cannot connect to the Docker daemon at unix:///var/run/docker.sock. Is the docker daemon running?" providerName=docker
2026-07-08T03:11:31Z ERR Failed to retrieve information of the docker client and server host error="Cannot connect to the Docker daemon at unix:///var/run/docker.sock. Is the docker daemon running?" providerName=docker
2026-07-08T03:11:31Z ERR Provider error, retrying in 409.533049ms error="Cannot connect to the Docker daemon at unix:///var/run/docker.sock. Is the docker daemon running?" providerName=docker
2026-07-08T03:11:31Z ERR Failed to retrieve information of the docker client and server host error="Cannot connect to the Docker daemon at unix:///var/run/docker.sock. Is the docker daemon running?" providerName=docker
2026-07-08T03:11:31Z ERR Provider error, retrying in 1.131365846s error="Cannot connect to the Docker daemon at unix:///var/run/docker.sock. Is the docker daemon running?" providerName=docker
2026-07-08T03:11:32Z ERR Failed to retrieve information of the docker client and server host error="Cannot connect to the Docker daemon at unix:///var/run/docker.sock. Is the docker daemon running?" providerName=docker
2026-07-08T03:11:32Z ERR Provider error, retrying in 2.484504037s error="Cannot connect to the Docker daemon at unix:///var/run/docker.sock. Is the docker daemon running?" providerName=docker
2026-07-08T03:11:35Z ERR Failed to retrieve information of the docker client and server host error="Cannot connect to the Docker daemon at unix:///var/run/docker.sock. Is the docker daemon running?" providerName=docker
2026-07-08T03:11:35Z ERR Provider error, retrying in 2.879428543s error="Cannot connect to the Docker daemon at unix:///var/run/docker.sock. Is the docker daemon running?" providerName=docker
2026-07-08T03:11:40Z ERR Failed to retrieve information of the docker client and server host error="Cannot connect to the Docker daemon at unix:///var/run/docker.sock. Is the docker daemon running?" providerName=docker
2026-07-08T03:11:40Z ERR Provider error, retrying in 4.768237786s error="Cannot connect to the Docker daemon at unix:///var/run/docker.sock. Is the docker daemon running?" providerName=docker
2026-07-08T03:11:45Z ERR Failed to retrieve information of the docker client and server host error="Cannot connect to the Docker daemon at unix:///var/run/docker.sock. Is the docker daemon running?" providerName=docker
2026-07-08T03:11:45Z ERR Provider error, retrying in 3.467172796s error="Cannot connect to the Docker daemon at unix:///var/run/docker.sock. Is the docker daemon running?" providerName=docker
2026-07-08T03:11:49Z ERR Failed to retrieve information of the docker client and server host error="Cannot connect to the Docker daemon at unix:///var/run/docker.sock. Is the docker daemon running?" providerName=docker
2026-07-08T03:11:49Z ERR Provider error, retrying in 4.586654182s error="Cannot connect to the Docker daemon at unix:///var/run/docker.sock. Is the docker daemon running?" providerName=docker
2026-07-08T03:11:53Z ERR Failed to retrieve information of the docker client and server host error="Cannot connect to the Docker daemon at unix:///var/run/docker.sock. Is the docker daemon running?" providerName=docker
2026-07-08T03:11:53Z ERR Provider error, retrying in 18.627908107s error="Cannot connect to the Docker daemon at unix:///var/run/docker.sock. Is the docker daemon running?" providerName=docker
2026-07-08T03:12:12Z ERR Failed to retrieve information of the docker client and server host error="Cannot connect to the Docker daemon at unix:///var/run/docker.sock. Is the docker daemon running?" providerName=docker
2026-07-08T03:12:12Z ERR Provider error, retrying in 692.960512ms error="Cannot connect to the Docker daemon at unix:///var/run/docker.sock. Is the docker daemon running?" providerName=docker
2026-07-08T03:12:15Z ERR Failed to retrieve information of the docker client and server host error="Cannot connect to the Docker daemon at unix:///var/run/docker.sock. Is the docker daemon running?" providerName=docker
2026-07-08T03:12:15Z ERR Provider error, retrying in 430.033791ms error="Cannot connect to the Docker daemon at unix:///var/run/docker.sock. Is the docker daemon running?" providerName=docker
2026-07-08T03:12:16Z ERR Failed to retrieve information of the docker client and server host error="Cannot connect to the Docker daemon at unix:///var/run/docker.sock. Is the docker daemon running?" providerName=docker
2026-07-08T03:12:16Z ERR Provider error, retrying in 911.627275ms error="Cannot connect to the Docker daemon at unix:///var/run/docker.sock. Is the docker daemon running?" providerName=docker
2026-07-08T03:12:17Z ERR Failed to retrieve information of the docker client and server host error="Cannot connect to the Docker daemon at unix:///var/run/docker.sock. Is the docker daemon running?" providerName=docker
2026-07-08T03:12:17Z ERR Provider error, retrying in 1.534441665s error="Cannot connect to the Docker daemon at unix:///var/run/docker.sock. Is the docker daemon running?" providerName=docker
2026-07-08T03:12:18Z ERR Failed to retrieve information of the docker client and server host error="Cannot connect to the Docker daemon at unix:///var/run/docker.sock. Is the docker daemon running?" providerName=docker
2026-07-08T03:12:18Z ERR Provider error, retrying in 2.686531363s error="Cannot connect to the Docker daemon at unix:///var/run/docker.sock. Is the docker daemon running?" providerName=docker
2026-07-08T03:12:21Z ERR Failed to retrieve information of the docker client and server host error="Cannot connect to the Docker daemon at unix:///var/run/docker.sock. Is the docker daemon running?" providerName=docker
2026-07-08T03:12:21Z ERR Provider error, retrying in 4.675166953s error="Cannot connect to the Docker daemon at unix:///var/run/docker.sock. Is the docker daemon running?" providerName=docker
2026-07-08T03:12:26Z ERR Failed to retrieve information of the docker client and server host error="Cannot connect to the Docker daemon at unix:///var/run/docker.sock. Is the docker daemon running?" providerName=docker
2026-07-08T03:12:26Z ERR Provider error, retrying in 7.441313508s error="Cannot connect to the Docker daemon at unix:///var/run/docker.sock. Is the docker daemon running?" providerName=docker
2026-07-08T03:12:33Z ERR Failed to retrieve information of the docker client and server host error="Cannot connect to the Docker daemon at unix:///var/run/docker.sock. Is the docker daemon running?" providerName=docker
2026-07-08T03:12:33Z ERR Provider error, retrying in 4.7392649s error="Cannot connect to the Docker daemon at unix:///var/run/docker.sock. Is the docker daemon running?" providerName=docker
2026-07-08T03:12:38Z ERR Failed to retrieve information of the docker client and server host error="Cannot connect to the Docker daemon at unix:///var/run/docker.sock. Is the docker daemon running?" providerName=docker
2026-07-08T03:12:38Z ERR Provider error, retrying in 12.538667475s error="Cannot connect to the Docker daemon at unix:///var/run/docker.sock. Is the docker daemon running?" providerName=docker
2026-07-08T03:12:53Z ERR Failed to retrieve information of the docker client and server host error="Cannot connect to the Docker daemon at unix:///var/run/docker.sock. Is the docker daemon running?" providerName=docker
2026-07-08T03:12:53Z ERR Provider error, retrying in 286.28891ms error="Cannot connect to the Docker daemon at unix:///var/run/docker.sock. Is the docker daemon running?" providerName=docker
2026-07-08T03:12:54Z ERR Failed to retrieve information of the docker client and server host error="Cannot connect to the Docker daemon at unix:///var/run/docker.sock. Is the docker daemon running?" providerName=docker
2026-07-08T03:12:54Z ERR Provider error, retrying in 458.905848ms error="Cannot connect to the Docker daemon at unix:///var/run/docker.sock. Is the docker daemon running?" providerName=docker
2026-07-08T03:12:54Z ERR Failed to retrieve information of the docker client and server host error="Cannot connect to the Docker daemon at unix:///var/run/docker.sock. Is the docker daemon running?" providerName=docker
2026-07-08T03:12:54Z ERR Provider error, retrying in 1.209034576s error="Cannot connect to the Docker daemon at unix:///var/run/docker.sock. Is the docker daemon running?" providerName=docker
2026-07-08T03:12:55Z ERR Failed to retrieve information of the docker client and server host error="Cannot connect to the Docker daemon at unix:///var/run/docker.sock. Is the docker daemon running?" providerName=docker
2026-07-08T03:12:55Z ERR Provider error, retrying in 2.364402926s error="Cannot connect to the Docker daemon at unix:///var/run/docker.sock. Is the docker daemon running?" providerName=docker
2026-07-08T03:12:58Z ERR Failed to retrieve information of the docker client and server host error="Cannot connect to the Docker daemon at unix:///var/run/docker.sock. Is the docker daemon running?" providerName=docker
2026-07-08T03:12:58Z ERR Provider error, retrying in 1.417163315s error="Cannot connect to the Docker daemon at unix:///var/run/docker.sock. Is the docker daemon running?" providerName=docker
2026-07-08T03:12:59Z ERR Failed to retrieve information of the docker client and server host error="Cannot connect to the Docker daemon at unix:///var/run/docker.sock. Is the docker daemon running?" providerName=docker
2026-07-08T03:12:59Z ERR Provider error, retrying in 4.270553053s error="Cannot connect to the Docker daemon at unix:///var/run/docker.sock. Is the docker daemon running?" providerName=docker
2026-07-08T03:13:03Z ERR Failed to retrieve information of the docker client and server host error="Cannot connect to the Docker daemon at unix:///var/run/docker.sock. Is the docker daemon running?" providerName=docker
2026-07-08T03:13:03Z ERR Provider error, retrying in 6.242268227s error="Cannot connect to the Docker daemon at unix:///var/run/docker.sock. Is the docker daemon running?" providerName=docker
2026-07-08T03:13:10Z ERR Failed to retrieve information of the docker client and server host error="Cannot connect to the Docker daemon at unix:///var/run/docker.sock. Is the docker daemon running?" providerName=docker
2026-07-08T03:13:10Z ERR Provider error, retrying in 9.451859928s error="Cannot connect to the Docker daemon at unix:///var/run/docker.sock. Is the docker daemon running?" providerName=docker
2026-07-08T03:13:19Z ERR Failed to retrieve information of the docker client and server host error="Cannot connect to the Docker daemon at unix:///var/run/docker.sock. Is the docker daemon running?" providerName=docker
2026-07-08T03:13:19Z ERR Provider error, retrying in 8.993173459s error="Cannot connect to the Docker daemon at unix:///var/run/docker.sock. Is the docker daemon running?" providerName=docker
2026-07-08T03:13:31Z ERR Failed to retrieve information of the docker client and server host error="Cannot connect to the Docker daemon at unix:///var/run/docker.sock. Is the docker daemon running?" providerName=docker
2026-07-08T03:13:31Z ERR Provider error, retrying in 524.715096ms error="Cannot connect to the Docker daemon at unix:///var/run/docker.sock. Is the docker daemon running?" providerName=docker
2026-07-08T03:13:32Z ERR Failed to retrieve information of the docker client and server host error="Cannot connect to the Docker daemon at unix:///var/run/docker.sock. Is the docker daemon running?" providerName=docker
2026-07-08T03:13:32Z ERR Provider error, retrying in 443.675527ms error="Cannot connect to the Docker daemon at unix:///var/run/docker.sock. Is the docker daemon running?" providerName=docker
2026-07-08T03:13:32Z ERR Failed to retrieve information of the docker client and server host error="Cannot connect to the Docker daemon at unix:///var/run/docker.sock. Is the docker daemon running?" providerName=docker
2026-07-08T03:13:32Z ERR Provider error, retrying in 1.036077827s error="Cannot connect to the Docker daemon at unix:///var/run/docker.sock. Is the docker daemon running?" providerName=docker
2026-07-08T03:13:33Z ERR Failed to retrieve information of the docker client and server host error="Cannot connect to the Docker daemon at unix:///var/run/docker.sock. Is the docker daemon running?" providerName=docker
2026-07-08T03:13:33Z ERR Provider error, retrying in 2.369996117s error="Cannot connect to the Docker daemon at unix:///var/run/docker.sock. Is the docker daemon running?" providerName=docker
2026-07-08T03:13:35Z ERR Failed to retrieve information of the docker client and server host error="Cannot connect to the Docker daemon at unix:///var/run/docker.sock. Is the docker daemon running?" providerName=docker
2026-07-08T03:13:35Z ERR Provider error, retrying in 3.016917429s error="Cannot connect to the Docker daemon at unix:///var/run/docker.sock. Is the docker daemon running?" providerName=docker
2026-07-08T03:13:38Z ERR Failed to retrieve information of the docker client and server host error="Cannot connect to the Docker daemon at unix:///var/run/docker.sock. Is the docker daemon running?" providerName=docker
2026-07-08T03:13:38Z ERR Provider error, retrying in 4.374598329s error="Cannot connect to the Docker daemon at unix:///var/run/docker.sock. Is the docker daemon running?" providerName=docker
2026-07-08T03:13:43Z ERR Failed to retrieve information of the docker client and server host error="Cannot connect to the Docker daemon at unix:///var/run/docker.sock. Is the docker daemon running?" providerName=docker
2026-07-08T03:13:43Z ERR Provider error, retrying in 3.999663837s error="Cannot connect to the Docker daemon at unix:///var/run/docker.sock. Is the docker daemon running?" providerName=docker
2026-07-08T03:13:47Z ERR Failed to retrieve information of the docker client and server host error="Cannot connect to the Docker daemon at unix:///var/run/docker.sock. Is the docker daemon running?" providerName=docker
2026-07-08T03:13:47Z ERR Provider error, retrying in 4.581543877s error="Cannot connect to the Docker daemon at unix:///var/run/docker.sock. Is the docker daemon running?" providerName=docker
2026-07-08T03:13:51Z ERR Failed to retrieve information of the docker client and server host error="Cannot connect to the Docker daemon at unix:///var/run/docker.sock. Is the docker daemon running?" providerName=docker
2026-07-08T03:13:51Z ERR Provider error, retrying in 17.414041358s error="Cannot connect to the Docker daemon at unix:///var/run/docker.sock. Is the docker daemon running?" providerName=docker
2026-07-08T03:14:12Z ERR Failed to retrieve information of the docker client and server host error="Cannot connect to the Docker daemon at unix:///var/run/docker.sock. Is the docker daemon running?" providerName=docker
2026-07-08T03:14:12Z ERR Provider error, retrying in 546.406809ms error="Cannot connect to the Docker daemon at unix:///var/run/docker.sock. Is the docker daemon running?" providerName=docker
2026-07-08T03:14:12Z ERR Failed to retrieve information of the docker client and server host error="Cannot connect to the Docker daemon at unix:///var/run/docker.sock. Is the docker daemon running?" providerName=docker
2026-07-08T03:14:12Z ERR Provider error, retrying in 923.963988ms error="Cannot connect to the Docker daemon at unix:///var/run/docker.sock. Is the docker daemon running?" providerName=docker
2026-07-08T03:14:13Z ERR Failed to retrieve information of the docker client and server host error="Cannot connect to the Docker daemon at unix:///var/run/docker.sock. Is the docker daemon running?" providerName=docker
2026-07-08T03:14:13Z ERR Provider error, retrying in 712.607952ms error="Cannot connect to the Docker daemon at unix:///var/run/docker.sock. Is the docker daemon running?" providerName=docker
2026-07-08T03:14:14Z ERR Failed to retrieve information of the docker client and server host error="Cannot connect to the Docker daemon at unix:///var/run/docker.sock. Is the docker daemon running?" providerName=docker
2026-07-08T03:14:14Z ERR Provider error, retrying in 941.256757ms error="Cannot connect to the Docker daemon at unix:///var/run/docker.sock. Is the docker daemon running?" providerName=docker
2026-07-08T03:14:15Z ERR Failed to retrieve information of the docker client and server host error="Cannot connect to the Docker daemon at unix:///var/run/docker.sock. Is the docker daemon running?" providerName=docker
2026-07-08T03:14:15Z ERR Provider error, retrying in 3.691407953s error="Cannot connect to the Docker daemon at unix:///var/run/docker.sock. Is the docker daemon running?" providerName=docker
2026-07-08T03:14:19Z ERR Failed to retrieve information of the docker client and server host error="Cannot connect to the Docker daemon at unix:///var/run/docker.sock. Is the docker daemon running?" providerName=docker
2026-07-08T03:14:19Z ERR Provider error, retrying in 4.445657929s error="Cannot connect to the Docker daemon at unix:///var/run/docker.sock. Is the docker daemon running?" providerName=docker
2026-07-08T03:14:23Z ERR Failed to retrieve information of the docker client and server host error="Cannot connect to the Docker daemon at unix:///var/run/docker.sock. Is the docker daemon running?" providerName=docker
2026-07-08T03:14:23Z ERR Provider error, retrying in 4.063694835s error="Cannot connect to the Docker daemon at unix:///var/run/docker.sock. Is the docker daemon running?" providerName=docker
2026-07-08T03:14:27Z ERR Failed to retrieve information of the docker client and server host error="Cannot connect to the Docker daemon at unix:///var/run/docker.sock. Is the docker daemon running?" providerName=docker
2026-07-08T03:14:27Z ERR Provider error, retrying in 10.456648231s error="Cannot connect to the Docker daemon at unix:///var/run/docker.sock. Is the docker daemon running?" providerName=docker
2026-07-08T03:14:40Z ERR Failed to retrieve information of the docker client and server host error="Cannot connect to the Docker daemon at unix:///var/run/docker.sock. Is the docker daemon running?" providerName=docker
2026-07-08T03:14:40Z ERR Provider error, retrying in 6.875752782s error="Cannot connect to the Docker daemon at unix:///var/run/docker.sock. Is the docker daemon running?" providerName=docker
2026-07-08T03:14:47Z ERR Failed to retrieve information of the docker client and server host error="Cannot connect to the Docker daemon at unix:///var/run/docker.sock. Is the docker daemon running?" providerName=docker
2026-07-08T03:14:47Z ERR Provider error, retrying in 477.073281ms error="Cannot connect to the Docker daemon at unix:///var/run/docker.sock. Is the docker daemon running?" providerName=docker
2026-07-08T03:14:48Z ERR Failed to retrieve information of the docker client and server host error="Cannot connect to the Docker daemon at unix:///var/run/docker.sock. Is the docker daemon running?" providerName=docker
2026-07-08T03:14:48Z ERR Provider error, retrying in 801.698186ms error="Cannot connect to the Docker daemon at unix:///var/run/docker.sock. Is the docker daemon running?" providerName=docker
2026-07-08T03:14:49Z ERR Failed to retrieve information of the docker client and server host error="Cannot connect to the Docker daemon at unix:///var/run/docker.sock. Is the docker daemon running?" providerName=docker
2026-07-08T03:14:49Z ERR Provider error, retrying in 1.32174093s error="Cannot connect to the Docker daemon at unix:///var/run/docker.sock. Is the docker daemon running?" providerName=docker
2026-07-08T03:14:50Z ERR Failed to retrieve information of the docker client and server host error="Cannot connect to the Docker daemon at unix:///var/run/docker.sock. Is the docker daemon running?" providerName=docker
2026-07-08T03:14:50Z ERR Provider error, retrying in 1.860761117s error="Cannot connect to the Docker daemon at unix:///var/run/docker.sock. Is the docker daemon running?" providerName=docker
2026-07-08T03:14:52Z ERR Failed to retrieve information of the docker client and server host error="Cannot connect to the Docker daemon at unix:///var/run/docker.sock. Is the docker daemon running?" providerName=docker
2026-07-08T03:14:52Z ERR Provider error, retrying in 1.772251519s error="Cannot connect to the Docker daemon at unix:///var/run/docker.sock. Is the docker daemon running?" providerName=docker
2026-07-08T03:14:54Z ERR Failed to retrieve information of the docker client and server host error="Cannot connect to the Docker daemon at unix:///var/run/docker.sock. Is the docker daemon running?" providerName=docker
2026-07-08T03:14:54Z ERR Provider error, retrying in 3.770724474s error="Cannot connect to the Docker daemon at unix:///var/run/docker.sock. Is the docker daemon running?" providerName=docker
2026-07-08T03:14:57Z ERR Failed to retrieve information of the docker client and server host error="Cannot connect to the Docker daemon at unix:///var/run/docker.sock. Is the docker daemon running?" providerName=docker
2026-07-08T03:14:57Z ERR Provider error, retrying in 4.109557518s error="Cannot connect to the Docker daemon at unix:///var/run/docker.sock. Is the docker daemon running?" providerName=docker
2026-07-08T03:15:01Z ERR Failed to retrieve information of the docker client and server host error="Cannot connect to the Docker daemon at unix:///var/run/docker.sock. Is the docker daemon running?" providerName=docker
2026-07-08T03:15:01Z ERR Provider error, retrying in 8.723034447s error="Cannot connect to the Docker daemon at unix:///var/run/docker.sock. Is the docker daemon running?" providerName=docker
2026-07-08T03:15:13Z ERR Failed to retrieve information of the docker client and server host error="Cannot connect to the Docker daemon at unix:///var/run/docker.sock. Is the docker daemon running?" providerName=docker
2026-07-08T03:15:13Z ERR Provider error, retrying in 13.330973546s error="Cannot connect to the Docker daemon at unix:///var/run/docker.sock. Is the docker daemon running?" providerName=docker
2026-07-08T03:15:27Z ERR Failed to retrieve information of the docker client and server host error="Cannot connect to the Docker daemon at unix:///var/run/docker.sock. Is the docker daemon running?" providerName=docker
2026-07-08T03:15:27Z ERR Provider error, retrying in 460.528664ms error="Cannot connect to the Docker daemon at unix:///var/run/docker.sock. Is the docker daemon running?" providerName=docker
2026-07-08T03:15:27Z ERR Failed to retrieve information of the docker client and server host error="Cannot connect to the Docker daemon at unix:///var/run/docker.sock. Is the docker daemon running?" providerName=docker
2026-07-08T03:15:27Z ERR Provider error, retrying in 498.47449ms error="Cannot connect to the Docker daemon at unix:///var/run/docker.sock. Is the docker daemon running?" providerName=docker
2026-07-08T03:15:28Z ERR Failed to retrieve information of the docker client and server host error="Cannot connect to the Docker daemon at unix:///var/run/docker.sock. Is the docker daemon running?" providerName=docker
2026-07-08T03:15:28Z ERR Provider error, retrying in 667.635325ms error="Cannot connect to the Docker daemon at unix:///var/run/docker.sock. Is the docker daemon running?" providerName=docker
2026-07-08T03:15:28Z ERR Failed to retrieve information of the docker client and server host error="Cannot connect to the Docker daemon at unix:///var/run/docker.sock. Is the docker daemon running?" providerName=docker
2026-07-08T03:15:28Z ERR Provider error, retrying in 1.222966315s error="Cannot connect to the Docker daemon at unix:///var/run/docker.sock. Is the docker daemon running?" providerName=docker
2026-07-08T03:15:30Z ERR Failed to retrieve information of the docker client and server host error="Cannot connect to the Docker daemon at unix:///var/run/docker.sock. Is the docker daemon running?" providerName=docker
2026-07-08T03:15:30Z ERR Provider error, retrying in 3.29328204s error="Cannot connect to the Docker daemon at unix:///var/run/docker.sock. Is the docker daemon running?" providerName=docker
2026-07-08T03:15:33Z ERR Failed to retrieve information of the docker client and server host error="Cannot connect to the Docker daemon at unix:///var/run/docker.sock. Is the docker daemon running?" providerName=docker
2026-07-08T03:15:33Z ERR Provider error, retrying in 4.807498443s error="Cannot connect to the Docker daemon at unix:///var/run/docker.sock. Is the docker daemon running?" providerName=docker
2026-07-08T03:15:38Z ERR Failed to retrieve information of the docker client and server host error="Cannot connect to the Docker daemon at unix:///var/run/docker.sock. Is the docker daemon running?" providerName=docker
2026-07-08T03:15:38Z ERR Provider error, retrying in 3.939732229s error="Cannot connect to the Docker daemon at unix:///var/run/docker.sock. Is the docker daemon running?" providerName=docker
2026-07-08T03:15:42Z ERR Failed to retrieve information of the docker client and server host error="Cannot connect to the Docker daemon at unix:///var/run/docker.sock. Is the docker daemon running?" providerName=docker
2026-07-08T03:15:42Z ERR Provider error, retrying in 4.90935546s error="Cannot connect to the Docker daemon at unix:///var/run/docker.sock. Is the docker daemon running?" providerName=docker
2026-07-08T03:15:50Z ERR Failed to retrieve information of the docker client and server host error="Cannot connect to the Docker daemon at unix:///var/run/docker.sock. Is the docker daemon running?" providerName=docker
2026-07-08T03:15:50Z ERR Provider error, retrying in 16.479086081s error="Cannot connect to the Docker daemon at unix:///var/run/docker.sock. Is the docker daemon running?" providerName=docker
2026-07-08T03:16:07Z ERR Failed to retrieve information of the docker client and server host error="Cannot connect to the Docker daemon at unix:///var/run/docker.sock. Is the docker daemon running?" providerName=docker
2026-07-08T03:16:07Z ERR Provider error, retrying in 673.911764ms error="Cannot connect to the Docker daemon at unix:///var/run/docker.sock. Is the docker daemon running?" providerName=docker
2026-07-08T03:16:07Z ERR Failed to retrieve information of the docker client and server host error="Cannot connect to the Docker daemon at unix:///var/run/docker.sock. Is the docker daemon running?" providerName=docker
2026-07-08T03:16:07Z ERR Provider error, retrying in 616.627253ms error="Cannot connect to the Docker daemon at unix:///var/run/docker.sock. Is the docker daemon running?" providerName=docker
2026-07-08T03:16:08Z ERR Failed to retrieve information of the docker client and server host error="Cannot connect to the Docker daemon at unix:///var/run/docker.sock. Is the docker daemon running?" providerName=docker
2026-07-08T03:16:08Z ERR Provider error, retrying in 845.299018ms error="Cannot connect to the Docker daemon at unix:///var/run/docker.sock. Is the docker daemon running?" providerName=docker
2026-07-08T03:16:09Z ERR Failed to retrieve information of the docker client and server host error="Cannot connect to the Docker daemon at unix:///var/run/docker.sock. Is the docker daemon running?" providerName=docker
2026-07-08T03:16:09Z ERR Provider error, retrying in 2.173533312s error="Cannot connect to the Docker daemon at unix:///var/run/docker.sock. Is the docker daemon running?" providerName=docker
2026-07-08T03:16:11Z ERR Failed to retrieve information of the docker client and server host error="Cannot connect to the Docker daemon at unix:///var/run/docker.sock. Is the docker daemon running?" providerName=docker
2026-07-08T03:16:11Z ERR Provider error, retrying in 1.459622913s error="Cannot connect to the Docker daemon at unix:///var/run/docker.sock. Is the docker daemon running?" providerName=docker
2026-07-08T03:16:12Z ERR Failed to retrieve information of the docker client and server host error="Cannot connect to the Docker daemon at unix:///var/run/docker.sock. Is the docker daemon running?" providerName=docker
2026-07-08T03:16:12Z ERR Provider error, retrying in 4.668599493s error="Cannot connect to the Docker daemon at unix:///var/run/docker.sock. Is the docker daemon running?" providerName=docker
2026-07-08T03:16:17Z ERR Failed to retrieve information of the docker client and server host error="Cannot connect to the Docker daemon at unix:///var/run/docker.sock. Is the docker daemon running?" providerName=docker
2026-07-08T03:16:17Z ERR Provider error, retrying in 5.644731273s error="Cannot connect to the Docker daemon at unix:///var/run/docker.sock. Is the docker daemon running?" providerName=docker
2026-07-08T03:16:26Z ERR Failed to retrieve information of the docker client and server host error="Cannot connect to the Docker daemon at unix:///var/run/docker.sock. Is the docker daemon running?" providerName=docker
2026-07-08T03:16:26Z ERR Provider error, retrying in 8.186633891s error="Cannot connect to the Docker daemon at unix:///var/run/docker.sock. Is the docker daemon running?" providerName=docker
2026-07-08T03:16:34Z ERR Failed to retrieve information of the docker client and server host error="Cannot connect to the Docker daemon at unix:///var/run/docker.sock. Is the docker daemon running?" providerName=docker
2026-07-08T03:16:34Z ERR Provider error, retrying in 8.69285846s error="Cannot connect to the Docker daemon at unix:///var/run/docker.sock. Is the docker daemon running?" providerName=docker
2026-07-08T03:16:42Z ERR Error while Peeking first byte error="read tcp 10.88.0.3:80->10.88.0.1:41324: i/o timeout"
2026-07-08T03:16:43Z ERR Failed to retrieve information of the docker client and server host error="Cannot connect to the Docker daemon at unix:///var/run/docker.sock. Is the docker daemon running?" providerName=docker
2026-07-08T03:16:43Z ERR Provider error, retrying in 510.404294ms error="Cannot connect to the Docker daemon at unix:///var/run/docker.sock. Is the docker daemon running?" providerName=docker
2026-07-08T03:16:44Z ERR Failed to retrieve information of the docker client and server host error="Cannot connect to the Docker daemon at unix:///var/run/docker.sock. Is the docker daemon running?" providerName=docker
2026-07-08T03:16:44Z ERR Provider error, retrying in 400.636478ms error="Cannot connect to the Docker daemon at unix:///var/run/docker.sock. Is the docker daemon running?" providerName=docker
2026-07-08T03:16:44Z ERR Failed to retrieve information of the docker client and server host error="Cannot connect to the Docker daemon at unix:///var/run/docker.sock. Is the docker daemon running?" providerName=docker
2026-07-08T03:16:44Z ERR Provider error, retrying in 757.900974ms error="Cannot connect to the Docker daemon at unix:///var/run/docker.sock. Is the docker daemon running?" providerName=docker
2026-07-08T03:16:45Z ERR Failed to retrieve information of the docker client and server host error="Cannot connect to the Docker daemon at unix:///var/run/docker.sock. Is the docker daemon running?" providerName=docker
2026-07-08T03:16:45Z ERR Provider error, retrying in 1.734182885s error="Cannot connect to the Docker daemon at unix:///var/run/docker.sock. Is the docker daemon running?" providerName=docker
2026-07-08T03:16:47Z ERR Failed to retrieve information of the docker client and server host error="Cannot connect to the Docker daemon at unix:///var/run/docker.sock. Is the docker daemon running?" providerName=docker
2026-07-08T03:16:47Z ERR Provider error, retrying in 3.75427587s error="Cannot connect to the Docker daemon at unix:///var/run/docker.sock. Is the docker daemon running?" providerName=docker
2026-07-08T03:16:50Z ERR Failed to retrieve information of the docker client and server host error="Cannot connect to the Docker daemon at unix:///var/run/docker.sock. Is the docker daemon running?" providerName=docker
2026-07-08T03:16:50Z ERR Provider error, retrying in 4.458285603s error="Cannot connect to the Docker daemon at unix:///var/run/docker.sock. Is the docker daemon running?" providerName=docker
2026-07-08T03:16:55Z ERR Failed to retrieve information of the docker client and server host error="Cannot connect to the Docker daemon at unix:///var/run/docker.sock. Is the docker daemon running?" providerName=docker
2026-07-08T03:16:55Z ERR Provider error, retrying in 7.162787496s error="Cannot connect to the Docker daemon at unix:///var/run/docker.sock. Is the docker daemon running?" providerName=docker
2026-07-08T03:17:06Z ERR Failed to retrieve information of the docker client and server host error="Cannot connect to the Docker daemon at unix:///var/run/docker.sock. Is the docker daemon running?" providerName=docker
2026-07-08T03:17:06Z ERR Provider error, retrying in 5.043036073s error="Cannot connect to the Docker daemon at unix:///var/run/docker.sock. Is the docker daemon running?" providerName=docker
2026-07-08T03:17:11Z ERR Failed to retrieve information of the docker client and server host error="Cannot connect to the Docker daemon at unix:///var/run/docker.sock. Is the docker daemon running?" providerName=docker
2026-07-08T03:17:11Z ERR Provider error, retrying in 11.377715967s error="Cannot connect to the Docker daemon at unix:///var/run/docker.sock. Is the docker daemon running?" providerName=docker
2026-07-08T03:17:22Z ERR Failed to retrieve information of the docker client and server host error="Cannot connect to the Docker daemon at unix:///var/run/docker.sock. Is the docker daemon running?" providerName=docker
2026-07-08T03:17:22Z ERR Provider error, retrying in 639.726186ms error="Cannot connect to the Docker daemon at unix:///var/run/docker.sock. Is the docker daemon running?" providerName=docker
2026-07-08T03:17:23Z ERR Failed to retrieve information of the docker client and server host error="Cannot connect to the Docker daemon at unix:///var/run/docker.sock. Is the docker daemon running?" providerName=docker
2026-07-08T03:17:23Z ERR Provider error, retrying in 1.114966864s error="Cannot connect to the Docker daemon at unix:///var/run/docker.sock. Is the docker daemon running?" providerName=docker
2026-07-08T03:17:24Z ERR Failed to retrieve information of the docker client and server host error="Cannot connect to the Docker daemon at unix:///var/run/docker.sock. Is the docker daemon running?" providerName=docker
2026-07-08T03:17:24Z ERR Provider error, retrying in 1.083319749s error="Cannot connect to the Docker daemon at unix:///var/run/docker.sock. Is the docker daemon running?" providerName=docker
2026-07-08T03:17:25Z ERR Failed to retrieve information of the docker client and server host error="Cannot connect to the Docker daemon at unix:///var/run/docker.sock. Is the docker daemon running?" providerName=docker
2026-07-08T03:17:25Z ERR Provider error, retrying in 859.453436ms error="Cannot connect to the Docker daemon at unix:///var/run/docker.sock. Is the docker daemon running?" providerName=docker
2026-07-08T03:17:26Z ERR Failed to retrieve information of the docker client and server host error="Cannot connect to the Docker daemon at unix:///var/run/docker.sock. Is the docker daemon running?" providerName=docker
2026-07-08T03:17:26Z ERR Provider error, retrying in 2.237463404s error="Cannot connect to the Docker daemon at unix:///var/run/docker.sock. Is the docker daemon running?" providerName=docker
2026-07-08T03:17:28Z ERR Failed to retrieve information of the docker client and server host error="Cannot connect to the Docker daemon at unix:///var/run/docker.sock. Is the docker daemon running?" providerName=docker
2026-07-08T03:17:28Z ERR Provider error, retrying in 4.921553108s error="Cannot connect to the Docker daemon at unix:///var/run/docker.sock. Is the docker daemon running?" providerName=docker
2026-07-08T03:17:36Z ERR Failed to retrieve information of the docker client and server host error="Cannot connect to the Docker daemon at unix:///var/run/docker.sock. Is the docker daemon running?" providerName=docker
2026-07-08T03:17:36Z ERR Provider error, retrying in 2.855546857s error="Cannot connect to the Docker daemon at unix:///var/run/docker.sock. Is the docker daemon running?" providerName=docker
2026-07-08T03:17:39Z ERR Failed to retrieve information of the docker client and server host error="Cannot connect to the Docker daemon at unix:///var/run/docker.sock. Is the docker daemon running?" providerName=docker
2026-07-08T03:17:39Z ERR Provider error, retrying in 4.792192171s error="Cannot connect to the Docker daemon at unix:///var/run/docker.sock. Is the docker daemon running?" providerName=docker
2026-07-08T03:17:44Z ERR Failed to retrieve information of the docker client and server host error="Cannot connect to the Docker daemon at unix:///var/run/docker.sock. Is the docker daemon running?" providerName=docker
2026-07-08T03:17:44Z ERR Provider error, retrying in 13.432173617s error="Cannot connect to the Docker daemon at unix:///var/run/docker.sock. Is the docker daemon running?" providerName=docker
2026-07-08T03:17:58Z ERR Failed to retrieve information of the docker client and server host error="Cannot connect to the Docker daemon at unix:///var/run/docker.sock. Is the docker daemon running?" providerName=docker
2026-07-08T03:17:58Z ERR Provider error, retrying in 597.603773ms error="Cannot connect to the Docker daemon at unix:///var/run/docker.sock. Is the docker daemon running?" providerName=docker
2026-07-08T03:17:58Z ERR Failed to retrieve information of the docker client and server host error="Cannot connect to the Docker daemon at unix:///var/run/docker.sock. Is the docker daemon running?" providerName=docker
2026-07-08T03:17:58Z ERR Provider error, retrying in 993.89839ms error="Cannot connect to the Docker daemon at unix:///var/run/docker.sock. Is the docker daemon running?" providerName=docker
2026-07-08T03:17:59Z ERR Failed to retrieve information of the docker client and server host error="Cannot connect to the Docker daemon at unix:///var/run/docker.sock. Is the docker daemon running?" providerName=docker
2026-07-08T03:17:59Z ERR Provider error, retrying in 979.304821ms error="Cannot connect to the Docker daemon at unix:///var/run/docker.sock. Is the docker daemon running?" providerName=docker
2026-07-08T03:18:00Z ERR Failed to retrieve information of the docker client and server host error="Cannot connect to the Docker daemon at unix:///var/run/docker.sock. Is the docker daemon running?" providerName=docker
2026-07-08T03:18:00Z ERR Provider error, retrying in 2.418026505s error="Cannot connect to the Docker daemon at unix:///var/run/docker.sock. Is the docker daemon running?" providerName=docker
2026-07-08T03:18:03Z ERR Failed to retrieve information of the docker client and server host error="Cannot connect to the Docker daemon at unix:///var/run/docker.sock. Is the docker daemon running?" providerName=docker
2026-07-08T03:18:03Z ERR Provider error, retrying in 1.741614482s error="Cannot connect to the Docker daemon at unix:///var/run/docker.sock. Is the docker daemon running?" providerName=docker
2026-07-08T03:18:04Z ERR Failed to retrieve information of the docker client and server host error="Cannot connect to the Docker daemon at unix:///var/run/docker.sock. Is the docker daemon running?" providerName=docker
2026-07-08T03:18:04Z ERR Provider error, retrying in 4.441016758s error="Cannot connect to the Docker daemon at unix:///var/run/docker.sock. Is the docker daemon running?" providerName=docker
2026-07-08T03:18:12Z ERR Failed to retrieve information of the docker client and server host error="Cannot connect to the Docker daemon at unix:///var/run/docker.sock. Is the docker daemon running?" providerName=docker
2026-07-08T03:18:12Z ERR Provider error, retrying in 3.75135136s error="Cannot connect to the Docker daemon at unix:///var/run/docker.sock. Is the docker daemon running?" providerName=docker
2026-07-08T03:18:16Z ERR Failed to retrieve information of the docker client and server host error="Cannot connect to the Docker daemon at unix:///var/run/docker.sock. Is the docker daemon running?" providerName=docker
2026-07-08T03:18:16Z ERR Provider error, retrying in 9.054755525s error="Cannot connect to the Docker daemon at unix:///var/run/docker.sock. Is the docker daemon running?" providerName=docker
2026-07-08T03:18:25Z ERR Failed to retrieve information of the docker client and server host error="Cannot connect to the Docker daemon at unix:///var/run/docker.sock. Is the docker daemon running?" providerName=docker
2026-07-08T03:18:25Z ERR Provider error, retrying in 12.781345532s error="Cannot connect to the Docker daemon at unix:///var/run/docker.sock. Is the docker daemon running?" providerName=docker
2026-07-08T03:18:38Z ERR Failed to retrieve information of the docker client and server host error="Cannot connect to the Docker daemon at unix:///var/run/docker.sock. Is the docker daemon running?" providerName=docker
2026-07-08T03:18:38Z ERR Provider error, retrying in 655.092054ms error="Cannot connect to the Docker daemon at unix:///var/run/docker.sock. Is the docker daemon running?" providerName=docker
2026-07-08T03:18:39Z ERR Failed to retrieve information of the docker client and server host error="Cannot connect to the Docker daemon at unix:///var/run/docker.sock. Is the docker daemon running?" providerName=docker
2026-07-08T03:18:39Z ERR Provider error, retrying in 546.09413ms error="Cannot connect to the Docker daemon at unix:///var/run/docker.sock. Is the docker daemon running?" providerName=docker
2026-07-08T03:18:39Z ERR Failed to retrieve information of the docker client and server host error="Cannot connect to the Docker daemon at unix:///var/run/docker.sock. Is the docker daemon running?" providerName=docker
2026-07-08T03:18:39Z ERR Provider error, retrying in 1.01633386s error="Cannot connect to the Docker daemon at unix:///var/run/docker.sock. Is the docker daemon running?" providerName=docker
2026-07-08T03:18:40Z ERR Failed to retrieve information of the docker client and server host error="Cannot connect to the Docker daemon at unix:///var/run/docker.sock. Is the docker daemon running?" providerName=docker
2026-07-08T03:18:40Z ERR Provider error, retrying in 1.277117922s error="Cannot connect to the Docker daemon at unix:///var/run/docker.sock. Is the docker daemon running?" providerName=docker
2026-07-08T03:18:41Z ERR Failed to retrieve information of the docker client and server host error="Cannot connect to the Docker daemon at unix:///var/run/docker.sock. Is the docker daemon running?" providerName=docker
2026-07-08T03:18:41Z ERR Provider error, retrying in 2.815189134s error="Cannot connect to the Docker daemon at unix:///var/run/docker.sock. Is the docker daemon running?" providerName=docker
2026-07-08T03:18:48Z ERR Failed to retrieve information of the docker client and server host error="Cannot connect to the Docker daemon at unix:///var/run/docker.sock. Is the docker daemon running?" providerName=docker
2026-07-08T03:18:48Z ERR Provider error, retrying in 4.416192279s error="Cannot connect to the Docker daemon at unix:///var/run/docker.sock. Is the docker daemon running?" providerName=docker
2026-07-08T03:18:52Z ERR Failed to retrieve information of the docker client and server host error="Cannot connect to the Docker daemon at unix:///var/run/docker.sock. Is the docker daemon running?" providerName=docker
2026-07-08T03:18:52Z ERR Provider error, retrying in 4.05509896s error="Cannot connect to the Docker daemon at unix:///var/run/docker.sock. Is the docker daemon running?" providerName=docker
2026-07-08T03:18:56Z ERR Failed to retrieve information of the docker client and server host error="Cannot connect to the Docker daemon at unix:///var/run/docker.sock. Is the docker daemon running?" providerName=docker
2026-07-08T03:18:56Z ERR Provider error, retrying in 5.36384849s error="Cannot connect to the Docker daemon at unix:///var/run/docker.sock. Is the docker daemon running?" providerName=docker
2026-07-08T03:19:02Z ERR Failed to retrieve information of the docker client and server host error="Cannot connect to the Docker daemon at unix:///var/run/docker.sock. Is the docker daemon running?" providerName=docker
2026-07-08T03:19:02Z ERR Provider error, retrying in 12.155087529s error="Cannot connect to the Docker daemon at unix:///var/run/docker.sock. Is the docker daemon running?" providerName=docker
2026-07-08T03:19:14Z ERR Failed to retrieve information of the docker client and server host error="Cannot connect to the Docker daemon at unix:///var/run/docker.sock. Is the docker daemon running?" providerName=docker
2026-07-08T03:19:14Z ERR Provider error, retrying in 626.582724ms error="Cannot connect to the Docker daemon at unix:///var/run/docker.sock. Is the docker daemon running?" providerName=docker
2026-07-08T03:19:14Z ERR Failed to retrieve information of the docker client and server host error="Cannot connect to the Docker daemon at unix:///var/run/docker.sock. Is the docker daemon running?" providerName=docker
2026-07-08T03:19:14Z ERR Provider error, retrying in 388.222377ms error="Cannot connect to the Docker daemon at unix:///var/run/docker.sock. Is the docker daemon running?" providerName=docker
2026-07-08T03:19:15Z ERR Failed to retrieve information of the docker client and server host error="Cannot connect to the Docker daemon at unix:///var/run/docker.sock. Is the docker daemon running?" providerName=docker
2026-07-08T03:19:15Z ERR Provider error, retrying in 1.219377059s error="Cannot connect to the Docker daemon at unix:///var/run/docker.sock. Is the docker daemon running?" providerName=docker
2026-07-08T03:19:16Z ERR Failed to retrieve information of the docker client and server host error="Cannot connect to the Docker daemon at unix:///var/run/docker.sock. Is the docker daemon running?" providerName=docker
2026-07-08T03:19:16Z ERR Provider error, retrying in 932.001802ms error="Cannot connect to the Docker daemon at unix:///var/run/docker.sock. Is the docker daemon running?" providerName=docker
2026-07-08T03:19:17Z ERR Failed to retrieve information of the docker client and server host error="Cannot connect to the Docker daemon at unix:///var/run/docker.sock. Is the docker daemon running?" providerName=docker
2026-07-08T03:19:17Z ERR Provider error, retrying in 2.449134334s error="Cannot connect to the Docker daemon at unix:///var/run/docker.sock. Is the docker daemon running?" providerName=docker
2026-07-08T03:19:23Z ERR Failed to retrieve information of the docker client and server host error="Cannot connect to the Docker daemon at unix:///var/run/docker.sock. Is the docker daemon running?" providerName=docker
2026-07-08T03:19:23Z ERR Provider error, retrying in 2.891288899s error="Cannot connect to the Docker daemon at unix:///var/run/docker.sock. Is the docker daemon running?" providerName=docker
2026-07-08T03:19:26Z ERR Failed to retrieve information of the docker client and server host error="Cannot connect to the Docker daemon at unix:///var/run/docker.sock. Is the docker daemon running?" providerName=docker
2026-07-08T03:19:26Z ERR Provider error, retrying in 7.476653302s error="Cannot connect to the Docker daemon at unix:///var/run/docker.sock. Is the docker daemon running?" providerName=docker
2026-07-08T03:19:33Z ERR Failed to retrieve information of the docker client and server host error="Cannot connect to the Docker daemon at unix:///var/run/docker.sock. Is the docker daemon running?" providerName=docker
2026-07-08T03:19:33Z ERR Provider error, retrying in 5.994052212s error="Cannot connect to the Docker daemon at unix:///var/run/docker.sock. Is the docker daemon running?" providerName=docker
2026-07-08T03:19:39Z ERR Failed to retrieve information of the docker client and server host error="Cannot connect to the Docker daemon at unix:///var/run/docker.sock. Is the docker daemon running?" providerName=docker
2026-07-08T03:19:39Z ERR Provider error, retrying in 11.028513151s error="Cannot connect to the Docker daemon at unix:///var/run/docker.sock. Is the docker daemon running?" providerName=docker
2026-07-08T03:19:50Z ERR Failed to retrieve information of the docker client and server host error="Cannot connect to the Docker daemon at unix:///var/run/docker.sock. Is the docker daemon running?" providerName=docker
2026-07-08T03:19:50Z ERR Provider error, retrying in 335.936945ms error="Cannot connect to the Docker daemon at unix:///var/run/docker.sock. Is the docker daemon running?" providerName=docker
2026-07-08T03:19:51Z ERR Failed to retrieve information of the docker client and server host error="Cannot connect to the Docker daemon at unix:///var/run/docker.sock. Is the docker daemon running?" providerName=docker
2026-07-08T03:19:51Z ERR Provider error, retrying in 923.548572ms error="Cannot connect to the Docker daemon at unix:///var/run/docker.sock. Is the docker daemon running?" providerName=docker
2026-07-08T03:19:52Z ERR Failed to retrieve information of the docker client and server host error="Cannot connect to the Docker daemon at unix:///var/run/docker.sock. Is the docker daemon running?" providerName=docker
2026-07-08T03:19:52Z ERR Provider error, retrying in 598.193046ms error="Cannot connect to the Docker daemon at unix:///var/run/docker.sock. Is the docker daemon running?" providerName=docker
2026-07-08T03:19:52Z ERR Failed to retrieve information of the docker client and server host error="Cannot connect to the Docker daemon at unix:///var/run/docker.sock. Is the docker daemon running?" providerName=docker
2026-07-08T03:19:52Z ERR Provider error, retrying in 1.145905552s error="Cannot connect to the Docker daemon at unix:///var/run/docker.sock. Is the docker daemon running?" providerName=docker
2026-07-08T03:19:53Z ERR Failed to retrieve information of the docker client and server host error="Cannot connect to the Docker daemon at unix:///var/run/docker.sock. Is the docker daemon running?" providerName=docker
2026-07-08T03:19:53Z ERR Provider error, retrying in 2.914252297s error="Cannot connect to the Docker daemon at unix:///var/run/docker.sock. Is the docker daemon running?" providerName=docker
2026-07-08T03:20:00Z ERR Failed to retrieve information of the docker client and server host error="Cannot connect to the Docker daemon at unix:///var/run/docker.sock. Is the docker daemon running?" providerName=docker
2026-07-08T03:20:00Z ERR Provider error, retrying in 3.973061291s error="Cannot connect to the Docker daemon at unix:///var/run/docker.sock. Is the docker daemon running?" providerName=docker
2026-07-08T03:20:04Z ERR Failed to retrieve information of the docker client and server host error="Cannot connect to the Docker daemon at unix:///var/run/docker.sock. Is the docker daemon running?" providerName=docker
2026-07-08T03:20:04Z ERR Provider error, retrying in 7.94279954s error="Cannot connect to the Docker daemon at unix:///var/run/docker.sock. Is the docker daemon running?" providerName=docker
2026-07-08T03:20:12Z ERR Failed to retrieve information of the docker client and server host error="Cannot connect to the Docker daemon at unix:///var/run/docker.sock. Is the docker daemon running?" providerName=docker
2026-07-08T03:20:12Z ERR Provider error, retrying in 4.97502718s error="Cannot connect to the Docker daemon at unix:///var/run/docker.sock. Is the docker daemon running?" providerName=docker
2026-07-08T03:20:14Z ERR Error while Peeking first byte error="read tcp 10.88.0.3:80->10.88.0.1:55782: i/o timeout"
2026-07-08T03:20:17Z ERR Failed to retrieve information of the docker client and server host error="Cannot connect to the Docker daemon at unix:///var/run/docker.sock. Is the docker daemon running?" providerName=docker
2026-07-08T03:20:17Z ERR Provider error, retrying in 18.497544309s error="Cannot connect to the Docker daemon at unix:///var/run/docker.sock. Is the docker daemon running?" providerName=docker
2026-07-08T03:20:39Z ERR Failed to retrieve information of the docker client and server host error="Cannot connect to the Docker daemon at unix:///var/run/docker.sock. Is the docker daemon running?" providerName=docker
2026-07-08T03:20:39Z ERR Provider error, retrying in 722.55308ms error="Cannot connect to the Docker daemon at unix:///var/run/docker.sock. Is the docker daemon running?" providerName=docker
2026-07-08T03:20:40Z ERR Failed to retrieve information of the docker client and server host error="Cannot connect to the Docker daemon at unix:///var/run/docker.sock. Is the docker daemon running?" providerName=docker
2026-07-08T03:20:40Z ERR Provider error, retrying in 542.242848ms error="Cannot connect to the Docker daemon at unix:///var/run/docker.sock. Is the docker daemon running?" providerName=docker
2026-07-08T03:20:40Z ERR Failed to retrieve information of the docker client and server host error="Cannot connect to the Docker daemon at unix:///var/run/docker.sock. Is the docker daemon running?" providerName=docker
2026-07-08T03:20:40Z ERR Provider error, retrying in 831.291101ms error="Cannot connect to the Docker daemon at unix:///var/run/docker.sock. Is the docker daemon running?" providerName=docker
2026-07-08T03:20:41Z ERR Failed to retrieve information of the docker client and server host error="Cannot connect to the Docker daemon at unix:///var/run/docker.sock. Is the docker daemon running?" providerName=docker
2026-07-08T03:20:41Z ERR Provider error, retrying in 1.636892396s error="Cannot connect to the Docker daemon at unix:///var/run/docker.sock. Is the docker daemon running?" providerName=docker
2026-07-08T03:20:43Z ERR Failed to retrieve information of the docker client and server host error="Cannot connect to the Docker daemon at unix:///var/run/docker.sock. Is the docker daemon running?" providerName=docker
2026-07-08T03:20:43Z ERR Provider error, retrying in 2.632716893s error="Cannot connect to the Docker daemon at unix:///var/run/docker.sock. Is the docker daemon running?" providerName=docker
2026-07-08T03:20:45Z ERR Failed to retrieve information of the docker client and server host error="Cannot connect to the Docker daemon at unix:///var/run/docker.sock. Is the docker daemon running?" providerName=docker
2026-07-08T03:20:45Z ERR Provider error, retrying in 3.812584036s error="Cannot connect to the Docker daemon at unix:///var/run/docker.sock. Is the docker daemon running?" providerName=docker
2026-07-08T03:20:49Z ERR Failed to retrieve information of the docker client and server host error="Cannot connect to the Docker daemon at unix:///var/run/docker.sock. Is the docker daemon running?" providerName=docker
2026-07-08T03:20:49Z ERR Provider error, retrying in 3.098365878s error="Cannot connect to the Docker daemon at unix:///var/run/docker.sock. Is the docker daemon running?" providerName=docker
2026-07-08T03:20:52Z ERR Failed to retrieve information of the docker client and server host error="Cannot connect to the Docker daemon at unix:///var/run/docker.sock. Is the docker daemon running?" providerName=docker
2026-07-08T03:20:52Z ERR Provider error, retrying in 4.803053212s error="Cannot connect to the Docker daemon at unix:///var/run/docker.sock. Is the docker daemon running?" providerName=docker
2026-07-08T03:20:57Z ERR Failed to retrieve information of the docker client and server host error="Cannot connect to the Docker daemon at unix:///var/run/docker.sock. Is the docker daemon running?" providerName=docker
2026-07-08T03:20:57Z ERR Provider error, retrying in 15.132357503s error="Cannot connect to the Docker daemon at unix:///var/run/docker.sock. Is the docker daemon running?" providerName=docker
2026-07-08T03:21:16Z ERR Failed to retrieve information of the docker client and server host error="Cannot connect to the Docker daemon at unix:///var/run/docker.sock. Is the docker daemon running?" providerName=docker
2026-07-08T03:21:16Z ERR Provider error, retrying in 680.166235ms error="Cannot connect to the Docker daemon at unix:///var/run/docker.sock. Is the docker daemon running?" providerName=docker
2026-07-08T03:21:16Z ERR Failed to retrieve information of the docker client and server host error="Cannot connect to the Docker daemon at unix:///var/run/docker.sock. Is the docker daemon running?" providerName=docker
2026-07-08T03:21:16Z ERR Provider error, retrying in 661.779856ms error="Cannot connect to the Docker daemon at unix:///var/run/docker.sock. Is the docker daemon running?" providerName=docker
2026-07-08T03:21:17Z ERR Failed to retrieve information of the docker client and server host error="Cannot connect to the Docker daemon at unix:///var/run/docker.sock. Is the docker daemon running?" providerName=docker
2026-07-08T03:21:17Z ERR Provider error, retrying in 1.150596133s error="Cannot connect to the Docker daemon at unix:///var/run/docker.sock. Is the docker daemon running?" providerName=docker
2026-07-08T03:21:18Z ERR Failed to retrieve information of the docker client and server host error="Cannot connect to the Docker daemon at unix:///var/run/docker.sock. Is the docker daemon running?" providerName=docker
2026-07-08T03:21:18Z ERR Provider error, retrying in 1.824892775s error="Cannot connect to the Docker daemon at unix:///var/run/docker.sock. Is the docker daemon running?" providerName=docker
2026-07-08T03:21:20Z ERR Failed to retrieve information of the docker client and server host error="Cannot connect to the Docker daemon at unix:///var/run/docker.sock. Is the docker daemon running?" providerName=docker
2026-07-08T03:21:20Z ERR Provider error, retrying in 2.974414737s error="Cannot connect to the Docker daemon at unix:///var/run/docker.sock. Is the docker daemon running?" providerName=docker
2026-07-08T03:21:23Z ERR Failed to retrieve information of the docker client and server host error="Cannot connect to the Docker daemon at unix:///var/run/docker.sock. Is the docker daemon running?" providerName=docker
2026-07-08T03:21:23Z ERR Provider error, retrying in 3.570680996s error="Cannot connect to the Docker daemon at unix:///var/run/docker.sock. Is the docker daemon running?" providerName=docker
2026-07-08T03:21:27Z ERR Failed to retrieve information of the docker client and server host error="Cannot connect to the Docker daemon at unix:///var/run/docker.sock. Is the docker daemon running?" providerName=docker
2026-07-08T03:21:27Z ERR Provider error, retrying in 6.538064431s error="Cannot connect to the Docker daemon at unix:///var/run/docker.sock. Is the docker daemon running?" providerName=docker
2026-07-08T03:21:33Z ERR Failed to retrieve information of the docker client and server host error="Cannot connect to the Docker daemon at unix:///var/run/docker.sock. Is the docker daemon running?" providerName=docker
2026-07-08T03:21:33Z ERR Provider error, retrying in 5.521269753s error="Cannot connect to the Docker daemon at unix:///var/run/docker.sock. Is the docker daemon running?" providerName=docker
2026-07-08T03:21:39Z ERR Failed to retrieve information of the docker client and server host error="Cannot connect to the Docker daemon at unix:///var/run/docker.sock. Is the docker daemon running?" providerName=docker
2026-07-08T03:21:39Z ERR Provider error, retrying in 19.134625824s error="Cannot connect to the Docker daemon at unix:///var/run/docker.sock. Is the docker daemon running?" providerName=docker
2026-07-08T03:21:56Z WRN A new release has been found: 3.7.6. Please consider updating.
2026-07-08T03:22:01Z ERR Failed to retrieve information of the docker client and server host error="Cannot connect to the Docker daemon at unix:///var/run/docker.sock. Is the docker daemon running?" providerName=docker
2026-07-08T03:22:01Z ERR Provider error, retrying in 626.596094ms error="Cannot connect to the Docker daemon at unix:///var/run/docker.sock. Is the docker daemon running?" providerName=docker
2026-07-08T03:22:02Z ERR Failed to retrieve information of the docker client and server host error="Cannot connect to the Docker daemon at unix:///var/run/docker.sock. Is the docker daemon running?" providerName=docker
2026-07-08T03:22:02Z ERR Provider error, retrying in 624.321313ms error="Cannot connect to the Docker daemon at unix:///var/run/docker.sock. Is the docker daemon running?" providerName=docker
2026-07-08T03:22:03Z ERR Failed to retrieve information of the docker client and server host error="Cannot connect to the Docker daemon at unix:///var/run/docker.sock. Is the docker daemon running?" providerName=docker
2026-07-08T03:22:03Z ERR Provider error, retrying in 963.154173ms error="Cannot connect to the Docker daemon at unix:///var/run/docker.sock. Is the docker daemon running?" providerName=docker
2026-07-08T03:22:04Z ERR Failed to retrieve information of the docker client and server host error="Cannot connect to the Docker daemon at unix:///var/run/docker.sock. Is the docker daemon running?" providerName=docker
2026-07-08T03:22:04Z ERR Provider error, retrying in 1.708859896s error="Cannot connect to the Docker daemon at unix:///var/run/docker.sock. Is the docker daemon running?" providerName=docker
2026-07-08T03:22:05Z ERR Failed to retrieve information of the docker client and server host error="Cannot connect to the Docker daemon at unix:///var/run/docker.sock. Is the docker daemon running?" providerName=docker
2026-07-08T03:22:05Z ERR Provider error, retrying in 1.994003443s error="Cannot connect to the Docker daemon at unix:///var/run/docker.sock. Is the docker daemon running?" providerName=docker
2026-07-08T03:22:07Z ERR Failed to retrieve information of the docker client and server host error="Cannot connect to the Docker daemon at unix:///var/run/docker.sock. Is the docker daemon running?" providerName=docker
2026-07-08T03:22:07Z ERR Provider error, retrying in 3.164060127s error="Cannot connect to the Docker daemon at unix:///var/run/docker.sock. Is the docker daemon running?" providerName=docker
2026-07-08T03:22:10Z ERR Failed to retrieve information of the docker client and server host error="Cannot connect to the Docker daemon at unix:///var/run/docker.sock. Is the docker daemon running?" providerName=docker
2026-07-08T03:22:10Z ERR Provider error, retrying in 5.657885669s error="Cannot connect to the Docker daemon at unix:///var/run/docker.sock. Is the docker daemon running?" providerName=docker
2026-07-08T03:22:16Z ERR Failed to retrieve information of the docker client and server host error="Cannot connect to the Docker daemon at unix:///var/run/docker.sock. Is the docker daemon running?" providerName=docker
2026-07-08T03:22:16Z ERR Provider error, retrying in 11.005223196s error="Cannot connect to the Docker daemon at unix:///var/run/docker.sock. Is the docker daemon running?" providerName=docker
2026-07-08T03:22:31Z ERR Failed to retrieve information of the docker client and server host error="Cannot connect to the Docker daemon at unix:///var/run/docker.sock. Is the docker daemon running?" providerName=docker
2026-07-08T03:22:31Z ERR Provider error, retrying in 18.82214919s error="Cannot connect to the Docker daemon at unix:///var/run/docker.sock. Is the docker daemon running?" providerName=docker
2026-07-08T03:22:49Z ERR Failed to retrieve information of the docker client and server host error="Cannot connect to the Docker daemon at unix:///var/run/docker.sock. Is the docker daemon running?" providerName=docker
2026-07-08T03:22:49Z ERR Provider error, retrying in 257.761328ms error="Cannot connect to the Docker daemon at unix:///var/run/docker.sock. Is the docker daemon running?" providerName=docker
2026-07-08T03:22:50Z ERR Failed to retrieve information of the docker client and server host error="Cannot connect to the Docker daemon at unix:///var/run/docker.sock. Is the docker daemon running?" providerName=docker
2026-07-08T03:22:50Z ERR Provider error, retrying in 743.8282ms error="Cannot connect to the Docker daemon at unix:///var/run/docker.sock. Is the docker daemon running?" providerName=docker
2026-07-08T03:22:51Z ERR Failed to retrieve information of the docker client and server host error="Cannot connect to the Docker daemon at unix:///var/run/docker.sock. Is the docker daemon running?" providerName=docker
2026-07-08T03:22:51Z ERR Provider error, retrying in 956.583366ms error="Cannot connect to the Docker daemon at unix:///var/run/docker.sock. Is the docker daemon running?" providerName=docker
2026-07-08T03:22:51Z ERR Failed to retrieve information of the docker client and server host error="Cannot connect to the Docker daemon at unix:///var/run/docker.sock. Is the docker daemon running?" providerName=docker
2026-07-08T03:22:51Z ERR Provider error, retrying in 1.516473869s error="Cannot connect to the Docker daemon at unix:///var/run/docker.sock. Is the docker daemon running?" providerName=docker
2026-07-08T03:22:53Z ERR Failed to retrieve information of the docker client and server host error="Cannot connect to the Docker daemon at unix:///var/run/docker.sock. Is the docker daemon running?" providerName=docker
2026-07-08T03:22:53Z ERR Provider error, retrying in 1.901444214s error="Cannot connect to the Docker daemon at unix:///var/run/docker.sock. Is the docker daemon running?" providerName=docker
2026-07-08T03:22:58Z ERR Failed to retrieve information of the docker client and server host error="Cannot connect to the Docker daemon at unix:///var/run/docker.sock. Is the docker daemon running?" providerName=docker
2026-07-08T03:22:58Z ERR Provider error, retrying in 3.627368558s error="Cannot connect to the Docker daemon at unix:///var/run/docker.sock. Is the docker daemon running?" providerName=docker
2026-07-08T03:23:02Z ERR Failed to retrieve information of the docker client and server host error="Cannot connect to the Docker daemon at unix:///var/run/docker.sock. Is the docker daemon running?" providerName=docker
2026-07-08T03:23:02Z ERR Provider error, retrying in 8.500844133s error="Cannot connect to the Docker daemon at unix:///var/run/docker.sock. Is the docker daemon running?" providerName=docker
2026-07-08T03:23:11Z ERR Failed to retrieve information of the docker client and server host error="Cannot connect to the Docker daemon at unix:///var/run/docker.sock. Is the docker daemon running?" providerName=docker
2026-07-08T03:23:11Z ERR Provider error, retrying in 7.630381025s error="Cannot connect to the Docker daemon at unix:///var/run/docker.sock. Is the docker daemon running?" providerName=docker
2026-07-08T03:23:18Z ERR Failed to retrieve information of the docker client and server host error="Cannot connect to the Docker daemon at unix:///var/run/docker.sock. Is the docker daemon running?" providerName=docker
2026-07-08T03:23:18Z ERR Provider error, retrying in 10.495992451s error="Cannot connect to the Docker daemon at unix:///var/run/docker.sock. Is the docker daemon running?" providerName=docker
2026-07-08T03:23:29Z ERR Failed to retrieve information of the docker client and server host error="Cannot connect to the Docker daemon at unix:///var/run/docker.sock. Is the docker daemon running?" providerName=docker
2026-07-08T03:23:29Z ERR Provider error, retrying in 562.381575ms error="Cannot connect to the Docker daemon at unix:///var/run/docker.sock. Is the docker daemon running?" providerName=docker
2026-07-08T03:23:29Z ERR Failed to retrieve information of the docker client and server host error="Cannot connect to the Docker daemon at unix:///var/run/docker.sock. Is the docker daemon running?" providerName=docker
2026-07-08T03:23:29Z ERR Provider error, retrying in 529.106266ms error="Cannot connect to the Docker daemon at unix:///var/run/docker.sock. Is the docker daemon running?" providerName=docker
2026-07-08T03:23:33Z ERR Failed to retrieve information of the docker client and server host error="Cannot connect to the Docker daemon at unix:///var/run/docker.sock. Is the docker daemon running?" providerName=docker
2026-07-08T03:23:33Z ERR Provider error, retrying in 682.075617ms error="Cannot connect to the Docker daemon at unix:///var/run/docker.sock. Is the docker daemon running?" providerName=docker
2026-07-08T03:23:34Z ERR Failed to retrieve information of the docker client and server host error="Cannot connect to the Docker daemon at unix:///var/run/docker.sock. Is the docker daemon running?" providerName=docker
2026-07-08T03:23:34Z ERR Provider error, retrying in 2.067779071s error="Cannot connect to the Docker daemon at unix:///var/run/docker.sock. Is the docker daemon running?" providerName=docker
2026-07-08T03:23:36Z ERR Failed to retrieve information of the docker client and server host error="Cannot connect to the Docker daemon at unix:///var/run/docker.sock. Is the docker daemon running?" providerName=docker
2026-07-08T03:23:36Z ERR Provider error, retrying in 3.640492864s error="Cannot connect to the Docker daemon at unix:///var/run/docker.sock. Is the docker daemon running?" providerName=docker
2026-07-08T03:23:40Z ERR Failed to retrieve information of the docker client and server host error="Cannot connect to the Docker daemon at unix:///var/run/docker.sock. Is the docker daemon running?" providerName=docker
2026-07-08T03:23:40Z ERR Provider error, retrying in 4.293952154s error="Cannot connect to the Docker daemon at unix:///var/run/docker.sock. Is the docker daemon running?" providerName=docker
2026-07-08T03:23:44Z ERR Failed to retrieve information of the docker client and server host error="Cannot connect to the Docker daemon at unix:///var/run/docker.sock. Is the docker daemon running?" providerName=docker
2026-07-08T03:23:44Z ERR Provider error, retrying in 6.530978829s error="Cannot connect to the Docker daemon at unix:///var/run/docker.sock. Is the docker daemon running?" providerName=docker
2026-07-08T03:23:51Z ERR Failed to retrieve information of the docker client and server host error="Cannot connect to the Docker daemon at unix:///var/run/docker.sock. Is the docker daemon running?" providerName=docker
2026-07-08T03:23:51Z ERR Provider error, retrying in 8.602446764s error="Cannot connect to the Docker daemon at unix:///var/run/docker.sock. Is the docker daemon running?" providerName=docker
2026-07-08T03:23:59Z ERR Failed to retrieve information of the docker client and server host error="Cannot connect to the Docker daemon at unix:///var/run/docker.sock. Is the docker daemon running?" providerName=docker
2026-07-08T03:23:59Z ERR Provider error, retrying in 15.692181931s error="Cannot connect to the Docker daemon at unix:///var/run/docker.sock. Is the docker daemon running?" providerName=docker
2026-07-08T03:24:19Z ERR Failed to retrieve information of the docker client and server host error="Cannot connect to the Docker daemon at unix:///var/run/docker.sock. Is the docker daemon running?" providerName=docker
2026-07-08T03:24:19Z ERR Provider error, retrying in 455.369575ms error="Cannot connect to the Docker daemon at unix:///var/run/docker.sock. Is the docker daemon running?" providerName=docker
2026-07-08T03:24:19Z ERR Failed to retrieve information of the docker client and server host error="Cannot connect to the Docker daemon at unix:///var/run/docker.sock. Is the docker daemon running?" providerName=docker
2026-07-08T03:24:19Z ERR Provider error, retrying in 779.466375ms error="Cannot connect to the Docker daemon at unix:///var/run/docker.sock. Is the docker daemon running?" providerName=docker
2026-07-08T03:24:20Z ERR Failed to retrieve information of the docker client and server host error="Cannot connect to the Docker daemon at unix:///var/run/docker.sock. Is the docker daemon running?" providerName=docker
2026-07-08T03:24:20Z ERR Provider error, retrying in 1.089989576s error="Cannot connect to the Docker daemon at unix:///var/run/docker.sock. Is the docker daemon running?" providerName=docker
2026-07-08T03:24:21Z ERR Failed to retrieve information of the docker client and server host error="Cannot connect to the Docker daemon at unix:///var/run/docker.sock. Is the docker daemon running?" providerName=docker
2026-07-08T03:24:21Z ERR Provider error, retrying in 2.51210995s error="Cannot connect to the Docker daemon at unix:///var/run/docker.sock. Is the docker daemon running?" providerName=docker
2026-07-08T03:24:23Z ERR Failed to retrieve information of the docker client and server host error="Cannot connect to the Docker daemon at unix:///var/run/docker.sock. Is the docker daemon running?" providerName=docker
2026-07-08T03:24:23Z ERR Provider error, retrying in 2.794680891s error="Cannot connect to the Docker daemon at unix:///var/run/docker.sock. Is the docker daemon running?" providerName=docker
2026-07-08T03:24:26Z ERR Failed to retrieve information of the docker client and server host error="Cannot connect to the Docker daemon at unix:///var/run/docker.sock. Is the docker daemon running?" providerName=docker
2026-07-08T03:24:26Z ERR Provider error, retrying in 3.135642125s error="Cannot connect to the Docker daemon at unix:///var/run/docker.sock. Is the docker daemon running?" providerName=docker
2026-07-08T03:24:29Z ERR Failed to retrieve information of the docker client and server host error="Cannot connect to the Docker daemon at unix:///var/run/docker.sock. Is the docker daemon running?" providerName=docker
2026-07-08T03:24:29Z ERR Provider error, retrying in 4.022258707s error="Cannot connect to the Docker daemon at unix:///var/run/docker.sock. Is the docker daemon running?" providerName=docker
2026-07-08T03:24:33Z ERR Failed to retrieve information of the docker client and server host error="Cannot connect to the Docker daemon at unix:///var/run/docker.sock. Is the docker daemon running?" providerName=docker
2026-07-08T03:24:33Z ERR Provider error, retrying in 6.196507698s error="Cannot connect to the Docker daemon at unix:///var/run/docker.sock. Is the docker daemon running?" providerName=docker
2026-07-08T03:24:40Z ERR Failed to retrieve information of the docker client and server host error="Cannot connect to the Docker daemon at unix:///var/run/docker.sock. Is the docker daemon running?" providerName=docker
2026-07-08T03:24:40Z ERR Provider error, retrying in 12.983493533s error="Cannot connect to the Docker daemon at unix:///var/run/docker.sock. Is the docker daemon running?" providerName=docker
2026-07-08T03:24:56Z ERR Failed to retrieve information of the docker client and server host error="Cannot connect to the Docker daemon at unix:///var/run/docker.sock. Is the docker daemon running?" providerName=docker
2026-07-08T03:24:56Z ERR Provider error, retrying in 728.204953ms error="Cannot connect to the Docker daemon at unix:///var/run/docker.sock. Is the docker daemon running?" providerName=docker
2026-07-08T03:24:57Z ERR Failed to retrieve information of the docker client and server host error="Cannot connect to the Docker daemon at unix:///var/run/docker.sock. Is the docker daemon running?" providerName=docker
2026-07-08T03:24:57Z ERR Provider error, retrying in 734.947037ms error="Cannot connect to the Docker daemon at unix:///var/run/docker.sock. Is the docker daemon running?" providerName=docker
2026-07-08T03:24:58Z ERR Failed to retrieve information of the docker client and server host error="Cannot connect to the Docker daemon at unix:///var/run/docker.sock. Is the docker daemon running?" providerName=docker
2026-07-08T03:24:58Z ERR Provider error, retrying in 732.792636ms error="Cannot connect to the Docker daemon at unix:///var/run/docker.sock. Is the docker daemon running?" providerName=docker
2026-07-08T03:24:58Z ERR Failed to retrieve information of the docker client and server host error="Cannot connect to the Docker daemon at unix:///var/run/docker.sock. Is the docker daemon running?" providerName=docker
2026-07-08T03:24:58Z ERR Provider error, retrying in 1.730871537s error="Cannot connect to the Docker daemon at unix:///var/run/docker.sock. Is the docker daemon running?" providerName=docker
2026-07-08T03:25:00Z ERR Failed to retrieve information of the docker client and server host error="Cannot connect to the Docker daemon at unix:///var/run/docker.sock. Is the docker daemon running?" providerName=docker
2026-07-08T03:25:00Z ERR Provider error, retrying in 2.0630905s error="Cannot connect to the Docker daemon at unix:///var/run/docker.sock. Is the docker daemon running?" providerName=docker
2026-07-08T03:25:02Z ERR Failed to retrieve information of the docker client and server host error="Cannot connect to the Docker daemon at unix:///var/run/docker.sock. Is the docker daemon running?" providerName=docker
2026-07-08T03:25:02Z ERR Provider error, retrying in 1.908863435s error="Cannot connect to the Docker daemon at unix:///var/run/docker.sock. Is the docker daemon running?" providerName=docker
2026-07-08T03:25:04Z ERR Failed to retrieve information of the docker client and server host error="Cannot connect to the Docker daemon at unix:///var/run/docker.sock. Is the docker daemon running?" providerName=docker
2026-07-08T03:25:04Z ERR Provider error, retrying in 2.917458054s error="Cannot connect to the Docker daemon at unix:///var/run/docker.sock. Is the docker daemon running?" providerName=docker
2026-07-08T03:25:07Z ERR Failed to retrieve information of the docker client and server host error="Cannot connect to the Docker daemon at unix:///var/run/docker.sock. Is the docker daemon running?" providerName=docker
2026-07-08T03:25:07Z ERR Provider error, retrying in 6.634026094s error="Cannot connect to the Docker daemon at unix:///var/run/docker.sock. Is the docker daemon running?" providerName=docker
2026-07-08T03:25:14Z ERR Failed to retrieve information of the docker client and server host error="Cannot connect to the Docker daemon at unix:///var/run/docker.sock. Is the docker daemon running?" providerName=docker
2026-07-08T03:25:14Z ERR Provider error, retrying in 17.801460005s error="Cannot connect to the Docker daemon at unix:///var/run/docker.sock. Is the docker daemon running?" providerName=docker
2026-07-08T03:25:35Z ERR Failed to retrieve information of the docker client and server host error="Cannot connect to the Docker daemon at unix:///var/run/docker.sock. Is the docker daemon running?" providerName=docker
2026-07-08T03:25:35Z ERR Provider error, retrying in 319.617528ms error="Cannot connect to the Docker daemon at unix:///var/run/docker.sock. Is the docker daemon running?" providerName=docker
2026-07-08T03:25:35Z ERR Failed to retrieve information of the docker client and server host error="Cannot connect to the Docker daemon at unix:///var/run/docker.sock. Is the docker daemon running?" providerName=docker
2026-07-08T03:25:35Z ERR Provider error, retrying in 742.381641ms error="Cannot connect to the Docker daemon at unix:///var/run/docker.sock. Is the docker daemon running?" providerName=docker
2026-07-08T03:25:36Z ERR Failed to retrieve information of the docker client and server host error="Cannot connect to the Docker daemon at unix:///var/run/docker.sock. Is the docker daemon running?" providerName=docker
2026-07-08T03:25:36Z ERR Provider error, retrying in 816.872346ms error="Cannot connect to the Docker daemon at unix:///var/run/docker.sock. Is the docker daemon running?" providerName=docker
2026-07-08T03:25:37Z ERR Failed to retrieve information of the docker client and server host error="Cannot connect to the Docker daemon at unix:///var/run/docker.sock. Is the docker daemon running?" providerName=docker
2026-07-08T03:25:37Z ERR Provider error, retrying in 1.29777028s error="Cannot connect to the Docker daemon at unix:///var/run/docker.sock. Is the docker daemon running?" providerName=docker
2026-07-08T03:25:38Z ERR Failed to retrieve information of the docker client and server host error="Cannot connect to the Docker daemon at unix:///var/run/docker.sock. Is the docker daemon running?" providerName=docker
2026-07-08T03:25:38Z ERR Provider error, retrying in 1.636450067s error="Cannot connect to the Docker daemon at unix:///var/run/docker.sock. Is the docker daemon running?" providerName=docker
2026-07-08T03:25:40Z ERR Failed to retrieve information of the docker client and server host error="Cannot connect to the Docker daemon at unix:///var/run/docker.sock. Is the docker daemon running?" providerName=docker
2026-07-08T03:25:40Z ERR Provider error, retrying in 3.186443765s error="Cannot connect to the Docker daemon at unix:///var/run/docker.sock. Is the docker daemon running?" providerName=docker
2026-07-08T03:25:43Z ERR Failed to retrieve information of the docker client and server host error="Cannot connect to the Docker daemon at unix:///var/run/docker.sock. Is the docker daemon running?" providerName=docker
2026-07-08T03:25:43Z ERR Provider error, retrying in 4.49690278s error="Cannot connect to the Docker daemon at unix:///var/run/docker.sock. Is the docker daemon running?" providerName=docker
2026-07-08T03:25:47Z ERR Failed to retrieve information of the docker client and server host error="Cannot connect to the Docker daemon at unix:///var/run/docker.sock. Is the docker daemon running?" providerName=docker
2026-07-08T03:25:47Z ERR Provider error, retrying in 7.622104794s error="Cannot connect to the Docker daemon at unix:///var/run/docker.sock. Is the docker daemon running?" providerName=docker
2026-07-08T03:25:59Z ERR Failed to retrieve information of the docker client and server host error="Cannot connect to the Docker daemon at unix:///var/run/docker.sock. Is the docker daemon running?" providerName=docker
2026-07-08T03:25:59Z ERR Provider error, retrying in 6.90885169s error="Cannot connect to the Docker daemon at unix:///var/run/docker.sock. Is the docker daemon running?" providerName=docker
2026-07-08T03:26:06Z ERR Failed to retrieve information of the docker client and server host error="Cannot connect to the Docker daemon at unix:///var/run/docker.sock. Is the docker daemon running?" providerName=docker
2026-07-08T03:26:06Z ERR Provider error, retrying in 26.493599463s error="Cannot connect to the Docker daemon at unix:///var/run/docker.sock. Is the docker daemon running?" providerName=docker
2026-07-08T03:26:36Z ERR Failed to retrieve information of the docker client and server host error="Cannot connect to the Docker daemon at unix:///var/run/docker.sock. Is the docker daemon running?" providerName=docker
2026-07-08T03:26:36Z ERR Provider error, retrying in 411.745299ms error="Cannot connect to the Docker daemon at unix:///var/run/docker.sock. Is the docker daemon running?" providerName=docker
2026-07-08T03:26:36Z ERR Failed to retrieve information of the docker client and server host error="Cannot connect to the Docker daemon at unix:///var/run/docker.sock. Is the docker daemon running?" providerName=docker
2026-07-08T03:26:36Z ERR Provider error, retrying in 658.467558ms error="Cannot connect to the Docker daemon at unix:///var/run/docker.sock. Is the docker daemon running?" providerName=docker
2026-07-08T03:26:37Z ERR Failed to retrieve information of the docker client and server host error="Cannot connect to the Docker daemon at unix:///var/run/docker.sock. Is the docker daemon running?" providerName=docker
2026-07-08T03:26:37Z ERR Provider error, retrying in 767.103478ms error="Cannot connect to the Docker daemon at unix:///var/run/docker.sock. Is the docker daemon running?" providerName=docker
2026-07-08T03:26:38Z ERR Failed to retrieve information of the docker client and server host error="Cannot connect to the Docker daemon at unix:///var/run/docker.sock. Is the docker daemon running?" providerName=docker
2026-07-08T03:26:38Z ERR Provider error, retrying in 2.302523883s error="Cannot connect to the Docker daemon at unix:///var/run/docker.sock. Is the docker daemon running?" providerName=docker
2026-07-08T03:26:40Z ERR Failed to retrieve information of the docker client and server host error="Cannot connect to the Docker daemon at unix:///var/run/docker.sock. Is the docker daemon running?" providerName=docker
2026-07-08T03:26:40Z ERR Provider error, retrying in 3.404911291s error="Cannot connect to the Docker daemon at unix:///var/run/docker.sock. Is the docker daemon running?" providerName=docker
2026-07-08T03:26:43Z ERR Failed to retrieve information of the docker client and server host error="Cannot connect to the Docker daemon at unix:///var/run/docker.sock. Is the docker daemon running?" providerName=docker
2026-07-08T03:26:43Z ERR Provider error, retrying in 4.341194959s error="Cannot connect to the Docker daemon at unix:///var/run/docker.sock. Is the docker daemon running?" providerName=docker
2026-07-08T03:26:48Z ERR Failed to retrieve information of the docker client and server host error="Cannot connect to the Docker daemon at unix:///var/run/docker.sock. Is the docker daemon running?" providerName=docker
2026-07-08T03:26:48Z ERR Provider error, retrying in 3.877562201s error="Cannot connect to the Docker daemon at unix:///var/run/docker.sock. Is the docker daemon running?" providerName=docker
2026-07-08T03:26:51Z ERR Failed to retrieve information of the docker client and server host error="Cannot connect to the Docker daemon at unix:///var/run/docker.sock. Is the docker daemon running?" providerName=docker
2026-07-08T03:26:51Z ERR Provider error, retrying in 4.802708561s error="Cannot connect to the Docker daemon at unix:///var/run/docker.sock. Is the docker daemon running?" providerName=docker
2026-07-08T03:26:56Z ERR Failed to retrieve information of the docker client and server host error="Cannot connect to the Docker daemon at unix:///var/run/docker.sock. Is the docker daemon running?" providerName=docker
2026-07-08T03:26:56Z ERR Provider error, retrying in 8.478813193s error="Cannot connect to the Docker daemon at unix:///var/run/docker.sock. Is the docker daemon running?" providerName=docker
2026-07-08T03:27:05Z ERR Failed to retrieve information of the docker client and server host error="Cannot connect to the Docker daemon at unix:///var/run/docker.sock. Is the docker daemon running?" providerName=docker
2026-07-08T03:27:05Z ERR Provider error, retrying in 20.14328268s error="Cannot connect to the Docker daemon at unix:///var/run/docker.sock. Is the docker daemon running?" providerName=docker
2026-07-08T03:27:28Z ERR Failed to retrieve information of the docker client and server host error="Cannot connect to the Docker daemon at unix:///var/run/docker.sock. Is the docker daemon running?" providerName=docker
2026-07-08T03:27:28Z ERR Provider error, retrying in 435.161549ms error="Cannot connect to the Docker daemon at unix:///var/run/docker.sock. Is the docker daemon running?" providerName=docker
2026-07-08T03:27:29Z ERR Failed to retrieve information of the docker client and server host error="Cannot connect to the Docker daemon at unix:///var/run/docker.sock. Is the docker daemon running?" providerName=docker
2026-07-08T03:27:29Z ERR Provider error, retrying in 884.557225ms error="Cannot connect to the Docker daemon at unix:///var/run/docker.sock. Is the docker daemon running?" providerName=docker
2026-07-08T03:27:30Z ERR Failed to retrieve information of the docker client and server host error="Cannot connect to the Docker daemon at unix:///var/run/docker.sock. Is the docker daemon running?" providerName=docker
2026-07-08T03:27:30Z ERR Provider error, retrying in 1.349742051s error="Cannot connect to the Docker daemon at unix:///var/run/docker.sock. Is the docker daemon running?" providerName=docker
2026-07-08T03:27:31Z ERR Failed to retrieve information of the docker client and server host error="Cannot connect to the Docker daemon at unix:///var/run/docker.sock. Is the docker daemon running?" providerName=docker
2026-07-08T03:27:31Z ERR Provider error, retrying in 2.11663827s error="Cannot connect to the Docker daemon at unix:///var/run/docker.sock. Is the docker daemon running?" providerName=docker
2026-07-08T03:27:33Z ERR Failed to retrieve information of the docker client and server host error="Cannot connect to the Docker daemon at unix:///var/run/docker.sock. Is the docker daemon running?" providerName=docker
2026-07-08T03:27:33Z ERR Provider error, retrying in 1.412120092s error="Cannot connect to the Docker daemon at unix:///var/run/docker.sock. Is the docker daemon running?" providerName=docker
2026-07-08T03:27:35Z ERR Failed to retrieve information of the docker client and server host error="Cannot connect to the Docker daemon at unix:///var/run/docker.sock. Is the docker daemon running?" providerName=docker
2026-07-08T03:27:35Z ERR Provider error, retrying in 2.413296268s error="Cannot connect to the Docker daemon at unix:///var/run/docker.sock. Is the docker daemon running?" providerName=docker
2026-07-08T03:27:37Z ERR Failed to retrieve information of the docker client and server host error="Cannot connect to the Docker daemon at unix:///var/run/docker.sock. Is the docker daemon running?" providerName=docker
2026-07-08T03:27:37Z ERR Provider error, retrying in 7.859736394s error="Cannot connect to the Docker daemon at unix:///var/run/docker.sock. Is the docker daemon running?" providerName=docker
2026-07-08T03:27:49Z ERR Failed to retrieve information of the docker client and server host error="Cannot connect to the Docker daemon at unix:///var/run/docker.sock. Is the docker daemon running?" providerName=docker
2026-07-08T03:27:49Z ERR Provider error, retrying in 8.166977383s error="Cannot connect to the Docker daemon at unix:///var/run/docker.sock. Is the docker daemon running?" providerName=docker
2026-07-08T03:27:57Z ERR Failed to retrieve information of the docker client and server host error="Cannot connect to the Docker daemon at unix:///var/run/docker.sock. Is the docker daemon running?" providerName=docker
2026-07-08T03:27:57Z ERR Provider error, retrying in 14.526960445s error="Cannot connect to the Docker daemon at unix:///var/run/docker.sock. Is the docker daemon running?" providerName=docker
2026-07-08T03:28:11Z ERR Failed to retrieve information of the docker client and server host error="Cannot connect to the Docker daemon at unix:///var/run/docker.sock. Is the docker daemon running?" providerName=docker
2026-07-08T03:28:11Z ERR Provider error, retrying in 736.814009ms error="Cannot connect to the Docker daemon at unix:///var/run/docker.sock. Is the docker daemon running?" providerName=docker
2026-07-08T03:28:12Z ERR Failed to retrieve information of the docker client and server host error="Cannot connect to the Docker daemon at unix:///var/run/docker.sock. Is the docker daemon running?" providerName=docker
2026-07-08T03:28:12Z ERR Provider error, retrying in 781.025221ms error="Cannot connect to the Docker daemon at unix:///var/run/docker.sock. Is the docker daemon running?" providerName=docker
2026-07-08T03:28:13Z ERR Failed to retrieve information of the docker client and server host error="Cannot connect to the Docker daemon at unix:///var/run/docker.sock. Is the docker daemon running?" providerName=docker
2026-07-08T03:28:13Z ERR Provider error, retrying in 1.095735962s error="Cannot connect to the Docker daemon at unix:///var/run/docker.sock. Is the docker daemon running?" providerName=docker
2026-07-08T03:28:14Z ERR Failed to retrieve information of the docker client and server host error="Cannot connect to the Docker daemon at unix:///var/run/docker.sock. Is the docker daemon running?" providerName=docker
2026-07-08T03:28:14Z ERR Provider error, retrying in 2.467156314s error="Cannot connect to the Docker daemon at unix:///var/run/docker.sock. Is the docker daemon running?" providerName=docker
2026-07-08T03:28:16Z ERR Failed to retrieve information of the docker client and server host error="Cannot connect to the Docker daemon at unix:///var/run/docker.sock. Is the docker daemon running?" providerName=docker
2026-07-08T03:28:16Z ERR Provider error, retrying in 3.722276618s error="Cannot connect to the Docker daemon at unix:///var/run/docker.sock. Is the docker daemon running?" providerName=docker
2026-07-08T03:28:24Z ERR Failed to retrieve information of the docker client and server host error="Cannot connect to the Docker daemon at unix:///var/run/docker.sock. Is the docker daemon running?" providerName=docker
2026-07-08T03:28:24Z ERR Provider error, retrying in 3.153013529s error="Cannot connect to the Docker daemon at unix:///var/run/docker.sock. Is the docker daemon running?" providerName=docker
2026-07-08T03:28:27Z ERR Failed to retrieve information of the docker client and server host error="Cannot connect to the Docker daemon at unix:///var/run/docker.sock. Is the docker daemon running?" providerName=docker
2026-07-08T03:28:27Z ERR Provider error, retrying in 8.336105418s error="Cannot connect to the Docker daemon at unix:///var/run/docker.sock. Is the docker daemon running?" providerName=docker
2026-07-08T03:28:35Z ERR Failed to retrieve information of the docker client and server host error="Cannot connect to the Docker daemon at unix:///var/run/docker.sock. Is the docker daemon running?" providerName=docker
2026-07-08T03:28:35Z ERR Provider error, retrying in 10.362915617s error="Cannot connect to the Docker daemon at unix:///var/run/docker.sock. Is the docker daemon running?" providerName=docker
2026-07-08T03:28:45Z ERR Failed to retrieve information of the docker client and server host error="Cannot connect to the Docker daemon at unix:///var/run/docker.sock. Is the docker daemon running?" providerName=docker
2026-07-08T03:28:45Z ERR Provider error, retrying in 656.872089ms error="Cannot connect to the Docker daemon at unix:///var/run/docker.sock. Is the docker daemon running?" providerName=docker
2026-07-08T03:28:46Z ERR Failed to retrieve information of the docker client and server host error="Cannot connect to the Docker daemon at unix:///var/run/docker.sock. Is the docker daemon running?" providerName=docker
2026-07-08T03:28:46Z ERR Provider error, retrying in 1.038229633s error="Cannot connect to the Docker daemon at unix:///var/run/docker.sock. Is the docker daemon running?" providerName=docker
2026-07-08T03:28:47Z ERR Failed to retrieve information of the docker client and server host error="Cannot connect to the Docker daemon at unix:///var/run/docker.sock. Is the docker daemon running?" providerName=docker
2026-07-08T03:28:47Z ERR Provider error, retrying in 565.005351ms error="Cannot connect to the Docker daemon at unix:///var/run/docker.sock. Is the docker daemon running?" providerName=docker
2026-07-08T03:28:48Z ERR Failed to retrieve information of the docker client and server host error="Cannot connect to the Docker daemon at unix:///var/run/docker.sock. Is the docker daemon running?" providerName=docker
2026-07-08T03:28:48Z ERR Provider error, retrying in 1.210685041s error="Cannot connect to the Docker daemon at unix:///var/run/docker.sock. Is the docker daemon running?" providerName=docker
2026-07-08T03:28:49Z ERR Failed to retrieve information of the docker client and server host error="Cannot connect to the Docker daemon at unix:///var/run/docker.sock. Is the docker daemon running?" providerName=docker
2026-07-08T03:28:49Z ERR Provider error, retrying in 2.408824378s error="Cannot connect to the Docker daemon at unix:///var/run/docker.sock. Is the docker daemon running?" providerName=docker
2026-07-08T03:28:51Z ERR Failed to retrieve information of the docker client and server host error="Cannot connect to the Docker daemon at unix:///var/run/docker.sock. Is the docker daemon running?" providerName=docker
2026-07-08T03:28:51Z ERR Provider error, retrying in 4.777079026s error="Cannot connect to the Docker daemon at unix:///var/run/docker.sock. Is the docker daemon running?" providerName=docker
2026-07-08T03:29:00Z ERR Failed to retrieve information of the docker client and server host error="Cannot connect to the Docker daemon at unix:///var/run/docker.sock. Is the docker daemon running?" providerName=docker
2026-07-08T03:29:00Z ERR Provider error, retrying in 5.367889395s error="Cannot connect to the Docker daemon at unix:///var/run/docker.sock. Is the docker daemon running?" providerName=docker
2026-07-08T03:29:05Z ERR Failed to retrieve information of the docker client and server host error="Cannot connect to the Docker daemon at unix:///var/run/docker.sock. Is the docker daemon running?" providerName=docker
2026-07-08T03:29:05Z ERR Provider error, retrying in 12.563340272s error="Cannot connect to the Docker daemon at unix:///var/run/docker.sock. Is the docker daemon running?" providerName=docker
2026-07-08T03:36:31Z ERR Failed to retrieve information of the docker client and server host error="Cannot connect to the Docker daemon at unix:///var/run/docker.sock. Is the docker daemon running?" providerName=docker
2026-07-08T03:36:31Z ERR Provider error, retrying in 13.551881329s error="Cannot connect to the Docker daemon at unix:///var/run/docker.sock. Is the docker daemon running?" providerName=docker
2026-07-08T03:36:44Z ERR Failed to retrieve information of the docker client and server host error="Cannot connect to the Docker daemon at unix:///var/run/docker.sock. Is the docker daemon running?" providerName=docker
2026-07-08T03:36:44Z ERR Provider error, retrying in 652.61139ms error="Cannot connect to the Docker daemon at unix:///var/run/docker.sock. Is the docker daemon running?" providerName=docker
2026-07-08T03:36:45Z ERR Failed to retrieve information of the docker client and server host error="Cannot connect to the Docker daemon at unix:///var/run/docker.sock. Is the docker daemon running?" providerName=docker
2026-07-08T03:36:45Z ERR Provider error, retrying in 569.135398ms error="Cannot connect to the Docker daemon at unix:///var/run/docker.sock. Is the docker daemon running?" providerName=docker
2026-07-08T03:36:45Z ERR Failed to retrieve information of the docker client and server host error="Cannot connect to the Docker daemon at unix:///var/run/docker.sock. Is the docker daemon running?" providerName=docker
2026-07-08T03:36:45Z ERR Provider error, retrying in 881.653718ms error="Cannot connect to the Docker daemon at unix:///var/run/docker.sock. Is the docker daemon running?" providerName=docker
2026-07-08T03:36:46Z ERR Failed to retrieve information of the docker client and server host error="Cannot connect to the Docker daemon at unix:///var/run/docker.sock. Is the docker daemon running?" providerName=docker
2026-07-08T03:36:46Z ERR Provider error, retrying in 1.03638027s error="Cannot connect to the Docker daemon at unix:///var/run/docker.sock. Is the docker daemon running?" providerName=docker
2026-07-08T03:36:47Z ERR Failed to retrieve information of the docker client and server host error="Cannot connect to the Docker daemon at unix:///var/run/docker.sock. Is the docker daemon running?" providerName=docker
2026-07-08T03:36:47Z ERR Provider error, retrying in 2.183900824s error="Cannot connect to the Docker daemon at unix:///var/run/docker.sock. Is the docker daemon running?" providerName=docker
2026-07-08T03:36:50Z ERR Failed to retrieve information of the docker client and server host error="Cannot connect to the Docker daemon at unix:///var/run/docker.sock. Is the docker daemon running?" providerName=docker
2026-07-08T03:36:50Z ERR Provider error, retrying in 2.177303127s error="Cannot connect to the Docker daemon at unix:///var/run/docker.sock. Is the docker daemon running?" providerName=docker
2026-07-08T03:36:52Z ERR Failed to retrieve information of the docker client and server host error="Cannot connect to the Docker daemon at unix:///var/run/docker.sock. Is the docker daemon running?" providerName=docker
2026-07-08T03:36:52Z ERR Provider error, retrying in 6.149565673s error="Cannot connect to the Docker daemon at unix:///var/run/docker.sock. Is the docker daemon running?" providerName=docker
2026-07-08T03:37:01Z ERR Failed to retrieve information of the docker client and server host error="Cannot connect to the Docker daemon at unix:///var/run/docker.sock. Is the docker daemon running?" providerName=docker
2026-07-08T03:37:01Z ERR Provider error, retrying in 10.551780905s error="Cannot connect to the Docker daemon at unix:///var/run/docker.sock. Is the docker daemon running?" providerName=docker
2026-07-08T03:37:11Z ERR Failed to retrieve information of the docker client and server host error="Cannot connect to the Docker daemon at unix:///var/run/docker.sock. Is the docker daemon running?" providerName=docker
2026-07-08T03:37:11Z ERR Provider error, retrying in 15.563425194s error="Cannot connect to the Docker daemon at unix:///var/run/docker.sock. Is the docker daemon running?" providerName=docker
2026-07-08T03:37:27Z ERR Failed to retrieve information of the docker client and server host error="Cannot connect to the Docker daemon at unix:///var/run/docker.sock. Is the docker daemon running?" providerName=docker
2026-07-08T03:37:27Z ERR Provider error, retrying in 390.73851ms error="Cannot connect to the Docker daemon at unix:///var/run/docker.sock. Is the docker daemon running?" providerName=docker
2026-07-08T03:37:27Z ERR Failed to retrieve information of the docker client and server host error="Cannot connect to the Docker daemon at unix:///var/run/docker.sock. Is the docker daemon running?" providerName=docker
2026-07-08T03:37:27Z ERR Provider error, retrying in 579.02174ms error="Cannot connect to the Docker daemon at unix:///var/run/docker.sock. Is the docker daemon running?" providerName=docker
2026-07-08T03:37:28Z ERR Failed to retrieve information of the docker client and server host error="Cannot connect to the Docker daemon at unix:///var/run/docker.sock. Is the docker daemon running?" providerName=docker
2026-07-08T03:37:28Z ERR Provider error, retrying in 1.460407683s error="Cannot connect to the Docker daemon at unix:///var/run/docker.sock. Is the docker daemon running?" providerName=docker
2026-07-08T03:37:29Z ERR Failed to retrieve information of the docker client and server host error="Cannot connect to the Docker daemon at unix:///var/run/docker.sock. Is the docker daemon running?" providerName=docker
2026-07-08T03:37:29Z ERR Provider error, retrying in 2.144102237s error="Cannot connect to the Docker daemon at unix:///var/run/docker.sock. Is the docker daemon running?" providerName=docker
2026-07-08T03:37:35Z ERR Failed to retrieve information of the docker client and server host error="Cannot connect to the Docker daemon at unix:///var/run/docker.sock. Is the docker daemon running?" providerName=docker
2026-07-08T03:37:35Z ERR Provider error, retrying in 2.959330275s error="Cannot connect to the Docker daemon at unix:///var/run/docker.sock. Is the docker daemon running?" providerName=docker
2026-07-08T03:37:38Z ERR Failed to retrieve information of the docker client and server host error="Cannot connect to the Docker daemon at unix:///var/run/docker.sock. Is the docker daemon running?" providerName=docker
2026-07-08T03:37:38Z ERR Provider error, retrying in 3.501725769s error="Cannot connect to the Docker daemon at unix:///var/run/docker.sock. Is the docker daemon running?" providerName=docker
2026-07-08T03:37:41Z ERR Failed to retrieve information of the docker client and server host error="Cannot connect to the Docker daemon at unix:///var/run/docker.sock. Is the docker daemon running?" providerName=docker
2026-07-08T03:37:41Z ERR Provider error, retrying in 5.152533888s error="Cannot connect to the Docker daemon at unix:///var/run/docker.sock. Is the docker daemon running?" providerName=docker
2026-07-08T03:37:46Z ERR Failed to retrieve information of the docker client and server host error="Cannot connect to the Docker daemon at unix:///var/run/docker.sock. Is the docker daemon running?" providerName=docker
2026-07-08T03:37:46Z ERR Provider error, retrying in 6.883503068s error="Cannot connect to the Docker daemon at unix:///var/run/docker.sock. Is the docker daemon running?" providerName=docker
2026-07-08T03:37:53Z ERR Failed to retrieve information of the docker client and server host error="Cannot connect to the Docker daemon at unix:///var/run/docker.sock. Is the docker daemon running?" providerName=docker
2026-07-08T03:37:53Z ERR Provider error, retrying in 15.749503543s error="Cannot connect to the Docker daemon at unix:///var/run/docker.sock. Is the docker daemon running?" providerName=docker
2026-07-08T03:38:12Z ERR Failed to retrieve information of the docker client and server host error="Cannot connect to the Docker daemon at unix:///var/run/docker.sock. Is the docker daemon running?" providerName=docker
2026-07-08T03:38:12Z ERR Provider error, retrying in 357.445956ms error="Cannot connect to the Docker daemon at unix:///var/run/docker.sock. Is the docker daemon running?" providerName=docker
2026-07-08T03:38:13Z ERR Failed to retrieve information of the docker client and server host error="Cannot connect to the Docker daemon at unix:///var/run/docker.sock. Is the docker daemon running?" providerName=docker
2026-07-08T03:38:13Z ERR Provider error, retrying in 681.154708ms error="Cannot connect to the Docker daemon at unix:///var/run/docker.sock. Is the docker daemon running?" providerName=docker
2026-07-08T03:38:13Z ERR Failed to retrieve information of the docker client and server host error="Cannot connect to the Docker daemon at unix:///var/run/docker.sock. Is the docker daemon running?" providerName=docker
2026-07-08T03:38:13Z ERR Provider error, retrying in 818.531813ms error="Cannot connect to the Docker daemon at unix:///var/run/docker.sock. Is the docker daemon running?" providerName=docker
2026-07-08T03:38:14Z ERR Failed to retrieve information of the docker client and server host error="Cannot connect to the Docker daemon at unix:///var/run/docker.sock. Is the docker daemon running?" providerName=docker
2026-07-08T03:38:14Z ERR Provider error, retrying in 1.909940594s error="Cannot connect to the Docker daemon at unix:///var/run/docker.sock. Is the docker daemon running?" providerName=docker
2026-07-08T03:38:16Z ERR Failed to retrieve information of the docker client and server host error="Cannot connect to the Docker daemon at unix:///var/run/docker.sock. Is the docker daemon running?" providerName=docker
2026-07-08T03:38:16Z ERR Provider error, retrying in 2.267613557s error="Cannot connect to the Docker daemon at unix:///var/run/docker.sock. Is the docker daemon running?" providerName=docker
2026-07-08T03:38:18Z ERR Failed to retrieve information of the docker client and server host error="Cannot connect to the Docker daemon at unix:///var/run/docker.sock. Is the docker daemon running?" providerName=docker
2026-07-08T03:38:18Z ERR Provider error, retrying in 4.703148089s error="Cannot connect to the Docker daemon at unix:///var/run/docker.sock. Is the docker daemon running?" providerName=docker
2026-07-08T03:38:23Z ERR Failed to retrieve information of the docker client and server host error="Cannot connect to the Docker daemon at unix:///var/run/docker.sock. Is the docker daemon running?" providerName=docker
2026-07-08T03:38:23Z ERR Provider error, retrying in 7.438242911s error="Cannot connect to the Docker daemon at unix:///var/run/docker.sock. Is the docker daemon running?" providerName=docker
2026-07-08T03:38:30Z ERR Failed to retrieve information of the docker client and server host error="Cannot connect to the Docker daemon at unix:///var/run/docker.sock. Is the docker daemon running?" providerName=docker
2026-07-08T03:38:30Z ERR Provider error, retrying in 9.087639052s error="Cannot connect to the Docker daemon at unix:///var/run/docker.sock. Is the docker daemon running?" providerName=docker
2026-07-08T03:38:40Z ERR Failed to retrieve information of the docker client and server host error="Cannot connect to the Docker daemon at unix:///var/run/docker.sock. Is the docker daemon running?" providerName=docker
2026-07-08T03:38:40Z ERR Provider error, retrying in 15.696950315s error="Cannot connect to the Docker daemon at unix:///var/run/docker.sock. Is the docker daemon running?" providerName=docker
2026-07-08T03:38:59Z ERR Failed to retrieve information of the docker client and server host error="Cannot connect to the Docker daemon at unix:///var/run/docker.sock. Is the docker daemon running?" providerName=docker
2026-07-08T03:38:59Z ERR Provider error, retrying in 511.348437ms error="Cannot connect to the Docker daemon at unix:///var/run/docker.sock. Is the docker daemon running?" providerName=docker
2026-07-08T03:38:59Z ERR Failed to retrieve information of the docker client and server host error="Cannot connect to the Docker daemon at unix:///var/run/docker.sock. Is the docker daemon running?" providerName=docker
2026-07-08T03:38:59Z ERR Provider error, retrying in 657.139555ms error="Cannot connect to the Docker daemon at unix:///var/run/docker.sock. Is the docker daemon running?" providerName=docker
2026-07-08T03:39:00Z ERR Failed to retrieve information of the docker client and server host error="Cannot connect to the Docker daemon at unix:///var/run/docker.sock. Is the docker daemon running?" providerName=docker
2026-07-08T03:39:00Z ERR Provider error, retrying in 1.451247164s error="Cannot connect to the Docker daemon at unix:///var/run/docker.sock. Is the docker daemon running?" providerName=docker
2026-07-08T03:39:01Z ERR Failed to retrieve information of the docker client and server host error="Cannot connect to the Docker daemon at unix:///var/run/docker.sock. Is the docker daemon running?" providerName=docker
2026-07-08T03:39:01Z ERR Provider error, retrying in 1.459046969s error="Cannot connect to the Docker daemon at unix:///var/run/docker.sock. Is the docker daemon running?" providerName=docker
2026-07-08T03:39:03Z ERR Failed to retrieve information of the docker client and server host error="Cannot connect to the Docker daemon at unix:///var/run/docker.sock. Is the docker daemon running?" providerName=docker
2026-07-08T03:39:03Z ERR Provider error, retrying in 2.211599594s error="Cannot connect to the Docker daemon at unix:///var/run/docker.sock. Is the docker daemon running?" providerName=docker
2026-07-08T03:39:05Z ERR Failed to retrieve information of the docker client and server host error="Cannot connect to the Docker daemon at unix:///var/run/docker.sock. Is the docker daemon running?" providerName=docker
2026-07-08T03:39:05Z ERR Provider error, retrying in 4.498906571s error="Cannot connect to the Docker daemon at unix:///var/run/docker.sock. Is the docker daemon running?" providerName=docker
2026-07-08T03:39:10Z ERR Failed to retrieve information of the docker client and server host error="Cannot connect to the Docker daemon at unix:///var/run/docker.sock. Is the docker daemon running?" providerName=docker
2026-07-08T03:39:10Z ERR Provider error, retrying in 5.998153596s error="Cannot connect to the Docker daemon at unix:///var/run/docker.sock. Is the docker daemon running?" providerName=docker
2026-07-08T03:39:16Z ERR Failed to retrieve information of the docker client and server host error="Cannot connect to the Docker daemon at unix:///var/run/docker.sock. Is the docker daemon running?" providerName=docker
2026-07-08T03:39:16Z ERR Provider error, retrying in 7.346127736s error="Cannot connect to the Docker daemon at unix:///var/run/docker.sock. Is the docker daemon running?" providerName=docker
2026-07-08T03:39:27Z ERR Failed to retrieve information of the docker client and server host error="Cannot connect to the Docker daemon at unix:///var/run/docker.sock. Is the docker daemon running?" providerName=docker
2026-07-08T03:39:27Z ERR Provider error, retrying in 17.78197596s error="Cannot connect to the Docker daemon at unix:///var/run/docker.sock. Is the docker daemon running?" providerName=docker
2026-07-08T03:39:44Z ERR Failed to retrieve information of the docker client and server host error="Cannot connect to the Docker daemon at unix:///var/run/docker.sock. Is the docker daemon running?" providerName=docker
2026-07-08T03:39:44Z ERR Provider error, retrying in 487.474452ms error="Cannot connect to the Docker daemon at unix:///var/run/docker.sock. Is the docker daemon running?" providerName=docker
2026-07-08T03:39:45Z ERR Failed to retrieve information of the docker client and server host error="Cannot connect to the Docker daemon at unix:///var/run/docker.sock. Is the docker daemon running?" providerName=docker
2026-07-08T03:39:45Z ERR Provider error, retrying in 1.109602639s error="Cannot connect to the Docker daemon at unix:///var/run/docker.sock. Is the docker daemon running?" providerName=docker
2026-07-08T03:39:46Z ERR Failed to retrieve information of the docker client and server host error="Cannot connect to the Docker daemon at unix:///var/run/docker.sock. Is the docker daemon running?" providerName=docker
2026-07-08T03:39:46Z ERR Provider error, retrying in 1.59394866s error="Cannot connect to the Docker daemon at unix:///var/run/docker.sock. Is the docker daemon running?" providerName=docker
2026-07-08T03:39:48Z ERR Failed to retrieve information of the docker client and server host error="Cannot connect to the Docker daemon at unix:///var/run/docker.sock. Is the docker daemon running?" providerName=docker
2026-07-08T03:39:48Z ERR Provider error, retrying in 975.840783ms error="Cannot connect to the Docker daemon at unix:///var/run/docker.sock. Is the docker daemon running?" providerName=docker
2026-07-08T03:39:49Z ERR Failed to retrieve information of the docker client and server host error="Cannot connect to the Docker daemon at unix:///var/run/docker.sock. Is the docker daemon running?" providerName=docker
2026-07-08T03:39:49Z ERR Provider error, retrying in 2.553857784s error="Cannot connect to the Docker daemon at unix:///var/run/docker.sock. Is the docker daemon running?" providerName=docker
2026-07-08T03:39:51Z ERR Failed to retrieve information of the docker client and server host error="Cannot connect to the Docker daemon at unix:///var/run/docker.sock. Is the docker daemon running?" providerName=docker
2026-07-08T03:39:51Z ERR Provider error, retrying in 1.953367892s error="Cannot connect to the Docker daemon at unix:///var/run/docker.sock. Is the docker daemon running?" providerName=docker
2026-07-08T03:39:53Z ERR Failed to retrieve information of the docker client and server host error="Cannot connect to the Docker daemon at unix:///var/run/docker.sock. Is the docker daemon running?" providerName=docker
2026-07-08T03:39:53Z ERR Provider error, retrying in 4.712495934s error="Cannot connect to the Docker daemon at unix:///var/run/docker.sock. Is the docker daemon running?" providerName=docker
2026-07-08T03:40:01Z ERR Failed to retrieve information of the docker client and server host error="Cannot connect to the Docker daemon at unix:///var/run/docker.sock. Is the docker daemon running?" providerName=docker
2026-07-08T03:40:01Z ERR Provider error, retrying in 9.956934129s error="Cannot connect to the Docker daemon at unix:///var/run/docker.sock. Is the docker daemon running?" providerName=docker
2026-07-08T03:40:11Z ERR Failed to retrieve information of the docker client and server host error="Cannot connect to the Docker daemon at unix:///var/run/docker.sock. Is the docker daemon running?" providerName=docker
2026-07-08T03:40:11Z ERR Provider error, retrying in 11.36410414s error="Cannot connect to the Docker daemon at unix:///var/run/docker.sock. Is the docker daemon running?" providerName=docker
2026-07-08T03:40:23Z ERR Failed to retrieve information of the docker client and server host error="Cannot connect to the Docker daemon at unix:///var/run/docker.sock. Is the docker daemon running?" providerName=docker
2026-07-08T03:40:23Z ERR Provider error, retrying in 300.952442ms error="Cannot connect to the Docker daemon at unix:///var/run/docker.sock. Is the docker daemon running?" providerName=docker
2026-07-08T03:40:23Z ERR Failed to retrieve information of the docker client and server host error="Cannot connect to the Docker daemon at unix:///var/run/docker.sock. Is the docker daemon running?" providerName=docker
2026-07-08T03:40:23Z ERR Provider error, retrying in 1.061232266s error="Cannot connect to the Docker daemon at unix:///var/run/docker.sock. Is the docker daemon running?" providerName=docker
2026-07-08T03:40:24Z ERR Failed to retrieve information of the docker client and server host error="Cannot connect to the Docker daemon at unix:///var/run/docker.sock. Is the docker daemon running?" providerName=docker
2026-07-08T03:40:24Z ERR Provider error, retrying in 1.528345711s error="Cannot connect to the Docker daemon at unix:///var/run/docker.sock. Is the docker daemon running?" providerName=docker
2026-07-08T03:40:26Z ERR Failed to retrieve information of the docker client and server host error="Cannot connect to the Docker daemon at unix:///var/run/docker.sock. Is the docker daemon running?" providerName=docker
2026-07-08T03:40:26Z ERR Provider error, retrying in 1.087458991s error="Cannot connect to the Docker daemon at unix:///var/run/docker.sock. Is the docker daemon running?" providerName=docker
2026-07-08T03:40:27Z ERR Failed to retrieve information of the docker client and server host error="Cannot connect to the Docker daemon at unix:///var/run/docker.sock. Is the docker daemon running?" providerName=docker
2026-07-08T03:40:27Z ERR Provider error, retrying in 3.756584284s error="Cannot connect to the Docker daemon at unix:///var/run/docker.sock. Is the docker daemon running?" providerName=docker
2026-07-08T03:40:34Z ERR Failed to retrieve information of the docker client and server host error="Cannot connect to the Docker daemon at unix:///var/run/docker.sock. Is the docker daemon running?" providerName=docker
2026-07-08T03:40:34Z ERR Provider error, retrying in 3.80229806s error="Cannot connect to the Docker daemon at unix:///var/run/docker.sock. Is the docker daemon running?" providerName=docker
2026-07-08T03:40:38Z ERR Failed to retrieve information of the docker client and server host error="Cannot connect to the Docker daemon at unix:///var/run/docker.sock. Is the docker daemon running?" providerName=docker
2026-07-08T03:40:38Z ERR Provider error, retrying in 3.21265249s error="Cannot connect to the Docker daemon at unix:///var/run/docker.sock. Is the docker daemon running?" providerName=docker
2026-07-08T03:40:41Z ERR Failed to retrieve information of the docker client and server host error="Cannot connect to the Docker daemon at unix:///var/run/docker.sock. Is the docker daemon running?" providerName=docker
2026-07-08T03:40:41Z ERR Provider error, retrying in 4.799944429s error="Cannot connect to the Docker daemon at unix:///var/run/docker.sock. Is the docker daemon running?" providerName=docker
2026-07-08T03:40:46Z ERR Failed to retrieve information of the docker client and server host error="Cannot connect to the Docker daemon at unix:///var/run/docker.sock. Is the docker daemon running?" providerName=docker
2026-07-08T03:40:46Z ERR Provider error, retrying in 9.238524814s error="Cannot connect to the Docker daemon at unix:///var/run/docker.sock. Is the docker daemon running?" providerName=docker
2026-07-08T03:40:55Z ERR Failed to retrieve information of the docker client and server host error="Cannot connect to the Docker daemon at unix:///var/run/docker.sock. Is the docker daemon running?" providerName=docker
2026-07-08T03:40:55Z ERR Provider error, retrying in 10.42402483s error="Cannot connect to the Docker daemon at unix:///var/run/docker.sock. Is the docker daemon running?" providerName=docker
2026-07-08T03:41:05Z ERR Failed to retrieve information of the docker client and server host error="Cannot connect to the Docker daemon at unix:///var/run/docker.sock. Is the docker daemon running?" providerName=docker
2026-07-08T03:41:05Z ERR Provider error, retrying in 255.812655ms error="Cannot connect to the Docker daemon at unix:///var/run/docker.sock. Is the docker daemon running?" providerName=docker
2026-07-08T03:41:06Z ERR Failed to retrieve information of the docker client and server host error="Cannot connect to the Docker daemon at unix:///var/run/docker.sock. Is the docker daemon running?" providerName=docker
2026-07-08T03:41:06Z ERR Provider error, retrying in 799.38026ms error="Cannot connect to the Docker daemon at unix:///var/run/docker.sock. Is the docker daemon running?" providerName=docker
2026-07-08T03:41:10Z ERR Failed to retrieve information of the docker client and server host error="Cannot connect to the Docker daemon at unix:///var/run/docker.sock. Is the docker daemon running?" providerName=docker
2026-07-08T03:41:10Z ERR Provider error, retrying in 702.23911ms error="Cannot connect to the Docker daemon at unix:///var/run/docker.sock. Is the docker daemon running?" providerName=docker
2026-07-08T03:41:11Z ERR Failed to retrieve information of the docker client and server host error="Cannot connect to the Docker daemon at unix:///var/run/docker.sock. Is the docker daemon running?" providerName=docker
2026-07-08T03:41:11Z ERR Provider error, retrying in 951.110258ms error="Cannot connect to the Docker daemon at unix:///var/run/docker.sock. Is the docker daemon running?" providerName=docker
2026-07-08T03:41:12Z ERR Failed to retrieve information of the docker client and server host error="Cannot connect to the Docker daemon at unix:///var/run/docker.sock. Is the docker daemon running?" providerName=docker
2026-07-08T03:41:12Z ERR Provider error, retrying in 3.36445624s error="Cannot connect to the Docker daemon at unix:///var/run/docker.sock. Is the docker daemon running?" providerName=docker
2026-07-08T03:41:15Z ERR Failed to retrieve information of the docker client and server host error="Cannot connect to the Docker daemon at unix:///var/run/docker.sock. Is the docker daemon running?" providerName=docker
2026-07-08T03:41:15Z ERR Provider error, retrying in 2.120438192s error="Cannot connect to the Docker daemon at unix:///var/run/docker.sock. Is the docker daemon running?" providerName=docker
2026-07-08T03:41:17Z ERR Failed to retrieve information of the docker client and server host error="Cannot connect to the Docker daemon at unix:///var/run/docker.sock. Is the docker daemon running?" providerName=docker
2026-07-08T03:41:17Z ERR Provider error, retrying in 3.834715584s error="Cannot connect to the Docker daemon at unix:///var/run/docker.sock. Is the docker daemon running?" providerName=docker
2026-07-08T03:41:21Z ERR Failed to retrieve information of the docker client and server host error="Cannot connect to the Docker daemon at unix:///var/run/docker.sock. Is the docker daemon running?" providerName=docker
2026-07-08T03:41:21Z ERR Provider error, retrying in 9.761701046s error="Cannot connect to the Docker daemon at unix:///var/run/docker.sock. Is the docker daemon running?" providerName=docker
2026-07-08T03:41:31Z ERR Failed to retrieve information of the docker client and server host error="Cannot connect to the Docker daemon at unix:///var/run/docker.sock. Is the docker daemon running?" providerName=docker
2026-07-08T03:41:31Z ERR Provider error, retrying in 12.238272219s error="Cannot connect to the Docker daemon at unix:///var/run/docker.sock. Is the docker daemon running?" providerName=docker
2026-07-08T03:41:47Z ERR Failed to retrieve information of the docker client and server host error="Cannot connect to the Docker daemon at unix:///var/run/docker.sock. Is the docker daemon running?" providerName=docker
2026-07-08T03:41:47Z ERR Provider error, retrying in 515.659629ms error="Cannot connect to the Docker daemon at unix:///var/run/docker.sock. Is the docker daemon running?" providerName=docker
2026-07-08T03:41:47Z ERR Failed to retrieve information of the docker client and server host error="Cannot connect to the Docker daemon at unix:///var/run/docker.sock. Is the docker daemon running?" providerName=docker
2026-07-08T03:41:47Z ERR Provider error, retrying in 830.504261ms error="Cannot connect to the Docker daemon at unix:///var/run/docker.sock. Is the docker daemon running?" providerName=docker
2026-07-08T03:41:48Z ERR Failed to retrieve information of the docker client and server host error="Cannot connect to the Docker daemon at unix:///var/run/docker.sock. Is the docker daemon running?" providerName=docker
2026-07-08T03:41:48Z ERR Provider error, retrying in 696.966088ms error="Cannot connect to the Docker daemon at unix:///var/run/docker.sock. Is the docker daemon running?" providerName=docker
2026-07-08T03:41:49Z ERR Failed to retrieve information of the docker client and server host error="Cannot connect to the Docker daemon at unix:///var/run/docker.sock. Is the docker daemon running?" providerName=docker
2026-07-08T03:41:49Z ERR Provider error, retrying in 882.49284ms error="Cannot connect to the Docker daemon at unix:///var/run/docker.sock. Is the docker daemon running?" providerName=docker
2026-07-08T03:41:50Z ERR Failed to retrieve information of the docker client and server host error="Cannot connect to the Docker daemon at unix:///var/run/docker.sock. Is the docker daemon running?" providerName=docker
2026-07-08T03:41:50Z ERR Provider error, retrying in 2.514399902s error="Cannot connect to the Docker daemon at unix:///var/run/docker.sock. Is the docker daemon running?" providerName=docker
2026-07-08T03:41:52Z ERR Failed to retrieve information of the docker client and server host error="Cannot connect to the Docker daemon at unix:///var/run/docker.sock. Is the docker daemon running?" providerName=docker
2026-07-08T03:41:52Z ERR Provider error, retrying in 4.833054452s error="Cannot connect to the Docker daemon at unix:///var/run/docker.sock. Is the docker daemon running?" providerName=docker
2026-07-08T03:41:57Z ERR Failed to retrieve information of the docker client and server host error="Cannot connect to the Docker daemon at unix:///var/run/docker.sock. Is the docker daemon running?" providerName=docker
2026-07-08T03:41:57Z ERR Provider error, retrying in 6.416809835s error="Cannot connect to the Docker daemon at unix:///var/run/docker.sock. Is the docker daemon running?" providerName=docker
2026-07-08T03:42:03Z ERR Failed to retrieve information of the docker client and server host error="Cannot connect to the Docker daemon at unix:///var/run/docker.sock. Is the docker daemon running?" providerName=docker
2026-07-08T03:42:03Z ERR Provider error, retrying in 5.584691063s error="Cannot connect to the Docker daemon at unix:///var/run/docker.sock. Is the docker daemon running?" providerName=docker
2026-07-08T03:42:09Z ERR Failed to retrieve information of the docker client and server host error="Cannot connect to the Docker daemon at unix:///var/run/docker.sock. Is the docker daemon running?" providerName=docker
2026-07-08T03:42:09Z ERR Provider error, retrying in 17.128467806s error="Cannot connect to the Docker daemon at unix:///var/run/docker.sock. Is the docker daemon running?" providerName=docker
2026-07-08T03:42:30Z ERR Failed to retrieve information of the docker client and server host error="Cannot connect to the Docker daemon at unix:///var/run/docker.sock. Is the docker daemon running?" providerName=docker
2026-07-08T03:42:30Z ERR Provider error, retrying in 405.665095ms error="Cannot connect to the Docker daemon at unix:///var/run/docker.sock. Is the docker daemon running?" providerName=docker
2026-07-08T03:42:30Z ERR Failed to retrieve information of the docker client and server host error="Cannot connect to the Docker daemon at unix:///var/run/docker.sock. Is the docker daemon running?" providerName=docker
2026-07-08T03:42:30Z ERR Provider error, retrying in 876.457797ms error="Cannot connect to the Docker daemon at unix:///var/run/docker.sock. Is the docker daemon running?" providerName=docker
2026-07-08T03:42:31Z ERR Failed to retrieve information of the docker client and server host error="Cannot connect to the Docker daemon at unix:///var/run/docker.sock. Is the docker daemon running?" providerName=docker
2026-07-08T03:42:31Z ERR Provider error, retrying in 770.333235ms error="Cannot connect to the Docker daemon at unix:///var/run/docker.sock. Is the docker daemon running?" providerName=docker
2026-07-08T03:42:32Z ERR Failed to retrieve information of the docker client and server host error="Cannot connect to the Docker daemon at unix:///var/run/docker.sock. Is the docker daemon running?" providerName=docker
2026-07-08T03:42:32Z ERR Provider error, retrying in 1.699775373s error="Cannot connect to the Docker daemon at unix:///var/run/docker.sock. Is the docker daemon running?" providerName=docker
2026-07-08T03:42:33Z ERR Failed to retrieve information of the docker client and server host error="Cannot connect to the Docker daemon at unix:///var/run/docker.sock. Is the docker daemon running?" providerName=docker
2026-07-08T03:42:33Z ERR Provider error, retrying in 2.465235412s error="Cannot connect to the Docker daemon at unix:///var/run/docker.sock. Is the docker daemon running?" providerName=docker
2026-07-08T03:42:36Z ERR Failed to retrieve information of the docker client and server host error="Cannot connect to the Docker daemon at unix:///var/run/docker.sock. Is the docker daemon running?" providerName=docker
2026-07-08T03:42:36Z ERR Provider error, retrying in 4.548666124s error="Cannot connect to the Docker daemon at unix:///var/run/docker.sock. Is the docker daemon running?" providerName=docker
2026-07-08T03:42:40Z ERR Failed to retrieve information of the docker client and server host error="Cannot connect to the Docker daemon at unix:///var/run/docker.sock. Is the docker daemon running?" providerName=docker
2026-07-08T03:42:40Z ERR Provider error, retrying in 7.274838533s error="Cannot connect to the Docker daemon at unix:///var/run/docker.sock. Is the docker daemon running?" providerName=docker
2026-07-08T03:42:48Z ERR Failed to retrieve information of the docker client and server host error="Cannot connect to the Docker daemon at unix:///var/run/docker.sock. Is the docker daemon running?" providerName=docker
2026-07-08T03:42:48Z ERR Provider error, retrying in 5.212029218s error="Cannot connect to the Docker daemon at unix:///var/run/docker.sock. Is the docker daemon running?" providerName=docker
2026-07-08T03:42:53Z ERR Failed to retrieve information of the docker client and server host error="Cannot connect to the Docker daemon at unix:///var/run/docker.sock. Is the docker daemon running?" providerName=docker
2026-07-08T03:42:53Z ERR Provider error, retrying in 14.047704632s error="Cannot connect to the Docker daemon at unix:///var/run/docker.sock. Is the docker daemon running?" providerName=docker
2026-07-08T03:43:11Z ERR Failed to retrieve information of the docker client and server host error="Cannot connect to the Docker daemon at unix:///var/run/docker.sock. Is the docker daemon running?" providerName=docker
2026-07-08T03:43:11Z ERR Provider error, retrying in 424.165328ms error="Cannot connect to the Docker daemon at unix:///var/run/docker.sock. Is the docker daemon running?" providerName=docker
2026-07-08T03:43:11Z ERR Failed to retrieve information of the docker client and server host error="Cannot connect to the Docker daemon at unix:///var/run/docker.sock. Is the docker daemon running?" providerName=docker
2026-07-08T03:43:11Z ERR Provider error, retrying in 630.653551ms error="Cannot connect to the Docker daemon at unix:///var/run/docker.sock. Is the docker daemon running?" providerName=docker
2026-07-08T03:43:12Z ERR Failed to retrieve information of the docker client and server host error="Cannot connect to the Docker daemon at unix:///var/run/docker.sock. Is the docker daemon running?" providerName=docker
2026-07-08T03:43:12Z ERR Provider error, retrying in 1.491660473s error="Cannot connect to the Docker daemon at unix:///var/run/docker.sock. Is the docker daemon running?" providerName=docker
2026-07-08T03:43:13Z ERR Failed to retrieve information of the docker client and server host error="Cannot connect to the Docker daemon at unix:///var/run/docker.sock. Is the docker daemon running?" providerName=docker
2026-07-08T03:43:13Z ERR Provider error, retrying in 1.108199397s error="Cannot connect to the Docker daemon at unix:///var/run/docker.sock. Is the docker daemon running?" providerName=docker
2026-07-08T03:43:14Z ERR Failed to retrieve information of the docker client and server host error="Cannot connect to the Docker daemon at unix:///var/run/docker.sock. Is the docker daemon running?" providerName=docker
2026-07-08T03:43:14Z ERR Provider error, retrying in 1.294019476s error="Cannot connect to the Docker daemon at unix:///var/run/docker.sock. Is the docker daemon running?" providerName=docker
2026-07-08T03:43:16Z ERR Failed to retrieve information of the docker client and server host error="Cannot connect to the Docker daemon at unix:///var/run/docker.sock. Is the docker daemon running?" providerName=docker
2026-07-08T03:43:16Z ERR Provider error, retrying in 2.610858493s error="Cannot connect to the Docker daemon at unix:///var/run/docker.sock. Is the docker daemon running?" providerName=docker
2026-07-08T03:43:18Z ERR Failed to retrieve information of the docker client and server host error="Cannot connect to the Docker daemon at unix:///var/run/docker.sock. Is the docker daemon running?" providerName=docker
2026-07-08T03:43:18Z ERR Provider error, retrying in 7.230866561s error="Cannot connect to the Docker daemon at unix:///var/run/docker.sock. Is the docker daemon running?" providerName=docker
2026-07-08T03:43:25Z ERR Failed to retrieve information of the docker client and server host error="Cannot connect to the Docker daemon at unix:///var/run/docker.sock. Is the docker daemon running?" providerName=docker
2026-07-08T03:43:25Z ERR Provider error, retrying in 11.915663494s error="Cannot connect to the Docker daemon at unix:///var/run/docker.sock. Is the docker daemon running?" providerName=docker
2026-07-08T03:43:41Z ERR Failed to retrieve information of the docker client and server host error="Cannot connect to the Docker daemon at unix:///var/run/docker.sock. Is the docker daemon running?" providerName=docker
2026-07-08T03:43:41Z ERR Provider error, retrying in 16.541598059s error="Cannot connect to the Docker daemon at unix:///var/run/docker.sock. Is the docker daemon running?" providerName=docker
2026-07-08T03:43:57Z ERR Failed to retrieve information of the docker client and server host error="Cannot connect to the Docker daemon at unix:///var/run/docker.sock. Is the docker daemon running?" providerName=docker
2026-07-08T03:43:57Z ERR Provider error, retrying in 312.253485ms error="Cannot connect to the Docker daemon at unix:///var/run/docker.sock. Is the docker daemon running?" providerName=docker
2026-07-08T03:43:58Z ERR Failed to retrieve information of the docker client and server host error="Cannot connect to the Docker daemon at unix:///var/run/docker.sock. Is the docker daemon running?" providerName=docker
2026-07-08T03:43:58Z ERR Provider error, retrying in 801.820432ms error="Cannot connect to the Docker daemon at unix:///var/run/docker.sock. Is the docker daemon running?" providerName=docker
2026-07-08T03:43:59Z ERR Failed to retrieve information of the docker client and server host error="Cannot connect to the Docker daemon at unix:///var/run/docker.sock. Is the docker daemon running?" providerName=docker
2026-07-08T03:43:59Z ERR Provider error, retrying in 1.160737271s error="Cannot connect to the Docker daemon at unix:///var/run/docker.sock. Is the docker daemon running?" providerName=docker
2026-07-08T03:44:00Z ERR Failed to retrieve information of the docker client and server host error="Cannot connect to the Docker daemon at unix:///var/run/docker.sock. Is the docker daemon running?" providerName=docker
2026-07-08T03:44:00Z ERR Provider error, retrying in 1.408697315s error="Cannot connect to the Docker daemon at unix:///var/run/docker.sock. Is the docker daemon running?" providerName=docker
2026-07-08T03:44:01Z ERR Failed to retrieve information of the docker client and server host error="Cannot connect to the Docker daemon at unix:///var/run/docker.sock. Is the docker daemon running?" providerName=docker
2026-07-08T03:44:01Z ERR Provider error, retrying in 2.017022974s error="Cannot connect to the Docker daemon at unix:///var/run/docker.sock. Is the docker daemon running?" providerName=docker
2026-07-08T03:44:03Z ERR Failed to retrieve information of the docker client and server host error="Cannot connect to the Docker daemon at unix:///var/run/docker.sock. Is the docker daemon running?" providerName=docker
2026-07-08T03:44:03Z ERR Provider error, retrying in 4.834082746s error="Cannot connect to the Docker daemon at unix:///var/run/docker.sock. Is the docker daemon running?" providerName=docker
2026-07-08T03:44:12Z ERR Failed to retrieve information of the docker client and server host error="Cannot connect to the Docker daemon at unix:///var/run/docker.sock. Is the docker daemon running?" providerName=docker
2026-07-08T03:44:12Z ERR Provider error, retrying in 3.429600213s error="Cannot connect to the Docker daemon at unix:///var/run/docker.sock. Is the docker daemon running?" providerName=docker
2026-07-08T03:44:15Z ERR Failed to retrieve information of the docker client and server host error="Cannot connect to the Docker daemon at unix:///var/run/docker.sock. Is the docker daemon running?" providerName=docker
2026-07-08T03:44:15Z ERR Provider error, retrying in 5.04240359s error="Cannot connect to the Docker daemon at unix:///var/run/docker.sock. Is the docker daemon running?" providerName=docker
2026-07-08T03:44:20Z ERR Failed to retrieve information of the docker client and server host error="Cannot connect to the Docker daemon at unix:///var/run/docker.sock. Is the docker daemon running?" providerName=docker
2026-07-08T03:44:20Z ERR Provider error, retrying in 13.572597045s error="Cannot connect to the Docker daemon at unix:///var/run/docker.sock. Is the docker daemon running?" providerName=docker
2026-07-08T03:44:34Z ERR Failed to retrieve information of the docker client and server host error="Cannot connect to the Docker daemon at unix:///var/run/docker.sock. Is the docker daemon running?" providerName=docker
2026-07-08T03:44:34Z ERR Provider error, retrying in 353.973101ms error="Cannot connect to the Docker daemon at unix:///var/run/docker.sock. Is the docker daemon running?" providerName=docker
2026-07-08T03:44:34Z ERR Failed to retrieve information of the docker client and server host error="Cannot connect to the Docker daemon at unix:///var/run/docker.sock. Is the docker daemon running?" providerName=docker
2026-07-08T03:44:34Z ERR Provider error, retrying in 969.591779ms error="Cannot connect to the Docker daemon at unix:///var/run/docker.sock. Is the docker daemon running?" providerName=docker
2026-07-08T03:44:35Z ERR Failed to retrieve information of the docker client and server host error="Cannot connect to the Docker daemon at unix:///var/run/docker.sock. Is the docker daemon running?" providerName=docker
2026-07-08T03:44:35Z ERR Provider error, retrying in 741.288273ms error="Cannot connect to the Docker daemon at unix:///var/run/docker.sock. Is the docker daemon running?" providerName=docker
2026-07-08T03:44:36Z ERR Failed to retrieve information of the docker client and server host error="Cannot connect to the Docker daemon at unix:///var/run/docker.sock. Is the docker daemon running?" providerName=docker
2026-07-08T03:44:36Z ERR Provider error, retrying in 2.363340228s error="Cannot connect to the Docker daemon at unix:///var/run/docker.sock. Is the docker daemon running?" providerName=docker
2026-07-08T03:44:38Z ERR Failed to retrieve information of the docker client and server host error="Cannot connect to the Docker daemon at unix:///var/run/docker.sock. Is the docker daemon running?" providerName=docker
2026-07-08T03:44:38Z ERR Provider error, retrying in 1.653037305s error="Cannot connect to the Docker daemon at unix:///var/run/docker.sock. Is the docker daemon running?" providerName=docker
2026-07-08T03:44:40Z ERR Failed to retrieve information of the docker client and server host error="Cannot connect to the Docker daemon at unix:///var/run/docker.sock. Is the docker daemon running?" providerName=docker
2026-07-08T03:44:40Z ERR Provider error, retrying in 2.400489185s error="Cannot connect to the Docker daemon at unix:///var/run/docker.sock. Is the docker daemon running?" providerName=docker
2026-07-08T03:44:46Z ERR Failed to retrieve information of the docker client and server host error="Cannot connect to the Docker daemon at unix:///var/run/docker.sock. Is the docker daemon running?" providerName=docker
2026-07-08T03:44:46Z ERR Provider error, retrying in 6.691088374s error="Cannot connect to the Docker daemon at unix:///var/run/docker.sock. Is the docker daemon running?" providerName=docker
2026-07-08T03:44:52Z ERR Failed to retrieve information of the docker client and server host error="Cannot connect to the Docker daemon at unix:///var/run/docker.sock. Is the docker daemon running?" providerName=docker
2026-07-08T03:44:52Z ERR Provider error, retrying in 10.747170942s error="Cannot connect to the Docker daemon at unix:///var/run/docker.sock. Is the docker daemon running?" providerName=docker
2026-07-08T03:45:03Z ERR Failed to retrieve information of the docker client and server host error="Cannot connect to the Docker daemon at unix:///var/run/docker.sock. Is the docker daemon running?" providerName=docker
2026-07-08T03:45:03Z ERR Provider error, retrying in 6.84360793s error="Cannot connect to the Docker daemon at unix:///var/run/docker.sock. Is the docker daemon running?" providerName=docker
2026-07-08T03:45:10Z ERR Failed to retrieve information of the docker client and server host error="Cannot connect to the Docker daemon at unix:///var/run/docker.sock. Is the docker daemon running?" providerName=docker
2026-07-08T03:45:10Z ERR Provider error, retrying in 288.234336ms error="Cannot connect to the Docker daemon at unix:///var/run/docker.sock. Is the docker daemon running?" providerName=docker
2026-07-08T03:45:10Z ERR Failed to retrieve information of the docker client and server host error="Cannot connect to the Docker daemon at unix:///var/run/docker.sock. Is the docker daemon running?" providerName=docker
2026-07-08T03:45:10Z ERR Provider error, retrying in 418.147011ms error="Cannot connect to the Docker daemon at unix:///var/run/docker.sock. Is the docker daemon running?" providerName=docker
2026-07-08T03:45:11Z ERR Failed to retrieve information of the docker client and server host error="Cannot connect to the Docker daemon at unix:///var/run/docker.sock. Is the docker daemon running?" providerName=docker
2026-07-08T03:45:11Z ERR Provider error, retrying in 883.503019ms error="Cannot connect to the Docker daemon at unix:///var/run/docker.sock. Is the docker daemon running?" providerName=docker
2026-07-08T03:45:12Z ERR Failed to retrieve information of the docker client and server host error="Cannot connect to the Docker daemon at unix:///var/run/docker.sock. Is the docker daemon running?" providerName=docker
2026-07-08T03:45:12Z ERR Provider error, retrying in 1.89881376s error="Cannot connect to the Docker daemon at unix:///var/run/docker.sock. Is the docker daemon running?" providerName=docker
2026-07-08T03:45:13Z ERR Failed to retrieve information of the docker client and server host error="Cannot connect to the Docker daemon at unix:///var/run/docker.sock. Is the docker daemon running?" providerName=docker
2026-07-08T03:45:13Z ERR Provider error, retrying in 2.722646667s error="Cannot connect to the Docker daemon at unix:///var/run/docker.sock. Is the docker daemon running?" providerName=docker
2026-07-08T03:45:16Z ERR Failed to retrieve information of the docker client and server host error="Cannot connect to the Docker daemon at unix:///var/run/docker.sock. Is the docker daemon running?" providerName=docker
2026-07-08T03:45:16Z ERR Provider error, retrying in 4.209732304s error="Cannot connect to the Docker daemon at unix:///var/run/docker.sock. Is the docker daemon running?" providerName=docker
2026-07-08T03:45:24Z ERR Failed to retrieve information of the docker client and server host error="Cannot connect to the Docker daemon at unix:///var/run/docker.sock. Is the docker daemon running?" providerName=docker
2026-07-08T03:45:24Z ERR Provider error, retrying in 2.937979811s error="Cannot connect to the Docker daemon at unix:///var/run/docker.sock. Is the docker daemon running?" providerName=docker
2026-07-08T03:45:27Z ERR Failed to retrieve information of the docker client and server host error="Cannot connect to the Docker daemon at unix:///var/run/docker.sock. Is the docker daemon running?" providerName=docker
2026-07-08T03:45:27Z ERR Provider error, retrying in 8.737249609s error="Cannot connect to the Docker daemon at unix:///var/run/docker.sock. Is the docker daemon running?" providerName=docker
2026-07-08T03:45:36Z ERR Failed to retrieve information of the docker client and server host error="Cannot connect to the Docker daemon at unix:///var/run/docker.sock. Is the docker daemon running?" providerName=docker
2026-07-08T03:45:36Z ERR Provider error, retrying in 10.567077374s error="Cannot connect to the Docker daemon at unix:///var/run/docker.sock. Is the docker daemon running?" providerName=docker
2026-07-08T03:45:46Z ERR Failed to retrieve information of the docker client and server host error="Cannot connect to the Docker daemon at unix:///var/run/docker.sock. Is the docker daemon running?" providerName=docker
2026-07-08T03:45:46Z ERR Provider error, retrying in 663.821652ms error="Cannot connect to the Docker daemon at unix:///var/run/docker.sock. Is the docker daemon running?" providerName=docker
2026-07-08T03:45:47Z ERR Failed to retrieve information of the docker client and server host error="Cannot connect to the Docker daemon at unix:///var/run/docker.sock. Is the docker daemon running?" providerName=docker
2026-07-08T03:45:47Z ERR Provider error, retrying in 764.108189ms error="Cannot connect to the Docker daemon at unix:///var/run/docker.sock. Is the docker daemon running?" providerName=docker
2026-07-08T03:45:48Z ERR Failed to retrieve information of the docker client and server host error="Cannot connect to the Docker daemon at unix:///var/run/docker.sock. Is the docker daemon running?" providerName=docker
2026-07-08T03:45:48Z ERR Provider error, retrying in 985.312839ms error="Cannot connect to the Docker daemon at unix:///var/run/docker.sock. Is the docker daemon running?" providerName=docker
2026-07-08T03:45:49Z ERR Failed to retrieve information of the docker client and server host error="Cannot connect to the Docker daemon at unix:///var/run/docker.sock. Is the docker daemon running?" providerName=docker
2026-07-08T03:45:49Z ERR Provider error, retrying in 917.053019ms error="Cannot connect to the Docker daemon at unix:///var/run/docker.sock. Is the docker daemon running?" providerName=docker
2026-07-08T03:45:50Z ERR Failed to retrieve information of the docker client and server host error="Cannot connect to the Docker daemon at unix:///var/run/docker.sock. Is the docker daemon running?" providerName=docker
2026-07-08T03:45:50Z ERR Provider error, retrying in 3.25362801s error="Cannot connect to the Docker daemon at unix:///var/run/docker.sock. Is the docker daemon running?" providerName=docker
2026-07-08T03:45:56Z ERR Failed to retrieve information of the docker client and server host error="Cannot connect to the Docker daemon at unix:///var/run/docker.sock. Is the docker daemon running?" providerName=docker
2026-07-08T03:45:56Z ERR Provider error, retrying in 3.091449392s error="Cannot connect to the Docker daemon at unix:///var/run/docker.sock. Is the docker daemon running?" providerName=docker
2026-07-08T03:46:00Z ERR Failed to retrieve information of the docker client and server host error="Cannot connect to the Docker daemon at unix:///var/run/docker.sock. Is the docker daemon running?" providerName=docker
2026-07-08T03:46:00Z ERR Provider error, retrying in 7.633196257s error="Cannot connect to the Docker daemon at unix:///var/run/docker.sock. Is the docker daemon running?" providerName=docker
2026-07-08T03:46:07Z ERR Failed to retrieve information of the docker client and server host error="Cannot connect to the Docker daemon at unix:///var/run/docker.sock. Is the docker daemon running?" providerName=docker
2026-07-08T03:46:07Z ERR Provider error, retrying in 5.254866744s error="Cannot connect to the Docker daemon at unix:///var/run/docker.sock. Is the docker daemon running?" providerName=docker
2026-07-08T03:46:12Z ERR Failed to retrieve information of the docker client and server host error="Cannot connect to the Docker daemon at unix:///var/run/docker.sock. Is the docker daemon running?" providerName=docker
2026-07-08T03:46:12Z ERR Provider error, retrying in 9.989035131s error="Cannot connect to the Docker daemon at unix:///var/run/docker.sock. Is the docker daemon running?" providerName=docker
2026-07-08T03:46:22Z ERR Failed to retrieve information of the docker client and server host error="Cannot connect to the Docker daemon at unix:///var/run/docker.sock. Is the docker daemon running?" providerName=docker
2026-07-08T03:46:22Z ERR Provider error, retrying in 356.032709ms error="Cannot connect to the Docker daemon at unix:///var/run/docker.sock. Is the docker daemon running?" providerName=docker
2026-07-08T03:46:23Z ERR Failed to retrieve information of the docker client and server host error="Cannot connect to the Docker daemon at unix:///var/run/docker.sock. Is the docker daemon running?" providerName=docker
2026-07-08T03:46:23Z ERR Provider error, retrying in 900.850503ms error="Cannot connect to the Docker daemon at unix:///var/run/docker.sock. Is the docker daemon running?" providerName=docker
2026-07-08T03:46:24Z ERR Failed to retrieve information of the docker client and server host error="Cannot connect to the Docker daemon at unix:///var/run/docker.sock. Is the docker daemon running?" providerName=docker
2026-07-08T03:46:24Z ERR Provider error, retrying in 1.236955207s error="Cannot connect to the Docker daemon at unix:///var/run/docker.sock. Is the docker daemon running?" providerName=docker
2026-07-08T03:46:25Z ERR Failed to retrieve information of the docker client and server host error="Cannot connect to the Docker daemon at unix:///var/run/docker.sock. Is the docker daemon running?" providerName=docker
2026-07-08T03:46:25Z ERR Provider error, retrying in 1.163418515s error="Cannot connect to the Docker daemon at unix:///var/run/docker.sock. Is the docker daemon running?" providerName=docker
2026-07-08T03:46:26Z ERR Failed to retrieve information of the docker client and server host error="Cannot connect to the Docker daemon at unix:///var/run/docker.sock. Is the docker daemon running?" providerName=docker
2026-07-08T03:46:26Z ERR Provider error, retrying in 1.894102891s error="Cannot connect to the Docker daemon at unix:///var/run/docker.sock. Is the docker daemon running?" providerName=docker
2026-07-08T03:46:28Z ERR Failed to retrieve information of the docker client and server host error="Cannot connect to the Docker daemon at unix:///var/run/docker.sock. Is the docker daemon running?" providerName=docker
2026-07-08T03:46:28Z ERR Provider error, retrying in 5.11791522s error="Cannot connect to the Docker daemon at unix:///var/run/docker.sock. Is the docker daemon running?" providerName=docker
2026-07-08T03:46:37Z ERR Failed to retrieve information of the docker client and server host error="Cannot connect to the Docker daemon at unix:///var/run/docker.sock. Is the docker daemon running?" providerName=docker
2026-07-08T03:46:37Z ERR Provider error, retrying in 5.041132373s error="Cannot connect to the Docker daemon at unix:///var/run/docker.sock. Is the docker daemon running?" providerName=docker
2026-07-08T03:46:42Z ERR Failed to retrieve information of the docker client and server host error="Cannot connect to the Docker daemon at unix:///var/run/docker.sock. Is the docker daemon running?" providerName=docker
2026-07-08T03:46:42Z ERR Provider error, retrying in 7.492524444s error="Cannot connect to the Docker daemon at unix:///var/run/docker.sock. Is the docker daemon running?" providerName=docker
2026-07-08T03:46:49Z ERR Failed to retrieve information of the docker client and server host error="Cannot connect to the Docker daemon at unix:///var/run/docker.sock. Is the docker daemon running?" providerName=docker
2026-07-08T03:46:49Z ERR Provider error, retrying in 13.853038877s error="Cannot connect to the Docker daemon at unix:///var/run/docker.sock. Is the docker daemon running?" providerName=docker
2026-07-08T03:47:03Z ERR Failed to retrieve information of the docker client and server host error="Cannot connect to the Docker daemon at unix:///var/run/docker.sock. Is the docker daemon running?" providerName=docker
2026-07-08T03:47:03Z ERR Provider error, retrying in 329.380094ms error="Cannot connect to the Docker daemon at unix:///var/run/docker.sock. Is the docker daemon running?" providerName=docker
2026-07-08T03:47:03Z ERR Failed to retrieve information of the docker client and server host error="Cannot connect to the Docker daemon at unix:///var/run/docker.sock. Is the docker daemon running?" providerName=docker
2026-07-08T03:47:03Z ERR Provider error, retrying in 776.605667ms error="Cannot connect to the Docker daemon at unix:///var/run/docker.sock. Is the docker daemon running?" providerName=docker
2026-07-08T03:47:08Z ERR Failed to retrieve information of the docker client and server host error="Cannot connect to the Docker daemon at unix:///var/run/docker.sock. Is the docker daemon running?" providerName=docker
2026-07-08T03:47:08Z ERR Provider error, retrying in 1.440138877s error="Cannot connect to the Docker daemon at unix:///var/run/docker.sock. Is the docker daemon running?" providerName=docker
2026-07-08T03:47:09Z ERR Failed to retrieve information of the docker client and server host error="Cannot connect to the Docker daemon at unix:///var/run/docker.sock. Is the docker daemon running?" providerName=docker
2026-07-08T03:47:09Z ERR Provider error, retrying in 1.6492215s error="Cannot connect to the Docker daemon at unix:///var/run/docker.sock. Is the docker daemon running?" providerName=docker
2026-07-08T03:47:11Z ERR Failed to retrieve information of the docker client and server host error="Cannot connect to the Docker daemon at unix:///var/run/docker.sock. Is the docker daemon running?" providerName=docker
2026-07-08T03:47:11Z ERR Provider error, retrying in 1.331893135s error="Cannot connect to the Docker daemon at unix:///var/run/docker.sock. Is the docker daemon running?" providerName=docker
2026-07-08T03:47:12Z ERR Failed to retrieve information of the docker client and server host error="Cannot connect to the Docker daemon at unix:///var/run/docker.sock. Is the docker daemon running?" providerName=docker
2026-07-08T03:47:12Z ERR Provider error, retrying in 2.499359296s error="Cannot connect to the Docker daemon at unix:///var/run/docker.sock. Is the docker daemon running?" providerName=docker
2026-07-08T03:47:15Z ERR Failed to retrieve information of the docker client and server host error="Cannot connect to the Docker daemon at unix:///var/run/docker.sock. Is the docker daemon running?" providerName=docker
2026-07-08T03:47:15Z ERR Provider error, retrying in 3.530303517s error="Cannot connect to the Docker daemon at unix:///var/run/docker.sock. Is the docker daemon running?" providerName=docker
2026-07-08T03:47:18Z ERR Failed to retrieve information of the docker client and server host error="Cannot connect to the Docker daemon at unix:///var/run/docker.sock. Is the docker daemon running?" providerName=docker
2026-07-08T03:47:18Z ERR Provider error, retrying in 10.514497024s error="Cannot connect to the Docker daemon at unix:///var/run/docker.sock. Is the docker daemon running?" providerName=docker
2026-07-08T03:47:29Z ERR Failed to retrieve information of the docker client and server host error="Cannot connect to the Docker daemon at unix:///var/run/docker.sock. Is the docker daemon running?" providerName=docker
2026-07-08T03:47:29Z ERR Provider error, retrying in 13.139290066s error="Cannot connect to the Docker daemon at unix:///var/run/docker.sock. Is the docker daemon running?" providerName=docker
2026-07-08T03:47:45Z ERR Failed to retrieve information of the docker client and server host error="Cannot connect to the Docker daemon at unix:///var/run/docker.sock. Is the docker daemon running?" providerName=docker
2026-07-08T03:47:45Z ERR Provider error, retrying in 406.919709ms error="Cannot connect to the Docker daemon at unix:///var/run/docker.sock. Is the docker daemon running?" providerName=docker
2026-07-08T03:47:46Z ERR Failed to retrieve information of the docker client and server host error="Cannot connect to the Docker daemon at unix:///var/run/docker.sock. Is the docker daemon running?" providerName=docker
2026-07-08T03:47:46Z ERR Provider error, retrying in 474.256966ms error="Cannot connect to the Docker daemon at unix:///var/run/docker.sock. Is the docker daemon running?" providerName=docker
2026-07-08T03:47:46Z ERR Failed to retrieve information of the docker client and server host error="Cannot connect to the Docker daemon at unix:///var/run/docker.sock. Is the docker daemon running?" providerName=docker
2026-07-08T03:47:46Z ERR Provider error, retrying in 1.375357736s error="Cannot connect to the Docker daemon at unix:///var/run/docker.sock. Is the docker daemon running?" providerName=docker
2026-07-08T03:47:48Z ERR Failed to retrieve information of the docker client and server host error="Cannot connect to the Docker daemon at unix:///var/run/docker.sock. Is the docker daemon running?" providerName=docker
2026-07-08T03:47:48Z ERR Provider error, retrying in 1.237062473s error="Cannot connect to the Docker daemon at unix:///var/run/docker.sock. Is the docker daemon running?" providerName=docker
2026-07-08T03:47:49Z ERR Failed to retrieve information of the docker client and server host error="Cannot connect to the Docker daemon at unix:///var/run/docker.sock. Is the docker daemon running?" providerName=docker
2026-07-08T03:47:49Z ERR Provider error, retrying in 1.983193726s error="Cannot connect to the Docker daemon at unix:///var/run/docker.sock. Is the docker daemon running?" providerName=docker
2026-07-08T03:47:51Z ERR Failed to retrieve information of the docker client and server host error="Cannot connect to the Docker daemon at unix:///var/run/docker.sock. Is the docker daemon running?" providerName=docker
2026-07-08T03:47:51Z ERR Provider error, retrying in 3.605016404s error="Cannot connect to the Docker daemon at unix:///var/run/docker.sock. Is the docker daemon running?" providerName=docker
2026-07-08T03:47:55Z ERR Failed to retrieve information of the docker client and server host error="Cannot connect to the Docker daemon at unix:///var/run/docker.sock. Is the docker daemon running?" providerName=docker
2026-07-08T03:47:55Z ERR Provider error, retrying in 4.441620885s error="Cannot connect to the Docker daemon at unix:///var/run/docker.sock. Is the docker daemon running?" providerName=docker
2026-07-08T03:47:59Z ERR Failed to retrieve information of the docker client and server host error="Cannot connect to the Docker daemon at unix:///var/run/docker.sock. Is the docker daemon running?" providerName=docker
2026-07-08T03:47:59Z ERR Provider error, retrying in 12.247477313s error="Cannot connect to the Docker daemon at unix:///var/run/docker.sock. Is the docker daemon running?" providerName=docker
2026-07-08T03:48:11Z ERR Failed to retrieve information of the docker client and server host error="Cannot connect to the Docker daemon at unix:///var/run/docker.sock. Is the docker daemon running?" providerName=docker
2026-07-08T03:48:11Z ERR Provider error, retrying in 16.644592892s error="Cannot connect to the Docker daemon at unix:///var/run/docker.sock. Is the docker daemon running?" providerName=docker
2026-07-08T03:48:31Z ERR Failed to retrieve information of the docker client and server host error="Cannot connect to the Docker daemon at unix:///var/run/docker.sock. Is the docker daemon running?" providerName=docker
2026-07-08T03:48:31Z ERR Provider error, retrying in 623.864807ms error="Cannot connect to the Docker daemon at unix:///var/run/docker.sock. Is the docker daemon running?" providerName=docker
2026-07-08T03:48:32Z ERR Failed to retrieve information of the docker client and server host error="Cannot connect to the Docker daemon at unix:///var/run/docker.sock. Is the docker daemon running?" providerName=docker
2026-07-08T03:48:32Z ERR Provider error, retrying in 712.199617ms error="Cannot connect to the Docker daemon at unix:///var/run/docker.sock. Is the docker daemon running?" providerName=docker
2026-07-08T03:48:33Z ERR Failed to retrieve information of the docker client and server host error="Cannot connect to the Docker daemon at unix:///var/run/docker.sock. Is the docker daemon running?" providerName=docker
2026-07-08T03:48:33Z ERR Provider error, retrying in 804.55795ms error="Cannot connect to the Docker daemon at unix:///var/run/docker.sock. Is the docker daemon running?" providerName=docker
2026-07-08T03:48:34Z ERR Failed to retrieve information of the docker client and server host error="Cannot connect to the Docker daemon at unix:///var/run/docker.sock. Is the docker daemon running?" providerName=docker
2026-07-08T03:48:34Z ERR Provider error, retrying in 1.085605521s error="Cannot connect to the Docker daemon at unix:///var/run/docker.sock. Is the docker daemon running?" providerName=docker
2026-07-08T03:48:35Z ERR Failed to retrieve information of the docker client and server host error="Cannot connect to the Docker daemon at unix:///var/run/docker.sock. Is the docker daemon running?" providerName=docker
2026-07-08T03:48:35Z ERR Provider error, retrying in 1.636738076s error="Cannot connect to the Docker daemon at unix:///var/run/docker.sock. Is the docker daemon running?" providerName=docker
2026-07-08T03:48:36Z ERR Failed to retrieve information of the docker client and server host error="Cannot connect to the Docker daemon at unix:///var/run/docker.sock. Is the docker daemon running?" providerName=docker
2026-07-08T03:48:36Z ERR Provider error, retrying in 3.134235721s error="Cannot connect to the Docker daemon at unix:///var/run/docker.sock. Is the docker daemon running?" providerName=docker
2026-07-08T03:48:39Z ERR Failed to retrieve information of the docker client and server host error="Cannot connect to the Docker daemon at unix:///var/run/docker.sock. Is the docker daemon running?" providerName=docker
2026-07-08T03:48:39Z ERR Provider error, retrying in 4.578407974s error="Cannot connect to the Docker daemon at unix:///var/run/docker.sock. Is the docker daemon running?" providerName=docker
2026-07-08T03:48:44Z ERR Failed to retrieve information of the docker client and server host error="Cannot connect to the Docker daemon at unix:///var/run/docker.sock. Is the docker daemon running?" providerName=docker
2026-07-08T03:48:44Z ERR Provider error, retrying in 4.46140416s error="Cannot connect to the Docker daemon at unix:///var/run/docker.sock. Is the docker daemon running?" providerName=docker
2026-07-08T03:48:48Z ERR Failed to retrieve information of the docker client and server host error="Cannot connect to the Docker daemon at unix:///var/run/docker.sock. Is the docker daemon running?" providerName=docker
2026-07-08T03:48:48Z ERR Provider error, retrying in 11.786535374s error="Cannot connect to the Docker daemon at unix:///var/run/docker.sock. Is the docker daemon running?" providerName=docker
2026-07-08T03:49:04Z ERR Failed to retrieve information of the docker client and server host error="Cannot connect to the Docker daemon at unix:///var/run/docker.sock. Is the docker daemon running?" providerName=docker
2026-07-08T03:49:04Z ERR Provider error, retrying in 9.726487428s error="Cannot connect to the Docker daemon at unix:///var/run/docker.sock. Is the docker daemon running?" providerName=docker
2026-07-08T03:49:14Z ERR Failed to retrieve information of the docker client and server host error="Cannot connect to the Docker daemon at unix:///var/run/docker.sock. Is the docker daemon running?" providerName=docker
2026-07-08T03:49:14Z ERR Provider error, retrying in 673.071771ms error="Cannot connect to the Docker daemon at unix:///var/run/docker.sock. Is the docker daemon running?" providerName=docker
2026-07-08T03:49:14Z ERR Failed to retrieve information of the docker client and server host error="Cannot connect to the Docker daemon at unix:///var/run/docker.sock. Is the docker daemon running?" providerName=docker
2026-07-08T03:49:14Z ERR Provider error, retrying in 733.268171ms error="Cannot connect to the Docker daemon at unix:///var/run/docker.sock. Is the docker daemon running?" providerName=docker
2026-07-08T03:49:15Z ERR Failed to retrieve information of the docker client and server host error="Cannot connect to the Docker daemon at unix:///var/run/docker.sock. Is the docker daemon running?" providerName=docker
2026-07-08T03:49:15Z ERR Provider error, retrying in 1.050216042s error="Cannot connect to the Docker daemon at unix:///var/run/docker.sock. Is the docker daemon running?" providerName=docker
2026-07-08T03:49:16Z ERR Failed to retrieve information of the docker client and server host error="Cannot connect to the Docker daemon at unix:///var/run/docker.sock. Is the docker daemon running?" providerName=docker
2026-07-08T03:49:16Z ERR Provider error, retrying in 1.478682142s error="Cannot connect to the Docker daemon at unix:///var/run/docker.sock. Is the docker daemon running?" providerName=docker
2026-07-08T03:49:18Z ERR Failed to retrieve information of the docker client and server host error="Cannot connect to the Docker daemon at unix:///var/run/docker.sock. Is the docker daemon running?" providerName=docker
2026-07-08T03:49:18Z ERR Provider error, retrying in 1.775801317s error="Cannot connect to the Docker daemon at unix:///var/run/docker.sock. Is the docker daemon running?" providerName=docker
2026-07-08T03:49:19Z ERR Failed to retrieve information of the docker client and server host error="Cannot connect to the Docker daemon at unix:///var/run/docker.sock. Is the docker daemon running?" providerName=docker
2026-07-08T03:49:19Z ERR Provider error, retrying in 2.716178688s error="Cannot connect to the Docker daemon at unix:///var/run/docker.sock. Is the docker daemon running?" providerName=docker
2026-07-08T03:49:22Z ERR Failed to retrieve information of the docker client and server host error="Cannot connect to the Docker daemon at unix:///var/run/docker.sock. Is the docker daemon running?" providerName=docker
2026-07-08T03:49:22Z ERR Provider error, retrying in 7.882829545s error="Cannot connect to the Docker daemon at unix:///var/run/docker.sock. Is the docker daemon running?" providerName=docker
2026-07-08T03:49:33Z ERR Failed to retrieve information of the docker client and server host error="Cannot connect to the Docker daemon at unix:///var/run/docker.sock. Is the docker daemon running?" providerName=docker
2026-07-08T03:49:33Z ERR Provider error, retrying in 6.925902549s error="Cannot connect to the Docker daemon at unix:///var/run/docker.sock. Is the docker daemon running?" providerName=docker
2026-07-08T03:49:40Z ERR Failed to retrieve information of the docker client and server host error="Cannot connect to the Docker daemon at unix:///var/run/docker.sock. Is the docker daemon running?" providerName=docker
2026-07-08T03:49:40Z ERR Provider error, retrying in 12.323852352s error="Cannot connect to the Docker daemon at unix:///var/run/docker.sock. Is the docker daemon running?" providerName=docker
2026-07-08T03:49:53Z ERR Failed to retrieve information of the docker client and server host error="Cannot connect to the Docker daemon at unix:///var/run/docker.sock. Is the docker daemon running?" providerName=docker
2026-07-08T03:49:53Z ERR Provider error, retrying in 417.8667ms error="Cannot connect to the Docker daemon at unix:///var/run/docker.sock. Is the docker daemon running?" providerName=docker
2026-07-08T03:49:53Z ERR Failed to retrieve information of the docker client and server host error="Cannot connect to the Docker daemon at unix:///var/run/docker.sock. Is the docker daemon running?" providerName=docker
2026-07-08T03:49:53Z ERR Provider error, retrying in 932.033841ms error="Cannot connect to the Docker daemon at unix:///var/run/docker.sock. Is the docker daemon running?" providerName=docker
2026-07-08T03:49:54Z ERR Failed to retrieve information of the docker client and server host error="Cannot connect to the Docker daemon at unix:///var/run/docker.sock. Is the docker daemon running?" providerName=docker
2026-07-08T03:49:54Z ERR Provider error, retrying in 1.58771938s error="Cannot connect to the Docker daemon at unix:///var/run/docker.sock. Is the docker daemon running?" providerName=docker
2026-07-08T03:49:56Z ERR Failed to retrieve information of the docker client and server host error="Cannot connect to the Docker daemon at unix:///var/run/docker.sock. Is the docker daemon running?" providerName=docker
2026-07-08T03:49:56Z ERR Provider error, retrying in 1.37446978s error="Cannot connect to the Docker daemon at unix:///var/run/docker.sock. Is the docker daemon running?" providerName=docker
2026-07-08T03:49:57Z ERR Failed to retrieve information of the docker client and server host error="Cannot connect to the Docker daemon at unix:///var/run/docker.sock. Is the docker daemon running?" providerName=docker
2026-07-08T03:49:57Z ERR Provider error, retrying in 1.748116155s error="Cannot connect to the Docker daemon at unix:///var/run/docker.sock. Is the docker daemon running?" providerName=docker
2026-07-08T03:49:59Z ERR Failed to retrieve information of the docker client and server host error="Cannot connect to the Docker daemon at unix:///var/run/docker.sock. Is the docker daemon running?" providerName=docker
2026-07-08T03:49:59Z ERR Provider error, retrying in 3.416461919s error="Cannot connect to the Docker daemon at unix:///var/run/docker.sock. Is the docker daemon running?" providerName=docker
2026-07-08T03:50:02Z ERR Failed to retrieve information of the docker client and server host error="Cannot connect to the Docker daemon at unix:///var/run/docker.sock. Is the docker daemon running?" providerName=docker
2026-07-08T03:50:02Z ERR Provider error, retrying in 5.816492857s error="Cannot connect to the Docker daemon at unix:///var/run/docker.sock. Is the docker daemon running?" providerName=docker
2026-07-08T03:50:12Z ERR Failed to retrieve information of the docker client and server host error="Cannot connect to the Docker daemon at unix:///var/run/docker.sock. Is the docker daemon running?" providerName=docker
2026-07-08T03:50:12Z ERR Provider error, retrying in 10.380105144s error="Cannot connect to the Docker daemon at unix:///var/run/docker.sock. Is the docker daemon running?" providerName=docker
2026-07-08T03:50:22Z ERR Failed to retrieve information of the docker client and server host error="Cannot connect to the Docker daemon at unix:///var/run/docker.sock. Is the docker daemon running?" providerName=docker
2026-07-08T03:50:22Z ERR Provider error, retrying in 14.897908416s error="Cannot connect to the Docker daemon at unix:///var/run/docker.sock. Is the docker daemon running?" providerName=docker
2026-07-08T03:50:37Z ERR Failed to retrieve information of the docker client and server host error="Cannot connect to the Docker daemon at unix:///var/run/docker.sock. Is the docker daemon running?" providerName=docker
2026-07-08T03:50:37Z ERR Provider error, retrying in 605.921272ms error="Cannot connect to the Docker daemon at unix:///var/run/docker.sock. Is the docker daemon running?" providerName=docker
2026-07-08T03:50:38Z ERR Failed to retrieve information of the docker client and server host error="Cannot connect to the Docker daemon at unix:///var/run/docker.sock. Is the docker daemon running?" providerName=docker
2026-07-08T03:50:38Z ERR Provider error, retrying in 1.091599946s error="Cannot connect to the Docker daemon at unix:///var/run/docker.sock. Is the docker daemon running?" providerName=docker
2026-07-08T03:50:39Z ERR Failed to retrieve information of the docker client and server host error="Cannot connect to the Docker daemon at unix:///var/run/docker.sock. Is the docker daemon running?" providerName=docker
2026-07-08T03:50:39Z ERR Provider error, retrying in 673.410034ms error="Cannot connect to the Docker daemon at unix:///var/run/docker.sock. Is the docker daemon running?" providerName=docker
2026-07-08T03:50:43Z ERR Failed to retrieve information of the docker client and server host error="Cannot connect to the Docker daemon at unix:///var/run/docker.sock. Is the docker daemon running?" providerName=docker
2026-07-08T03:50:43Z ERR Provider error, retrying in 1.293154244s error="Cannot connect to the Docker daemon at unix:///var/run/docker.sock. Is the docker daemon running?" providerName=docker
2026-07-08T03:50:44Z ERR Failed to retrieve information of the docker client and server host error="Cannot connect to the Docker daemon at unix:///var/run/docker.sock. Is the docker daemon running?" providerName=docker
2026-07-08T03:50:44Z ERR Provider error, retrying in 3.090341259s error="Cannot connect to the Docker daemon at unix:///var/run/docker.sock. Is the docker daemon running?" providerName=docker
2026-07-08T03:50:47Z ERR Failed to retrieve information of the docker client and server host error="Cannot connect to the Docker daemon at unix:///var/run/docker.sock. Is the docker daemon running?" providerName=docker
2026-07-08T03:50:47Z ERR Provider error, retrying in 4.40298365s error="Cannot connect to the Docker daemon at unix:///var/run/docker.sock. Is the docker daemon running?" providerName=docker
2026-07-08T03:50:52Z ERR Failed to retrieve information of the docker client and server host error="Cannot connect to the Docker daemon at unix:///var/run/docker.sock. Is the docker daemon running?" providerName=docker
2026-07-08T03:50:52Z ERR Provider error, retrying in 8.00787832s error="Cannot connect to the Docker daemon at unix:///var/run/docker.sock. Is the docker daemon running?" providerName=docker
2026-07-08T03:51:00Z ERR Failed to retrieve information of the docker client and server host error="Cannot connect to the Docker daemon at unix:///var/run/docker.sock. Is the docker daemon running?" providerName=docker
2026-07-08T03:51:00Z ERR Provider error, retrying in 5.557032598s error="Cannot connect to the Docker daemon at unix:///var/run/docker.sock. Is the docker daemon running?" providerName=docker
2026-07-08T03:51:05Z ERR Failed to retrieve information of the docker client and server host error="Cannot connect to the Docker daemon at unix:///var/run/docker.sock. Is the docker daemon running?" providerName=docker
2026-07-08T03:51:05Z ERR Provider error, retrying in 12.804980046s error="Cannot connect to the Docker daemon at unix:///var/run/docker.sock. Is the docker daemon running?" providerName=docker
2026-07-08T03:51:22Z ERR Failed to retrieve information of the docker client and server host error="Cannot connect to the Docker daemon at unix:///var/run/docker.sock. Is the docker daemon running?" providerName=docker
2026-07-08T03:51:22Z ERR Provider error, retrying in 338.07008ms error="Cannot connect to the Docker daemon at unix:///var/run/docker.sock. Is the docker daemon running?" providerName=docker
2026-07-08T03:51:22Z ERR Failed to retrieve information of the docker client and server host error="Cannot connect to the Docker daemon at unix:///var/run/docker.sock. Is the docker daemon running?" providerName=docker
2026-07-08T03:51:22Z ERR Provider error, retrying in 457.424988ms error="Cannot connect to the Docker daemon at unix:///var/run/docker.sock. Is the docker daemon running?" providerName=docker
2026-07-08T03:51:22Z ERR Failed to retrieve information of the docker client and server host error="Cannot connect to the Docker daemon at unix:///var/run/docker.sock. Is the docker daemon running?" providerName=docker
2026-07-08T03:51:22Z ERR Provider error, retrying in 980.479099ms error="Cannot connect to the Docker daemon at unix:///var/run/docker.sock. Is the docker daemon running?" providerName=docker
2026-07-08T03:51:23Z ERR Failed to retrieve information of the docker client and server host error="Cannot connect to the Docker daemon at unix:///var/run/docker.sock. Is the docker daemon running?" providerName=docker
2026-07-08T03:51:23Z ERR Provider error, retrying in 1.789494833s error="Cannot connect to the Docker daemon at unix:///var/run/docker.sock. Is the docker daemon running?" providerName=docker
2026-07-08T03:51:25Z ERR Failed to retrieve information of the docker client and server host error="Cannot connect to the Docker daemon at unix:///var/run/docker.sock. Is the docker daemon running?" providerName=docker
2026-07-08T03:51:25Z ERR Provider error, retrying in 3.188075233s error="Cannot connect to the Docker daemon at unix:///var/run/docker.sock. Is the docker daemon running?" providerName=docker
2026-07-08T03:51:28Z ERR Failed to retrieve information of the docker client and server host error="Cannot connect to the Docker daemon at unix:///var/run/docker.sock. Is the docker daemon running?" providerName=docker
2026-07-08T03:51:28Z ERR Provider error, retrying in 2.058542212s error="Cannot connect to the Docker daemon at unix:///var/run/docker.sock. Is the docker daemon running?" providerName=docker
2026-07-08T03:51:30Z ERR Failed to retrieve information of the docker client and server host error="Cannot connect to the Docker daemon at unix:///var/run/docker.sock. Is the docker daemon running?" providerName=docker
2026-07-08T03:51:30Z ERR Provider error, retrying in 6.306789589s error="Cannot connect to the Docker daemon at unix:///var/run/docker.sock. Is the docker daemon running?" providerName=docker
2026-07-08T03:51:37Z ERR Failed to retrieve information of the docker client and server host error="Cannot connect to the Docker daemon at unix:///var/run/docker.sock. Is the docker daemon running?" providerName=docker
2026-07-08T03:51:37Z ERR Provider error, retrying in 6.861780958s error="Cannot connect to the Docker daemon at unix:///var/run/docker.sock. Is the docker daemon running?" providerName=docker
2026-07-08T03:51:44Z ERR Failed to retrieve information of the docker client and server host error="Cannot connect to the Docker daemon at unix:///var/run/docker.sock. Is the docker daemon running?" providerName=docker
2026-07-08T03:51:44Z ERR Provider error, retrying in 10.744544846s error="Cannot connect to the Docker daemon at unix:///var/run/docker.sock. Is the docker daemon running?" providerName=docker
2026-07-08T03:51:58Z ERR Failed to retrieve information of the docker client and server host error="Cannot connect to the Docker daemon at unix:///var/run/docker.sock. Is the docker daemon running?" providerName=docker
2026-07-08T03:51:58Z ERR Provider error, retrying in 708.518391ms error="Cannot connect to the Docker daemon at unix:///var/run/docker.sock. Is the docker daemon running?" providerName=docker
2026-07-08T03:51:59Z ERR Failed to retrieve information of the docker client and server host error="Cannot connect to the Docker daemon at unix:///var/run/docker.sock. Is the docker daemon running?" providerName=docker
2026-07-08T03:51:59Z ERR Provider error, retrying in 927.005289ms error="Cannot connect to the Docker daemon at unix:///var/run/docker.sock. Is the docker daemon running?" providerName=docker
2026-07-08T03:52:00Z ERR Failed to retrieve information of the docker client and server host error="Cannot connect to the Docker daemon at unix:///var/run/docker.sock. Is the docker daemon running?" providerName=docker
2026-07-08T03:52:00Z ERR Provider error, retrying in 1.604016928s error="Cannot connect to the Docker daemon at unix:///var/run/docker.sock. Is the docker daemon running?" providerName=docker
2026-07-08T03:52:01Z ERR Failed to retrieve information of the docker client and server host error="Cannot connect to the Docker daemon at unix:///var/run/docker.sock. Is the docker daemon running?" providerName=docker
2026-07-08T03:52:01Z ERR Provider error, retrying in 1.289392273s error="Cannot connect to the Docker daemon at unix:///var/run/docker.sock. Is the docker daemon running?" providerName=docker
2026-07-08T03:52:02Z ERR Failed to retrieve information of the docker client and server host error="Cannot connect to the Docker daemon at unix:///var/run/docker.sock. Is the docker daemon running?" providerName=docker
2026-07-08T03:52:02Z ERR Provider error, retrying in 2.816002864s error="Cannot connect to the Docker daemon at unix:///var/run/docker.sock. Is the docker daemon running?" providerName=docker
2026-07-08T03:52:05Z ERR Failed to retrieve information of the docker client and server host error="Cannot connect to the Docker daemon at unix:///var/run/docker.sock. Is the docker daemon running?" providerName=docker
2026-07-08T03:52:05Z ERR Provider error, retrying in 2.766872192s error="Cannot connect to the Docker daemon at unix:///var/run/docker.sock. Is the docker daemon running?" providerName=docker
2026-07-08T03:52:08Z ERR Failed to retrieve information of the docker client and server host error="Cannot connect to the Docker daemon at unix:///var/run/docker.sock. Is the docker daemon running?" providerName=docker
2026-07-08T03:52:08Z ERR Provider error, retrying in 8.348866273s error="Cannot connect to the Docker daemon at unix:///var/run/docker.sock. Is the docker daemon running?" providerName=docker
2026-07-08T03:52:16Z ERR Failed to retrieve information of the docker client and server host error="Cannot connect to the Docker daemon at unix:///var/run/docker.sock. Is the docker daemon running?" providerName=docker
2026-07-08T03:52:16Z ERR Provider error, retrying in 9.596847427s error="Cannot connect to the Docker daemon at unix:///var/run/docker.sock. Is the docker daemon running?" providerName=docker
2026-07-08T03:52:26Z ERR Failed to retrieve information of the docker client and server host error="Cannot connect to the Docker daemon at unix:///var/run/docker.sock. Is the docker daemon running?" providerName=docker
2026-07-08T03:52:26Z ERR Provider error, retrying in 12.74249949s error="Cannot connect to the Docker daemon at unix:///var/run/docker.sock. Is the docker daemon running?" providerName=docker
2026-07-08T03:52:42Z ERR Failed to retrieve information of the docker client and server host error="Cannot connect to the Docker daemon at unix:///var/run/docker.sock. Is the docker daemon running?" providerName=docker
2026-07-08T03:52:42Z ERR Provider error, retrying in 289.073844ms error="Cannot connect to the Docker daemon at unix:///var/run/docker.sock. Is the docker daemon running?" providerName=docker
2026-07-08T03:52:43Z ERR Failed to retrieve information of the docker client and server host error="Cannot connect to the Docker daemon at unix:///var/run/docker.sock. Is the docker daemon running?" providerName=docker
2026-07-08T03:52:43Z ERR Provider error, retrying in 535.128139ms error="Cannot connect to the Docker daemon at unix:///var/run/docker.sock. Is the docker daemon running?" providerName=docker
2026-07-08T03:52:43Z ERR Failed to retrieve information of the docker client and server host error="Cannot connect to the Docker daemon at unix:///var/run/docker.sock. Is the docker daemon running?" providerName=docker
2026-07-08T03:52:43Z ERR Provider error, retrying in 1.554012153s error="Cannot connect to the Docker daemon at unix:///var/run/docker.sock. Is the docker daemon running?" providerName=docker
2026-07-08T03:52:45Z ERR Failed to retrieve information of the docker client and server host error="Cannot connect to the Docker daemon at unix:///var/run/docker.sock. Is the docker daemon running?" providerName=docker
2026-07-08T03:52:45Z ERR Provider error, retrying in 2.167323001s error="Cannot connect to the Docker daemon at unix:///var/run/docker.sock. Is the docker daemon running?" providerName=docker
2026-07-08T03:52:47Z ERR Failed to retrieve information of the docker client and server host error="Cannot connect to the Docker daemon at unix:///var/run/docker.sock. Is the docker daemon running?" providerName=docker
2026-07-08T03:52:47Z ERR Provider error, retrying in 1.274711006s error="Cannot connect to the Docker daemon at unix:///var/run/docker.sock. Is the docker daemon running?" providerName=docker
2026-07-08T03:52:48Z ERR Failed to retrieve information of the docker client and server host error="Cannot connect to the Docker daemon at unix:///var/run/docker.sock. Is the docker daemon running?" providerName=docker
2026-07-08T03:52:48Z ERR Provider error, retrying in 4.733236011s error="Cannot connect to the Docker daemon at unix:///var/run/docker.sock. Is the docker daemon running?" providerName=docker
2026-07-08T03:52:53Z ERR Failed to retrieve information of the docker client and server host error="Cannot connect to the Docker daemon at unix:///var/run/docker.sock. Is the docker daemon running?" providerName=docker
2026-07-08T03:52:53Z ERR Provider error, retrying in 5.710601116s error="Cannot connect to the Docker daemon at unix:///var/run/docker.sock. Is the docker daemon running?" providerName=docker
2026-07-08T03:52:59Z ERR Failed to retrieve information of the docker client and server host error="Cannot connect to the Docker daemon at unix:///var/run/docker.sock. Is the docker daemon running?" providerName=docker
2026-07-08T03:52:59Z ERR Provider error, retrying in 8.861593021s error="Cannot connect to the Docker daemon at unix:///var/run/docker.sock. Is the docker daemon running?" providerName=docker
2026-07-08T03:53:11Z ERR Failed to retrieve information of the docker client and server host error="Cannot connect to the Docker daemon at unix:///var/run/docker.sock. Is the docker daemon running?" providerName=docker
2026-07-08T03:53:11Z ERR Provider error, retrying in 12.486727111s error="Cannot connect to the Docker daemon at unix:///var/run/docker.sock. Is the docker daemon running?" providerName=docker
2026-07-08T03:53:24Z ERR Failed to retrieve information of the docker client and server host error="Cannot connect to the Docker daemon at unix:///var/run/docker.sock. Is the docker daemon running?" providerName=docker
2026-07-08T03:53:24Z ERR Provider error, retrying in 540.618932ms error="Cannot connect to the Docker daemon at unix:///var/run/docker.sock. Is the docker daemon running?" providerName=docker
2026-07-08T03:53:24Z ERR Failed to retrieve information of the docker client and server host error="Cannot connect to the Docker daemon at unix:///var/run/docker.sock. Is the docker daemon running?" providerName=docker
2026-07-08T03:53:24Z ERR Provider error, retrying in 618.100256ms error="Cannot connect to the Docker daemon at unix:///var/run/docker.sock. Is the docker daemon running?" providerName=docker
2026-07-08T03:53:25Z ERR Failed to retrieve information of the docker client and server host error="Cannot connect to the Docker daemon at unix:///var/run/docker.sock. Is the docker daemon running?" providerName=docker
2026-07-08T03:53:25Z ERR Provider error, retrying in 986.750855ms error="Cannot connect to the Docker daemon at unix:///var/run/docker.sock. Is the docker daemon running?" providerName=docker
2026-07-08T03:53:26Z ERR Failed to retrieve information of the docker client and server host error="Cannot connect to the Docker daemon at unix:///var/run/docker.sock. Is the docker daemon running?" providerName=docker
2026-07-08T03:53:26Z ERR Provider error, retrying in 1.9768173s error="Cannot connect to the Docker daemon at unix:///var/run/docker.sock. Is the docker daemon running?" providerName=docker
2026-07-08T03:53:28Z ERR Failed to retrieve information of the docker client and server host error="Cannot connect to the Docker daemon at unix:///var/run/docker.sock. Is the docker daemon running?" providerName=docker
2026-07-08T03:53:28Z ERR Provider error, retrying in 3.242986958s error="Cannot connect to the Docker daemon at unix:///var/run/docker.sock. Is the docker daemon running?" providerName=docker
2026-07-08T03:53:31Z ERR Failed to retrieve information of the docker client and server host error="Cannot connect to the Docker daemon at unix:///var/run/docker.sock. Is the docker daemon running?" providerName=docker
2026-07-08T03:53:31Z ERR Provider error, retrying in 4.466159588s error="Cannot connect to the Docker daemon at unix:///var/run/docker.sock. Is the docker daemon running?" providerName=docker
2026-07-08T03:53:35Z ERR Failed to retrieve information of the docker client and server host error="Cannot connect to the Docker daemon at unix:///var/run/docker.sock. Is the docker daemon running?" providerName=docker
2026-07-08T03:53:35Z ERR Provider error, retrying in 4.824361943s error="Cannot connect to the Docker daemon at unix:///var/run/docker.sock. Is the docker daemon running?" providerName=docker
2026-07-08T03:53:44Z ERR Failed to retrieve information of the docker client and server host error="Cannot connect to the Docker daemon at unix:///var/run/docker.sock. Is the docker daemon running?" providerName=docker
2026-07-08T03:53:44Z ERR Provider error, retrying in 7.81314852s error="Cannot connect to the Docker daemon at unix:///var/run/docker.sock. Is the docker daemon running?" providerName=docker
2026-07-08T03:53:52Z ERR Failed to retrieve information of the docker client and server host error="Cannot connect to the Docker daemon at unix:///var/run/docker.sock. Is the docker daemon running?" providerName=docker
2026-07-08T03:53:52Z ERR Provider error, retrying in 14.321032959s error="Cannot connect to the Docker daemon at unix:///var/run/docker.sock. Is the docker daemon running?" providerName=docker
2026-07-08T03:54:06Z ERR Failed to retrieve information of the docker client and server host error="Cannot connect to the Docker daemon at unix:///var/run/docker.sock. Is the docker daemon running?" providerName=docker
2026-07-08T03:54:06Z ERR Provider error, retrying in 602.452111ms error="Cannot connect to the Docker daemon at unix:///var/run/docker.sock. Is the docker daemon running?" providerName=docker
2026-07-08T03:54:07Z ERR Failed to retrieve information of the docker client and server host error="Cannot connect to the Docker daemon at unix:///var/run/docker.sock. Is the docker daemon running?" providerName=docker
2026-07-08T03:54:07Z ERR Provider error, retrying in 1.031659679s error="Cannot connect to the Docker daemon at unix:///var/run/docker.sock. Is the docker daemon running?" providerName=docker
2026-07-08T03:54:08Z ERR Failed to retrieve information of the docker client and server host error="Cannot connect to the Docker daemon at unix:///var/run/docker.sock. Is the docker daemon running?" providerName=docker
2026-07-08T03:54:08Z ERR Provider error, retrying in 1.472368219s error="Cannot connect to the Docker daemon at unix:///var/run/docker.sock. Is the docker daemon running?" providerName=docker
2026-07-08T03:54:09Z ERR Failed to retrieve information of the docker client and server host error="Cannot connect to the Docker daemon at unix:///var/run/docker.sock. Is the docker daemon running?" providerName=docker
2026-07-08T03:54:09Z ERR Provider error, retrying in 2.472037923s error="Cannot connect to the Docker daemon at unix:///var/run/docker.sock. Is the docker daemon running?" providerName=docker
2026-07-08T03:54:12Z ERR Failed to retrieve information of the docker client and server host error="Cannot connect to the Docker daemon at unix:///var/run/docker.sock. Is the docker daemon running?" providerName=docker
2026-07-08T03:54:12Z ERR Provider error, retrying in 3.495758435s error="Cannot connect to the Docker daemon at unix:///var/run/docker.sock. Is the docker daemon running?" providerName=docker
2026-07-08T03:54:19Z ERR Failed to retrieve information of the docker client and server host error="Cannot connect to the Docker daemon at unix:///var/run/docker.sock. Is the docker daemon running?" providerName=docker
2026-07-08T03:54:19Z ERR Provider error, retrying in 4.488234778s error="Cannot connect to the Docker daemon at unix:///var/run/docker.sock. Is the docker daemon running?" providerName=docker
2026-07-08T03:54:23Z ERR Failed to retrieve information of the docker client and server host error="Cannot connect to the Docker daemon at unix:///var/run/docker.sock. Is the docker daemon running?" providerName=docker
2026-07-08T03:54:23Z ERR Provider error, retrying in 3.532698378s error="Cannot connect to the Docker daemon at unix:///var/run/docker.sock. Is the docker daemon running?" providerName=docker
2026-07-08T03:54:27Z ERR Failed to retrieve information of the docker client and server host error="Cannot connect to the Docker daemon at unix:///var/run/docker.sock. Is the docker daemon running?" providerName=docker
2026-07-08T03:54:27Z ERR Provider error, retrying in 7.627853482s error="Cannot connect to the Docker daemon at unix:///var/run/docker.sock. Is the docker daemon running?" providerName=docker
2026-07-08T03:54:34Z ERR Failed to retrieve information of the docker client and server host error="Cannot connect to the Docker daemon at unix:///var/run/docker.sock. Is the docker daemon running?" providerName=docker
2026-07-08T03:54:34Z ERR Provider error, retrying in 13.626104435s error="Cannot connect to the Docker daemon at unix:///var/run/docker.sock. Is the docker daemon running?" providerName=docker
2026-07-08T03:54:48Z ERR Failed to retrieve information of the docker client and server host error="Cannot connect to the Docker daemon at unix:///var/run/docker.sock. Is the docker daemon running?" providerName=docker
2026-07-08T03:54:48Z ERR Provider error, retrying in 369.015253ms error="Cannot connect to the Docker daemon at unix:///var/run/docker.sock. Is the docker daemon running?" providerName=docker
2026-07-08T03:54:48Z ERR Failed to retrieve information of the docker client and server host error="Cannot connect to the Docker daemon at unix:///var/run/docker.sock. Is the docker daemon running?" providerName=docker
2026-07-08T03:54:48Z ERR Provider error, retrying in 1.034369127s error="Cannot connect to the Docker daemon at unix:///var/run/docker.sock. Is the docker daemon running?" providerName=docker
2026-07-08T03:54:49Z ERR Failed to retrieve information of the docker client and server host error="Cannot connect to the Docker daemon at unix:///var/run/docker.sock. Is the docker daemon running?" providerName=docker
2026-07-08T03:54:49Z ERR Provider error, retrying in 1.139811073s error="Cannot connect to the Docker daemon at unix:///var/run/docker.sock. Is the docker daemon running?" providerName=docker
2026-07-08T03:54:54Z ERR Failed to retrieve information of the docker client and server host error="Cannot connect to the Docker daemon at unix:///var/run/docker.sock. Is the docker daemon running?" providerName=docker
2026-07-08T03:54:54Z ERR Provider error, retrying in 2.163694981s error="Cannot connect to the Docker daemon at unix:///var/run/docker.sock. Is the docker daemon running?" providerName=docker
2026-07-08T03:54:56Z ERR Failed to retrieve information of the docker client and server host error="Cannot connect to the Docker daemon at unix:///var/run/docker.sock. Is the docker daemon running?" providerName=docker
2026-07-08T03:54:56Z ERR Provider error, retrying in 3.638994169s error="Cannot connect to the Docker daemon at unix:///var/run/docker.sock. Is the docker daemon running?" providerName=docker
2026-07-08T03:55:00Z ERR Failed to retrieve information of the docker client and server host error="Cannot connect to the Docker daemon at unix:///var/run/docker.sock. Is the docker daemon running?" providerName=docker
2026-07-08T03:55:00Z ERR Provider error, retrying in 3.472513707s error="Cannot connect to the Docker daemon at unix:///var/run/docker.sock. Is the docker daemon running?" providerName=docker
2026-07-08T03:55:03Z ERR Failed to retrieve information of the docker client and server host error="Cannot connect to the Docker daemon at unix:///var/run/docker.sock. Is the docker daemon running?" providerName=docker
2026-07-08T03:55:03Z ERR Provider error, retrying in 7.545101521s error="Cannot connect to the Docker daemon at unix:///var/run/docker.sock. Is the docker daemon running?" providerName=docker
2026-07-08T03:55:11Z ERR Failed to retrieve information of the docker client and server host error="Cannot connect to the Docker daemon at unix:///var/run/docker.sock. Is the docker daemon running?" providerName=docker
2026-07-08T03:55:11Z ERR Provider error, retrying in 6.973958821s error="Cannot connect to the Docker daemon at unix:///var/run/docker.sock. Is the docker daemon running?" providerName=docker
2026-07-08T03:55:18Z ERR Failed to retrieve information of the docker client and server host error="Cannot connect to the Docker daemon at unix:///var/run/docker.sock. Is the docker daemon running?" providerName=docker
2026-07-08T03:55:18Z ERR Provider error, retrying in 8.082943928s error="Cannot connect to the Docker daemon at unix:///var/run/docker.sock. Is the docker daemon running?" providerName=docker
2026-07-08T03:55:30Z ERR Failed to retrieve information of the docker client and server host error="Cannot connect to the Docker daemon at unix:///var/run/docker.sock. Is the docker daemon running?" providerName=docker
2026-07-08T03:55:30Z ERR Provider error, retrying in 535.904686ms error="Cannot connect to the Docker daemon at unix:///var/run/docker.sock. Is the docker daemon running?" providerName=docker
2026-07-08T03:55:30Z ERR Failed to retrieve information of the docker client and server host error="Cannot connect to the Docker daemon at unix:///var/run/docker.sock. Is the docker daemon running?" providerName=docker
2026-07-08T03:55:30Z ERR Provider error, retrying in 786.424269ms error="Cannot connect to the Docker daemon at unix:///var/run/docker.sock. Is the docker daemon running?" providerName=docker
2026-07-08T03:55:31Z ERR Failed to retrieve information of the docker client and server host error="Cannot connect to the Docker daemon at unix:///var/run/docker.sock. Is the docker daemon running?" providerName=docker
2026-07-08T03:55:31Z ERR Provider error, retrying in 785.749505ms error="Cannot connect to the Docker daemon at unix:///var/run/docker.sock. Is the docker daemon running?" providerName=docker
2026-07-08T03:55:32Z ERR Failed to retrieve information of the docker client and server host error="Cannot connect to the Docker daemon at unix:///var/run/docker.sock. Is the docker daemon running?" providerName=docker
2026-07-08T03:55:32Z ERR Provider error, retrying in 2.22677755s error="Cannot connect to the Docker daemon at unix:///var/run/docker.sock. Is the docker daemon running?" providerName=docker
2026-07-08T03:55:34Z ERR Failed to retrieve information of the docker client and server host error="Cannot connect to the Docker daemon at unix:///var/run/docker.sock. Is the docker daemon running?" providerName=docker
2026-07-08T03:55:34Z ERR Provider error, retrying in 1.776692157s error="Cannot connect to the Docker daemon at unix:///var/run/docker.sock. Is the docker daemon running?" providerName=docker
2026-07-08T03:55:36Z ERR Failed to retrieve information of the docker client and server host error="Cannot connect to the Docker daemon at unix:///var/run/docker.sock. Is the docker daemon running?" providerName=docker
2026-07-08T03:55:36Z ERR Provider error, retrying in 4.207884796s error="Cannot connect to the Docker daemon at unix:///var/run/docker.sock. Is the docker daemon running?" providerName=docker
2026-07-08T03:55:40Z ERR Failed to retrieve information of the docker client and server host error="Cannot connect to the Docker daemon at unix:///var/run/docker.sock. Is the docker daemon running?" providerName=docker
2026-07-08T03:55:40Z ERR Provider error, retrying in 6.321089161s error="Cannot connect to the Docker daemon at unix:///var/run/docker.sock. Is the docker daemon running?" providerName=docker
2026-07-08T03:55:46Z ERR Failed to retrieve information of the docker client and server host error="Cannot connect to the Docker daemon at unix:///var/run/docker.sock. Is the docker daemon running?" providerName=docker
2026-07-08T03:55:46Z ERR Provider error, retrying in 8.168022873s error="Cannot connect to the Docker daemon at unix:///var/run/docker.sock. Is the docker daemon running?" providerName=docker
2026-07-08T03:55:54Z ERR Failed to retrieve information of the docker client and server host error="Cannot connect to the Docker daemon at unix:///var/run/docker.sock. Is the docker daemon running?" providerName=docker
2026-07-08T03:55:54Z ERR Provider error, retrying in 16.106001075s error="Cannot connect to the Docker daemon at unix:///var/run/docker.sock. Is the docker daemon running?" providerName=docker
2026-07-08T03:56:14Z ERR Failed to retrieve information of the docker client and server host error="Cannot connect to the Docker daemon at unix:///var/run/docker.sock. Is the docker daemon running?" providerName=docker
2026-07-08T03:56:14Z ERR Provider error, retrying in 718.757048ms error="Cannot connect to the Docker daemon at unix:///var/run/docker.sock. Is the docker daemon running?" providerName=docker
2026-07-08T03:56:15Z ERR Failed to retrieve information of the docker client and server host error="Cannot connect to the Docker daemon at unix:///var/run/docker.sock. Is the docker daemon running?" providerName=docker
2026-07-08T03:56:15Z ERR Provider error, retrying in 387.017561ms error="Cannot connect to the Docker daemon at unix:///var/run/docker.sock. Is the docker daemon running?" providerName=docker
2026-07-08T03:56:15Z ERR Failed to retrieve information of the docker client and server host error="Cannot connect to the Docker daemon at unix:///var/run/docker.sock. Is the docker daemon running?" providerName=docker
2026-07-08T03:56:15Z ERR Provider error, retrying in 1.188460113s error="Cannot connect to the Docker daemon at unix:///var/run/docker.sock. Is the docker daemon running?" providerName=docker
2026-07-08T03:56:16Z ERR Failed to retrieve information of the docker client and server host error="Cannot connect to the Docker daemon at unix:///var/run/docker.sock. Is the docker daemon running?" providerName=docker
2026-07-08T03:56:16Z ERR Provider error, retrying in 1.736838851s error="Cannot connect to the Docker daemon at unix:///var/run/docker.sock. Is the docker daemon running?" providerName=docker
2026-07-08T03:56:18Z ERR Failed to retrieve information of the docker client and server host error="Cannot connect to the Docker daemon at unix:///var/run/docker.sock. Is the docker daemon running?" providerName=docker
2026-07-08T03:56:18Z ERR Provider error, retrying in 3.554945235s error="Cannot connect to the Docker daemon at unix:///var/run/docker.sock. Is the docker daemon running?" providerName=docker
2026-07-08T03:56:22Z ERR Failed to retrieve information of the docker client and server host error="Cannot connect to the Docker daemon at unix:///var/run/docker.sock. Is the docker daemon running?" providerName=docker
2026-07-08T03:56:22Z ERR Provider error, retrying in 4.596257767s error="Cannot connect to the Docker daemon at unix:///var/run/docker.sock. Is the docker daemon running?" providerName=docker
2026-07-08T03:56:26Z ERR Failed to retrieve information of the docker client and server host error="Cannot connect to the Docker daemon at unix:///var/run/docker.sock. Is the docker daemon running?" providerName=docker
2026-07-08T03:56:26Z ERR Provider error, retrying in 5.886457041s error="Cannot connect to the Docker daemon at unix:///var/run/docker.sock. Is the docker daemon running?" providerName=docker
2026-07-08T03:56:32Z ERR Failed to retrieve information of the docker client and server host error="Cannot connect to the Docker daemon at unix:///var/run/docker.sock. Is the docker daemon running?" providerName=docker
2026-07-08T03:56:32Z ERR Provider error, retrying in 5.027356267s error="Cannot connect to the Docker daemon at unix:///var/run/docker.sock. Is the docker daemon running?" providerName=docker
2026-07-08T03:56:37Z ERR Failed to retrieve information of the docker client and server host error="Cannot connect to the Docker daemon at unix:///var/run/docker.sock. Is the docker daemon running?" providerName=docker
2026-07-08T03:56:37Z ERR Provider error, retrying in 8.936303299s error="Cannot connect to the Docker daemon at unix:///var/run/docker.sock. Is the docker daemon running?" providerName=docker
2026-07-08T03:56:50Z ERR Failed to retrieve information of the docker client and server host error="Cannot connect to the Docker daemon at unix:///var/run/docker.sock. Is the docker daemon running?" providerName=docker
2026-07-08T03:56:50Z ERR Provider error, retrying in 363.523968ms error="Cannot connect to the Docker daemon at unix:///var/run/docker.sock. Is the docker daemon running?" providerName=docker
2026-07-08T03:56:50Z ERR Failed to retrieve information of the docker client and server host error="Cannot connect to the Docker daemon at unix:///var/run/docker.sock. Is the docker daemon running?" providerName=docker
2026-07-08T03:56:50Z ERR Provider error, retrying in 1.072577973s error="Cannot connect to the Docker daemon at unix:///var/run/docker.sock. Is the docker daemon running?" providerName=docker
2026-07-08T03:56:51Z ERR Failed to retrieve information of the docker client and server host error="Cannot connect to the Docker daemon at unix:///var/run/docker.sock. Is the docker daemon running?" providerName=docker
2026-07-08T03:56:51Z ERR Provider error, retrying in 1.245525577s error="Cannot connect to the Docker daemon at unix:///var/run/docker.sock. Is the docker daemon running?" providerName=docker
2026-07-08T03:56:52Z ERR Failed to retrieve information of the docker client and server host error="Cannot connect to the Docker daemon at unix:///var/run/docker.sock. Is the docker daemon running?" providerName=docker
2026-07-08T03:56:52Z ERR Provider error, retrying in 1.828543067s error="Cannot connect to the Docker daemon at unix:///var/run/docker.sock. Is the docker daemon running?" providerName=docker
2026-07-08T03:56:54Z ERR Failed to retrieve information of the docker client and server host error="Cannot connect to the Docker daemon at unix:///var/run/docker.sock. Is the docker daemon running?" providerName=docker
2026-07-08T03:56:54Z ERR Provider error, retrying in 3.267296904s error="Cannot connect to the Docker daemon at unix:///var/run/docker.sock. Is the docker daemon running?" providerName=docker
2026-07-08T03:56:57Z ERR Failed to retrieve information of the docker client and server host error="Cannot connect to the Docker daemon at unix:///var/run/docker.sock. Is the docker daemon running?" providerName=docker
2026-07-08T03:56:57Z ERR Provider error, retrying in 2.37140273s error="Cannot connect to the Docker daemon at unix:///var/run/docker.sock. Is the docker daemon running?" providerName=docker
2026-07-08T03:57:00Z ERR Failed to retrieve information of the docker client and server host error="Cannot connect to the Docker daemon at unix:///var/run/docker.sock. Is the docker daemon running?" providerName=docker
2026-07-08T03:57:00Z ERR Provider error, retrying in 8.196501411s error="Cannot connect to the Docker daemon at unix:///var/run/docker.sock. Is the docker daemon running?" providerName=docker
2026-07-08T03:57:08Z ERR Failed to retrieve information of the docker client and server host error="Cannot connect to the Docker daemon at unix:///var/run/docker.sock. Is the docker daemon running?" providerName=docker
2026-07-08T03:57:08Z ERR Provider error, retrying in 6.291011884s error="Cannot connect to the Docker daemon at unix:///var/run/docker.sock. Is the docker daemon running?" providerName=docker
2026-07-08T03:57:18Z ERR Failed to retrieve information of the docker client and server host error="Cannot connect to the Docker daemon at unix:///var/run/docker.sock. Is the docker daemon running?" providerName=docker
2026-07-08T03:57:18Z ERR Provider error, retrying in 18.044723711s error="Cannot connect to the Docker daemon at unix:///var/run/docker.sock. Is the docker daemon running?" providerName=docker
2026-07-08T03:57:36Z ERR Failed to retrieve information of the docker client and server host error="Cannot connect to the Docker daemon at unix:///var/run/docker.sock. Is the docker daemon running?" providerName=docker
2026-07-08T03:57:36Z ERR Provider error, retrying in 368.88799ms error="Cannot connect to the Docker daemon at unix:///var/run/docker.sock. Is the docker daemon running?" providerName=docker
2026-07-08T03:57:36Z ERR Failed to retrieve information of the docker client and server host error="Cannot connect to the Docker daemon at unix:///var/run/docker.sock. Is the docker daemon running?" providerName=docker
2026-07-08T03:57:36Z ERR Provider error, retrying in 383.640827ms error="Cannot connect to the Docker daemon at unix:///var/run/docker.sock. Is the docker daemon running?" providerName=docker
2026-07-08T03:57:37Z ERR Failed to retrieve information of the docker client and server host error="Cannot connect to the Docker daemon at unix:///var/run/docker.sock. Is the docker daemon running?" providerName=docker
2026-07-08T03:57:37Z ERR Provider error, retrying in 803.469013ms error="Cannot connect to the Docker daemon at unix:///var/run/docker.sock. Is the docker daemon running?" providerName=docker
2026-07-08T03:57:37Z ERR Failed to retrieve information of the docker client and server host error="Cannot connect to the Docker daemon at unix:///var/run/docker.sock. Is the docker daemon running?" providerName=docker
2026-07-08T03:57:37Z ERR Provider error, retrying in 1.535443349s error="Cannot connect to the Docker daemon at unix:///var/run/docker.sock. Is the docker daemon running?" providerName=docker
2026-07-08T03:57:39Z ERR Failed to retrieve information of the docker client and server host error="Cannot connect to the Docker daemon at unix:///var/run/docker.sock. Is the docker daemon running?" providerName=docker
2026-07-08T03:57:39Z ERR Provider error, retrying in 1.312575328s error="Cannot connect to the Docker daemon at unix:///var/run/docker.sock. Is the docker daemon running?" providerName=docker
2026-07-08T03:57:40Z ERR Failed to retrieve information of the docker client and server host error="Cannot connect to the Docker daemon at unix:///var/run/docker.sock. Is the docker daemon running?" providerName=docker
2026-07-08T03:57:40Z ERR Provider error, retrying in 2.684333393s error="Cannot connect to the Docker daemon at unix:///var/run/docker.sock. Is the docker daemon running?" providerName=docker
2026-07-08T03:57:43Z ERR Failed to retrieve information of the docker client and server host error="Cannot connect to the Docker daemon at unix:///var/run/docker.sock. Is the docker daemon running?" providerName=docker
2026-07-08T03:57:43Z ERR Provider error, retrying in 7.235537999s error="Cannot connect to the Docker daemon at unix:///var/run/docker.sock. Is the docker daemon running?" providerName=docker
2026-07-08T03:57:54Z ERR Failed to retrieve information of the docker client and server host error="Cannot connect to the Docker daemon at unix:///var/run/docker.sock. Is the docker daemon running?" providerName=docker
2026-07-08T03:57:54Z ERR Provider error, retrying in 5.484089224s error="Cannot connect to the Docker daemon at unix:///var/run/docker.sock. Is the docker daemon running?" providerName=docker
2026-07-08T03:57:59Z ERR Failed to retrieve information of the docker client and server host error="Cannot connect to the Docker daemon at unix:///var/run/docker.sock. Is the docker daemon running?" providerName=docker
2026-07-08T03:57:59Z ERR Provider error, retrying in 9.39911849s error="Cannot connect to the Docker daemon at unix:///var/run/docker.sock. Is the docker daemon running?" providerName=docker
2026-07-08T03:58:09Z ERR Failed to retrieve information of the docker client and server host error="Cannot connect to the Docker daemon at unix:///var/run/docker.sock. Is the docker daemon running?" providerName=docker
2026-07-08T03:58:09Z ERR Provider error, retrying in 15.562927609s error="Cannot connect to the Docker daemon at unix:///var/run/docker.sock. Is the docker daemon running?" providerName=docker
2026-07-08T03:58:24Z ERR Failed to retrieve information of the docker client and server host error="Cannot connect to the Docker daemon at unix:///var/run/docker.sock. Is the docker daemon running?" providerName=docker
2026-07-08T03:58:24Z ERR Provider error, retrying in 725.30936ms error="Cannot connect to the Docker daemon at unix:///var/run/docker.sock. Is the docker daemon running?" providerName=docker
2026-07-08T03:58:29Z ERR Failed to retrieve information of the docker client and server host error="Cannot connect to the Docker daemon at unix:///var/run/docker.sock. Is the docker daemon running?" providerName=docker
2026-07-08T03:58:29Z ERR Provider error, retrying in 455.976422ms error="Cannot connect to the Docker daemon at unix:///var/run/docker.sock. Is the docker daemon running?" providerName=docker
2026-07-08T03:58:29Z ERR Failed to retrieve information of the docker client and server host error="Cannot connect to the Docker daemon at unix:///var/run/docker.sock. Is the docker daemon running?" providerName=docker
2026-07-08T03:58:29Z ERR Provider error, retrying in 1.587903692s error="Cannot connect to the Docker daemon at unix:///var/run/docker.sock. Is the docker daemon running?" providerName=docker
2026-07-08T03:58:31Z ERR Failed to retrieve information of the docker client and server host error="Cannot connect to the Docker daemon at unix:///var/run/docker.sock. Is the docker daemon running?" providerName=docker
2026-07-08T03:58:31Z ERR Provider error, retrying in 1.049165134s error="Cannot connect to the Docker daemon at unix:///var/run/docker.sock. Is the docker daemon running?" providerName=docker
2026-07-08T03:58:32Z ERR Failed to retrieve information of the docker client and server host error="Cannot connect to the Docker daemon at unix:///var/run/docker.sock. Is the docker daemon running?" providerName=docker
2026-07-08T03:58:32Z ERR Provider error, retrying in 3.008969204s error="Cannot connect to the Docker daemon at unix:///var/run/docker.sock. Is the docker daemon running?" providerName=docker
2026-07-08T03:58:35Z ERR Failed to retrieve information of the docker client and server host error="Cannot connect to the Docker daemon at unix:///var/run/docker.sock. Is the docker daemon running?" providerName=docker
2026-07-08T03:58:35Z ERR Provider error, retrying in 2.925841605s error="Cannot connect to the Docker daemon at unix:///var/run/docker.sock. Is the docker daemon running?" providerName=docker
2026-07-08T03:58:38Z ERR Failed to retrieve information of the docker client and server host error="Cannot connect to the Docker daemon at unix:///var/run/docker.sock. Is the docker daemon running?" providerName=docker
2026-07-08T03:58:38Z ERR Provider error, retrying in 8.025963633s error="Cannot connect to the Docker daemon at unix:///var/run/docker.sock. Is the docker daemon running?" providerName=docker
2026-07-08T03:58:46Z ERR Failed to retrieve information of the docker client and server host error="Cannot connect to the Docker daemon at unix:///var/run/docker.sock. Is the docker daemon running?" providerName=docker
2026-07-08T03:58:46Z ERR Provider error, retrying in 11.747605859s error="Cannot connect to the Docker daemon at unix:///var/run/docker.sock. Is the docker daemon running?" providerName=docker
2026-07-08T03:58:57Z ERR Failed to retrieve information of the docker client and server host error="Cannot connect to the Docker daemon at unix:///var/run/docker.sock. Is the docker daemon running?" providerName=docker
2026-07-08T03:58:57Z ERR Provider error, retrying in 12.743967192s error="Cannot connect to the Docker daemon at unix:///var/run/docker.sock. Is the docker daemon running?" providerName=docker
2026-07-08T03:59:14Z ERR Failed to retrieve information of the docker client and server host error="Cannot connect to the Docker daemon at unix:///var/run/docker.sock. Is the docker daemon running?" providerName=docker
2026-07-08T03:59:14Z ERR Provider error, retrying in 256.057773ms error="Cannot connect to the Docker daemon at unix:///var/run/docker.sock. Is the docker daemon running?" providerName=docker
2026-07-08T03:59:14Z ERR Failed to retrieve information of the docker client and server host error="Cannot connect to the Docker daemon at unix:///var/run/docker.sock. Is the docker daemon running?" providerName=docker
2026-07-08T03:59:14Z ERR Provider error, retrying in 1.036117554s error="Cannot connect to the Docker daemon at unix:///var/run/docker.sock. Is the docker daemon running?" providerName=docker
2026-07-08T03:59:15Z ERR Failed to retrieve information of the docker client and server host error="Cannot connect to the Docker daemon at unix:///var/run/docker.sock. Is the docker daemon running?" providerName=docker
2026-07-08T03:59:15Z ERR Provider error, retrying in 1.146542311s error="Cannot connect to the Docker daemon at unix:///var/run/docker.sock. Is the docker daemon running?" providerName=docker
2026-07-08T03:59:16Z ERR Failed to retrieve information of the docker client and server host error="Cannot connect to the Docker daemon at unix:///var/run/docker.sock. Is the docker daemon running?" providerName=docker
2026-07-08T03:59:16Z ERR Provider error, retrying in 1.546646898s error="Cannot connect to the Docker daemon at unix:///var/run/docker.sock. Is the docker daemon running?" providerName=docker
2026-07-08T03:59:18Z ERR Failed to retrieve information of the docker client and server host error="Cannot connect to the Docker daemon at unix:///var/run/docker.sock. Is the docker daemon running?" providerName=docker
2026-07-08T03:59:18Z ERR Provider error, retrying in 1.461720781s error="Cannot connect to the Docker daemon at unix:///var/run/docker.sock. Is the docker daemon running?" providerName=docker
2026-07-08T03:59:19Z ERR Failed to retrieve information of the docker client and server host error="Cannot connect to the Docker daemon at unix:///var/run/docker.sock. Is the docker daemon running?" providerName=docker
2026-07-08T03:59:19Z ERR Provider error, retrying in 4.49756341s error="Cannot connect to the Docker daemon at unix:///var/run/docker.sock. Is the docker daemon running?" providerName=docker
2026-07-08T03:59:24Z ERR Failed to retrieve information of the docker client and server host error="Cannot connect to the Docker daemon at unix:///var/run/docker.sock. Is the docker daemon running?" providerName=docker
2026-07-08T03:59:24Z ERR Provider error, retrying in 3.596579373s error="Cannot connect to the Docker daemon at unix:///var/run/docker.sock. Is the docker daemon running?" providerName=docker
2026-07-08T03:59:27Z ERR Failed to retrieve information of the docker client and server host error="Cannot connect to the Docker daemon at unix:///var/run/docker.sock. Is the docker daemon running?" providerName=docker
2026-07-08T03:59:27Z ERR Provider error, retrying in 11.862095243s error="Cannot connect to the Docker daemon at unix:///var/run/docker.sock. Is the docker daemon running?" providerName=docker
2026-07-08T03:59:43Z ERR Failed to retrieve information of the docker client and server host error="Cannot connect to the Docker daemon at unix:///var/run/docker.sock. Is the docker daemon running?" providerName=docker
2026-07-08T03:59:43Z ERR Provider error, retrying in 8.044394666s error="Cannot connect to the Docker daemon at unix:///var/run/docker.sock. Is the docker daemon running?" providerName=docker
2026-07-08T03:59:51Z ERR Failed to retrieve information of the docker client and server host error="Cannot connect to the Docker daemon at unix:///var/run/docker.sock. Is the docker daemon running?" providerName=docker
2026-07-08T03:59:51Z ERR Provider error, retrying in 550.29051ms error="Cannot connect to the Docker daemon at unix:///var/run/docker.sock. Is the docker daemon running?" providerName=docker
2026-07-08T03:59:51Z ERR Failed to retrieve information of the docker client and server host error="Cannot connect to the Docker daemon at unix:///var/run/docker.sock. Is the docker daemon running?" providerName=docker
2026-07-08T03:59:51Z ERR Provider error, retrying in 562.412672ms error="Cannot connect to the Docker daemon at unix:///var/run/docker.sock. Is the docker daemon running?" providerName=docker
2026-07-08T03:59:52Z ERR Failed to retrieve information of the docker client and server host error="Cannot connect to the Docker daemon at unix:///var/run/docker.sock. Is the docker daemon running?" providerName=docker
2026-07-08T03:59:52Z ERR Provider error, retrying in 1.152755148s error="Cannot connect to the Docker daemon at unix:///var/run/docker.sock. Is the docker daemon running?" providerName=docker
2026-07-08T03:59:53Z ERR Failed to retrieve information of the docker client and server host error="Cannot connect to the Docker daemon at unix:///var/run/docker.sock. Is the docker daemon running?" providerName=docker
2026-07-08T03:59:53Z ERR Provider error, retrying in 912.485023ms error="Cannot connect to the Docker daemon at unix:///var/run/docker.sock. Is the docker daemon running?" providerName=docker
2026-07-08T03:59:54Z ERR Failed to retrieve information of the docker client and server host error="Cannot connect to the Docker daemon at unix:///var/run/docker.sock. Is the docker daemon running?" providerName=docker
2026-07-08T03:59:54Z ERR Provider error, retrying in 2.389790534s error="Cannot connect to the Docker daemon at unix:///var/run/docker.sock. Is the docker daemon running?" providerName=docker
2026-07-08T03:59:56Z ERR Failed to retrieve information of the docker client and server host error="Cannot connect to the Docker daemon at unix:///var/run/docker.sock. Is the docker daemon running?" providerName=docker
2026-07-08T03:59:56Z ERR Provider error, retrying in 1.952653627s error="Cannot connect to the Docker daemon at unix:///var/run/docker.sock. Is the docker daemon running?" providerName=docker
2026-07-08T03:59:58Z ERR Failed to retrieve information of the docker client and server host error="Cannot connect to the Docker daemon at unix:///var/run/docker.sock. Is the docker daemon running?" providerName=docker
2026-07-08T03:59:58Z ERR Provider error, retrying in 3.717859493s error="Cannot connect to the Docker daemon at unix:///var/run/docker.sock. Is the docker daemon running?" providerName=docker
2026-07-08T04:00:02Z ERR Failed to retrieve information of the docker client and server host error="Cannot connect to the Docker daemon at unix:///var/run/docker.sock. Is the docker daemon running?" providerName=docker
2026-07-08T04:00:02Z ERR Provider error, retrying in 4.397360133s error="Cannot connect to the Docker daemon at unix:///var/run/docker.sock. Is the docker daemon running?" providerName=docker
2026-07-08T04:00:06Z ERR Failed to retrieve information of the docker client and server host error="Cannot connect to the Docker daemon at unix:///var/run/docker.sock. Is the docker daemon running?" providerName=docker
2026-07-08T04:00:06Z ERR Provider error, retrying in 15.102668728s error="Cannot connect to the Docker daemon at unix:///var/run/docker.sock. Is the docker daemon running?" providerName=docker
2026-07-08T04:00:25Z ERR Failed to retrieve information of the docker client and server host error="Cannot connect to the Docker daemon at unix:///var/run/docker.sock. Is the docker daemon running?" providerName=docker
2026-07-08T04:00:25Z ERR Provider error, retrying in 454.40262ms error="Cannot connect to the Docker daemon at unix:///var/run/docker.sock. Is the docker daemon running?" providerName=docker
2026-07-08T04:00:26Z ERR Failed to retrieve information of the docker client and server host error="Cannot connect to the Docker daemon at unix:///var/run/docker.sock. Is the docker daemon running?" providerName=docker
2026-07-08T04:00:26Z ERR Provider error, retrying in 750.206325ms error="Cannot connect to the Docker daemon at unix:///var/run/docker.sock. Is the docker daemon running?" providerName=docker
2026-07-08T04:00:26Z ERR Failed to retrieve information of the docker client and server host error="Cannot connect to the Docker daemon at unix:///var/run/docker.sock. Is the docker daemon running?" providerName=docker
2026-07-08T04:00:26Z ERR Provider error, retrying in 1.266761283s error="Cannot connect to the Docker daemon at unix:///var/run/docker.sock. Is the docker daemon running?" providerName=docker
2026-07-08T04:00:28Z ERR Failed to retrieve information of the docker client and server host error="Cannot connect to the Docker daemon at unix:///var/run/docker.sock. Is the docker daemon running?" providerName=docker
2026-07-08T04:00:28Z ERR Provider error, retrying in 1.737656912s error="Cannot connect to the Docker daemon at unix:///var/run/docker.sock. Is the docker daemon running?" providerName=docker
2026-07-08T04:00:29Z ERR Failed to retrieve information of the docker client and server host error="Cannot connect to the Docker daemon at unix:///var/run/docker.sock. Is the docker daemon running?" providerName=docker
2026-07-08T04:00:29Z ERR Provider error, retrying in 1.727638283s error="Cannot connect to the Docker daemon at unix:///var/run/docker.sock. Is the docker daemon running?" providerName=docker
2026-07-08T04:00:31Z ERR Failed to retrieve information of the docker client and server host error="Cannot connect to the Docker daemon at unix:///var/run/docker.sock. Is the docker daemon running?" providerName=docker
2026-07-08T04:00:31Z ERR Provider error, retrying in 3.24972693s error="Cannot connect to the Docker daemon at unix:///var/run/docker.sock. Is the docker daemon running?" providerName=docker
2026-07-08T04:00:34Z ERR Failed to retrieve information of the docker client and server host error="Cannot connect to the Docker daemon at unix:///var/run/docker.sock. Is the docker daemon running?" providerName=docker
2026-07-08T04:00:34Z ERR Provider error, retrying in 6.517231272s error="Cannot connect to the Docker daemon at unix:///var/run/docker.sock. Is the docker daemon running?" providerName=docker
2026-07-08T04:00:41Z ERR Failed to retrieve information of the docker client and server host error="Cannot connect to the Docker daemon at unix:///var/run/docker.sock. Is the docker daemon running?" providerName=docker
2026-07-08T04:00:41Z ERR Provider error, retrying in 11.983285086s error="Cannot connect to the Docker daemon at unix:///var/run/docker.sock. Is the docker daemon running?" providerName=docker
2026-07-08T04:00:56Z ERR Failed to retrieve information of the docker client and server host error="Cannot connect to the Docker daemon at unix:///var/run/docker.sock. Is the docker daemon running?" providerName=docker
2026-07-08T04:00:56Z ERR Provider error, retrying in 11.645499045s error="Cannot connect to the Docker daemon at unix:///var/run/docker.sock. Is the docker daemon running?" providerName=docker
2026-07-08T04:01:08Z ERR Failed to retrieve information of the docker client and server host error="Cannot connect to the Docker daemon at unix:///var/run/docker.sock. Is the docker daemon running?" providerName=docker
2026-07-08T04:01:08Z ERR Provider error, retrying in 448.104323ms error="Cannot connect to the Docker daemon at unix:///var/run/docker.sock. Is the docker daemon running?" providerName=docker
2026-07-08T04:01:09Z ERR Failed to retrieve information of the docker client and server host error="Cannot connect to the Docker daemon at unix:///var/run/docker.sock. Is the docker daemon running?" providerName=docker
2026-07-08T04:01:09Z ERR Provider error, retrying in 505.617598ms error="Cannot connect to the Docker daemon at unix:///var/run/docker.sock. Is the docker daemon running?" providerName=docker
2026-07-08T04:01:09Z ERR Failed to retrieve information of the docker client and server host error="Cannot connect to the Docker daemon at unix:///var/run/docker.sock. Is the docker daemon running?" providerName=docker
2026-07-08T04:01:09Z ERR Provider error, retrying in 1.079347094s error="Cannot connect to the Docker daemon at unix:///var/run/docker.sock. Is the docker daemon running?" providerName=docker
2026-07-08T04:01:10Z ERR Failed to retrieve information of the docker client and server host error="Cannot connect to the Docker daemon at unix:///var/run/docker.sock. Is the docker daemon running?" providerName=docker
2026-07-08T04:01:10Z ERR Provider error, retrying in 2.140481664s error="Cannot connect to the Docker daemon at unix:///var/run/docker.sock. Is the docker daemon running?" providerName=docker
2026-07-08T04:01:12Z ERR Failed to retrieve information of the docker client and server host error="Cannot connect to the Docker daemon at unix:///var/run/docker.sock. Is the docker daemon running?" providerName=docker
2026-07-08T04:01:12Z ERR Provider error, retrying in 1.806359178s error="Cannot connect to the Docker daemon at unix:///var/run/docker.sock. Is the docker daemon running?" providerName=docker
2026-07-08T04:01:14Z ERR Failed to retrieve information of the docker client and server host error="Cannot connect to the Docker daemon at unix:///var/run/docker.sock. Is the docker daemon running?" providerName=docker
2026-07-08T04:01:14Z ERR Provider error, retrying in 3.934765477s error="Cannot connect to the Docker daemon at unix:///var/run/docker.sock. Is the docker daemon running?" providerName=docker
2026-07-08T04:01:18Z ERR Failed to retrieve information of the docker client and server host error="Cannot connect to the Docker daemon at unix:///var/run/docker.sock. Is the docker daemon running?" providerName=docker
2026-07-08T04:01:18Z ERR Provider error, retrying in 3.148062247s error="Cannot connect to the Docker daemon at unix:///var/run/docker.sock. Is the docker daemon running?" providerName=docker
2026-07-08T04:01:21Z ERR Failed to retrieve information of the docker client and server host error="Cannot connect to the Docker daemon at unix:///var/run/docker.sock. Is the docker daemon running?" providerName=docker
2026-07-08T04:01:21Z ERR Provider error, retrying in 7.441316286s error="Cannot connect to the Docker daemon at unix:///var/run/docker.sock. Is the docker daemon running?" providerName=docker
2026-07-08T04:01:32Z ERR Failed to retrieve information of the docker client and server host error="Cannot connect to the Docker daemon at unix:///var/run/docker.sock. Is the docker daemon running?" providerName=docker
2026-07-08T04:01:32Z ERR Provider error, retrying in 14.921655723s error="Cannot connect to the Docker daemon at unix:///var/run/docker.sock. Is the docker daemon running?" providerName=docker
2026-07-08T04:01:47Z ERR Failed to retrieve information of the docker client and server host error="Cannot connect to the Docker daemon at unix:///var/run/docker.sock. Is the docker daemon running?" providerName=docker
2026-07-08T04:01:47Z ERR Provider error, retrying in 413.185425ms error="Cannot connect to the Docker daemon at unix:///var/run/docker.sock. Is the docker daemon running?" providerName=docker
2026-07-08T04:01:48Z ERR Failed to retrieve information of the docker client and server host error="Cannot connect to the Docker daemon at unix:///var/run/docker.sock. Is the docker daemon running?" providerName=docker
2026-07-08T04:01:48Z ERR Provider error, retrying in 776.932966ms error="Cannot connect to the Docker daemon at unix:///var/run/docker.sock. Is the docker daemon running?" providerName=docker
2026-07-08T04:01:48Z ERR Failed to retrieve information of the docker client and server host error="Cannot connect to the Docker daemon at unix:///var/run/docker.sock. Is the docker daemon running?" providerName=docker
2026-07-08T04:01:48Z ERR Provider error, retrying in 635.785325ms error="Cannot connect to the Docker daemon at unix:///var/run/docker.sock. Is the docker daemon running?" providerName=docker
2026-07-08T04:01:49Z ERR Failed to retrieve information of the docker client and server host error="Cannot connect to the Docker daemon at unix:///var/run/docker.sock. Is the docker daemon running?" providerName=docker
2026-07-08T04:01:49Z ERR Provider error, retrying in 1.058605857s error="Cannot connect to the Docker daemon at unix:///var/run/docker.sock. Is the docker daemon running?" providerName=docker
2026-07-08T04:01:50Z ERR Failed to retrieve information of the docker client and server host error="Cannot connect to the Docker daemon at unix:///var/run/docker.sock. Is the docker daemon running?" providerName=docker
2026-07-08T04:01:50Z ERR Provider error, retrying in 2.154099886s error="Cannot connect to the Docker daemon at unix:///var/run/docker.sock. Is the docker daemon running?" providerName=docker
2026-07-08T04:01:52Z ERR Failed to retrieve information of the docker client and server host error="Cannot connect to the Docker daemon at unix:///var/run/docker.sock. Is the docker daemon running?" providerName=docker
2026-07-08T04:01:52Z ERR Provider error, retrying in 2.072679221s error="Cannot connect to the Docker daemon at unix:///var/run/docker.sock. Is the docker daemon running?" providerName=docker
2026-07-08T04:01:54Z ERR Failed to retrieve information of the docker client and server host error="Cannot connect to the Docker daemon at unix:///var/run/docker.sock. Is the docker daemon running?" providerName=docker
2026-07-08T04:01:54Z ERR Provider error, retrying in 6.323404966s error="Cannot connect to the Docker daemon at unix:///var/run/docker.sock. Is the docker daemon running?" providerName=docker
2026-07-08T04:02:04Z ERR Failed to retrieve information of the docker client and server host error="Cannot connect to the Docker daemon at unix:///var/run/docker.sock. Is the docker daemon running?" providerName=docker
2026-07-08T04:02:04Z ERR Provider error, retrying in 8.917987139s error="Cannot connect to the Docker daemon at unix:///var/run/docker.sock. Is the docker daemon running?" providerName=docker
2026-07-08T04:02:13Z ERR Failed to retrieve information of the docker client and server host error="Cannot connect to the Docker daemon at unix:///var/run/docker.sock. Is the docker daemon running?" providerName=docker
2026-07-08T04:02:13Z ERR Provider error, retrying in 18.134420894s error="Cannot connect to the Docker daemon at unix:///var/run/docker.sock. Is the docker daemon running?" providerName=docker
2026-07-08T04:02:31Z ERR Failed to retrieve information of the docker client and server host error="Cannot connect to the Docker daemon at unix:///var/run/docker.sock. Is the docker daemon running?" providerName=docker
2026-07-08T04:02:31Z ERR Provider error, retrying in 356.305985ms error="Cannot connect to the Docker daemon at unix:///var/run/docker.sock. Is the docker daemon running?" providerName=docker
2026-07-08T04:02:32Z ERR Failed to retrieve information of the docker client and server host error="Cannot connect to the Docker daemon at unix:///var/run/docker.sock. Is the docker daemon running?" providerName=docker
2026-07-08T04:02:32Z ERR Provider error, retrying in 744.275478ms error="Cannot connect to the Docker daemon at unix:///var/run/docker.sock. Is the docker daemon running?" providerName=docker
2026-07-08T04:02:32Z ERR Failed to retrieve information of the docker client and server host error="Cannot connect to the Docker daemon at unix:///var/run/docker.sock. Is the docker daemon running?" providerName=docker
2026-07-08T04:02:32Z ERR Provider error, retrying in 1.155958065s error="Cannot connect to the Docker daemon at unix:///var/run/docker.sock. Is the docker daemon running?" providerName=docker
2026-07-08T04:02:33Z ERR Failed to retrieve information of the docker client and server host error="Cannot connect to the Docker daemon at unix:///var/run/docker.sock. Is the docker daemon running?" providerName=docker
2026-07-08T04:02:33Z ERR Provider error, retrying in 985.325073ms error="Cannot connect to the Docker daemon at unix:///var/run/docker.sock. Is the docker daemon running?" providerName=docker
2026-07-08T04:02:34Z ERR Failed to retrieve information of the docker client and server host error="Cannot connect to the Docker daemon at unix:///var/run/docker.sock. Is the docker daemon running?" providerName=docker
2026-07-08T04:02:34Z ERR Provider error, retrying in 1.835558685s error="Cannot connect to the Docker daemon at unix:///var/run/docker.sock. Is the docker daemon running?" providerName=docker
2026-07-08T04:02:40Z ERR Failed to retrieve information of the docker client and server host error="Cannot connect to the Docker daemon at unix:///var/run/docker.sock. Is the docker daemon running?" providerName=docker
2026-07-08T04:02:40Z ERR Provider error, retrying in 2.093762389s error="Cannot connect to the Docker daemon at unix:///var/run/docker.sock. Is the docker daemon running?" providerName=docker
2026-07-08T04:02:42Z ERR Failed to retrieve information of the docker client and server host error="Cannot connect to the Docker daemon at unix:///var/run/docker.sock. Is the docker daemon running?" providerName=docker
2026-07-08T04:02:42Z ERR Provider error, retrying in 5.909525987s error="Cannot connect to the Docker daemon at unix:///var/run/docker.sock. Is the docker daemon running?" providerName=docker
2026-07-08T04:02:48Z ERR Failed to retrieve information of the docker client and server host error="Cannot connect to the Docker daemon at unix:///var/run/docker.sock. Is the docker daemon running?" providerName=docker
2026-07-08T04:02:48Z ERR Provider error, retrying in 11.638705682s error="Cannot connect to the Docker daemon at unix:///var/run/docker.sock. Is the docker daemon running?" providerName=docker
2026-07-08T04:03:00Z ERR Failed to retrieve information of the docker client and server host error="Cannot connect to the Docker daemon at unix:///var/run/docker.sock. Is the docker daemon running?" providerName=docker
2026-07-08T04:03:00Z ERR Provider error, retrying in 17.618649171s error="Cannot connect to the Docker daemon at unix:///var/run/docker.sock. Is the docker daemon running?" providerName=docker
2026-07-08T04:03:21Z ERR Failed to retrieve information of the docker client and server host error="Cannot connect to the Docker daemon at unix:///var/run/docker.sock. Is the docker daemon running?" providerName=docker
2026-07-08T04:03:21Z ERR Provider error, retrying in 421.045561ms error="Cannot connect to the Docker daemon at unix:///var/run/docker.sock. Is the docker daemon running?" providerName=docker
2026-07-08T04:03:21Z ERR Failed to retrieve information of the docker client and server host error="Cannot connect to the Docker daemon at unix:///var/run/docker.sock. Is the docker daemon running?" providerName=docker
2026-07-08T04:03:21Z ERR Provider error, retrying in 579.723724ms error="Cannot connect to the Docker daemon at unix:///var/run/docker.sock. Is the docker daemon running?" providerName=docker
2026-07-08T04:03:22Z ERR Failed to retrieve information of the docker client and server host error="Cannot connect to the Docker daemon at unix:///var/run/docker.sock. Is the docker daemon running?" providerName=docker
2026-07-08T04:03:22Z ERR Provider error, retrying in 635.605821ms error="Cannot connect to the Docker daemon at unix:///var/run/docker.sock. Is the docker daemon running?" providerName=docker
2026-07-08T04:03:22Z ERR Failed to retrieve information of the docker client and server host error="Cannot connect to the Docker daemon at unix:///var/run/docker.sock. Is the docker daemon running?" providerName=docker
2026-07-08T04:03:22Z ERR Provider error, retrying in 1.902674336s error="Cannot connect to the Docker daemon at unix:///var/run/docker.sock. Is the docker daemon running?" providerName=docker
2026-07-08T04:03:24Z ERR Failed to retrieve information of the docker client and server host error="Cannot connect to the Docker daemon at unix:///var/run/docker.sock. Is the docker daemon running?" providerName=docker
2026-07-08T04:03:24Z ERR Provider error, retrying in 2.032638972s error="Cannot connect to the Docker daemon at unix:///var/run/docker.sock. Is the docker daemon running?" providerName=docker
2026-07-08T04:03:26Z ERR Failed to retrieve information of the docker client and server host error="Cannot connect to the Docker daemon at unix:///var/run/docker.sock. Is the docker daemon running?" providerName=docker
2026-07-08T04:03:26Z ERR Provider error, retrying in 5.466548024s error="Cannot connect to the Docker daemon at unix:///var/run/docker.sock. Is the docker daemon running?" providerName=docker
2026-07-08T04:03:32Z ERR Failed to retrieve information of the docker client and server host error="Cannot connect to the Docker daemon at unix:///var/run/docker.sock. Is the docker daemon running?" providerName=docker
2026-07-08T04:03:32Z ERR Provider error, retrying in 3.201903267s error="Cannot connect to the Docker daemon at unix:///var/run/docker.sock. Is the docker daemon running?" providerName=docker
2026-07-08T04:03:35Z ERR Failed to retrieve information of the docker client and server host error="Cannot connect to the Docker daemon at unix:///var/run/docker.sock. Is the docker daemon running?" providerName=docker
2026-07-08T04:03:35Z ERR Provider error, retrying in 7.416998735s error="Cannot connect to the Docker daemon at unix:///var/run/docker.sock. Is the docker daemon running?" providerName=docker
2026-07-08T04:03:42Z ERR Failed to retrieve information of the docker client and server host error="Cannot connect to the Docker daemon at unix:///var/run/docker.sock. Is the docker daemon running?" providerName=docker
2026-07-08T04:03:42Z ERR Provider error, retrying in 16.252244807s error="Cannot connect to the Docker daemon at unix:///var/run/docker.sock. Is the docker daemon running?" providerName=docker
2026-07-08T04:04:02Z ERR Failed to retrieve information of the docker client and server host error="Cannot connect to the Docker daemon at unix:///var/run/docker.sock. Is the docker daemon running?" providerName=docker
2026-07-08T04:04:02Z ERR Provider error, retrying in 309.228317ms error="Cannot connect to the Docker daemon at unix:///var/run/docker.sock. Is the docker daemon running?" providerName=docker
2026-07-08T04:04:03Z ERR Failed to retrieve information of the docker client and server host error="Cannot connect to the Docker daemon at unix:///var/run/docker.sock. Is the docker daemon running?" providerName=docker
2026-07-08T04:04:03Z ERR Provider error, retrying in 1.091271553s error="Cannot connect to the Docker daemon at unix:///var/run/docker.sock. Is the docker daemon running?" providerName=docker
2026-07-08T04:04:04Z ERR Failed to retrieve information of the docker client and server host error="Cannot connect to the Docker daemon at unix:///var/run/docker.sock. Is the docker daemon running?" providerName=docker
2026-07-08T04:04:04Z ERR Provider error, retrying in 932.16678ms error="Cannot connect to the Docker daemon at unix:///var/run/docker.sock. Is the docker daemon running?" providerName=docker
2026-07-08T04:04:05Z ERR Failed to retrieve information of the docker client and server host error="Cannot connect to the Docker daemon at unix:///var/run/docker.sock. Is the docker daemon running?" providerName=docker
2026-07-08T04:04:05Z ERR Provider error, retrying in 1.951961573s error="Cannot connect to the Docker daemon at unix:///var/run/docker.sock. Is the docker daemon running?" providerName=docker
2026-07-08T04:04:07Z ERR Failed to retrieve information of the docker client and server host error="Cannot connect to the Docker daemon at unix:///var/run/docker.sock. Is the docker daemon running?" providerName=docker
2026-07-08T04:04:07Z ERR Provider error, retrying in 2.421379425s error="Cannot connect to the Docker daemon at unix:///var/run/docker.sock. Is the docker daemon running?" providerName=docker
2026-07-08T04:04:09Z ERR Failed to retrieve information of the docker client and server host error="Cannot connect to the Docker daemon at unix:///var/run/docker.sock. Is the docker daemon running?" providerName=docker
2026-07-08T04:04:09Z ERR Provider error, retrying in 5.195270509s error="Cannot connect to the Docker daemon at unix:///var/run/docker.sock. Is the docker daemon running?" providerName=docker
2026-07-08T04:04:14Z ERR Failed to retrieve information of the docker client and server host error="Cannot connect to the Docker daemon at unix:///var/run/docker.sock. Is the docker daemon running?" providerName=docker
2026-07-08T04:04:14Z ERR Provider error, retrying in 8.439106281s error="Cannot connect to the Docker daemon at unix:///var/run/docker.sock. Is the docker daemon running?" providerName=docker
2026-07-08T04:04:23Z ERR Failed to retrieve information of the docker client and server host error="Cannot connect to the Docker daemon at unix:///var/run/docker.sock. Is the docker daemon running?" providerName=docker
2026-07-08T04:04:23Z ERR Provider error, retrying in 5.106225016s error="Cannot connect to the Docker daemon at unix:///var/run/docker.sock. Is the docker daemon running?" providerName=docker
2026-07-08T04:04:31Z ERR Failed to retrieve information of the docker client and server host error="Cannot connect to the Docker daemon at unix:///var/run/docker.sock. Is the docker daemon running?" providerName=docker
2026-07-08T04:04:31Z ERR Provider error, retrying in 17.826676522s error="Cannot connect to the Docker daemon at unix:///var/run/docker.sock. Is the docker daemon running?" providerName=docker
2026-07-08T04:04:49Z ERR Failed to retrieve information of the docker client and server host error="Cannot connect to the Docker daemon at unix:///var/run/docker.sock. Is the docker daemon running?" providerName=docker
2026-07-08T04:04:49Z ERR Provider error, retrying in 467.404434ms error="Cannot connect to the Docker daemon at unix:///var/run/docker.sock. Is the docker daemon running?" providerName=docker
2026-07-08T04:04:50Z ERR Failed to retrieve information of the docker client and server host error="Cannot connect to the Docker daemon at unix:///var/run/docker.sock. Is the docker daemon running?" providerName=docker
2026-07-08T04:04:50Z ERR Provider error, retrying in 861.070428ms error="Cannot connect to the Docker daemon at unix:///var/run/docker.sock. Is the docker daemon running?" providerName=docker
2026-07-08T04:04:50Z ERR Failed to retrieve information of the docker client and server host error="Cannot connect to the Docker daemon at unix:///var/run/docker.sock. Is the docker daemon running?" providerName=docker
2026-07-08T04:04:50Z ERR Provider error, retrying in 1.196987696s error="Cannot connect to the Docker daemon at unix:///var/run/docker.sock. Is the docker daemon running?" providerName=docker
2026-07-08T04:04:52Z ERR Failed to retrieve information of the docker client and server host error="Cannot connect to the Docker daemon at unix:///var/run/docker.sock. Is the docker daemon running?" providerName=docker
2026-07-08T04:04:52Z ERR Provider error, retrying in 1.181160778s error="Cannot connect to the Docker daemon at unix:///var/run/docker.sock. Is the docker daemon running?" providerName=docker
2026-07-08T04:04:53Z ERR Failed to retrieve information of the docker client and server host error="Cannot connect to the Docker daemon at unix:///var/run/docker.sock. Is the docker daemon running?" providerName=docker
2026-07-08T04:04:53Z ERR Provider error, retrying in 1.634479585s error="Cannot connect to the Docker daemon at unix:///var/run/docker.sock. Is the docker daemon running?" providerName=docker
2026-07-08T04:04:55Z ERR Failed to retrieve information of the docker client and server host error="Cannot connect to the Docker daemon at unix:///var/run/docker.sock. Is the docker daemon running?" providerName=docker
2026-07-08T04:04:55Z ERR Provider error, retrying in 5.33270469s error="Cannot connect to the Docker daemon at unix:///var/run/docker.sock. Is the docker daemon running?" providerName=docker
2026-07-08T04:05:03Z ERR Failed to retrieve information of the docker client and server host error="Cannot connect to the Docker daemon at unix:///var/run/docker.sock. Is the docker daemon running?" providerName=docker
2026-07-08T04:05:03Z ERR Provider error, retrying in 5.056321078s error="Cannot connect to the Docker daemon at unix:///var/run/docker.sock. Is the docker daemon running?" providerName=docker
2026-07-08T04:05:08Z ERR Failed to retrieve information of the docker client and server host error="Cannot connect to the Docker daemon at unix:///var/run/docker.sock. Is the docker daemon running?" providerName=docker
2026-07-08T04:05:08Z ERR Provider error, retrying in 8.113123209s error="Cannot connect to the Docker daemon at unix:///var/run/docker.sock. Is the docker daemon running?" providerName=docker
2026-07-08T04:05:17Z ERR Failed to retrieve information of the docker client and server host error="Cannot connect to the Docker daemon at unix:///var/run/docker.sock. Is the docker daemon running?" providerName=docker
2026-07-08T04:05:17Z ERR Provider error, retrying in 10.380783992s error="Cannot connect to the Docker daemon at unix:///var/run/docker.sock. Is the docker daemon running?" providerName=docker
2026-07-08T04:05:27Z ERR Failed to retrieve information of the docker client and server host error="Cannot connect to the Docker daemon at unix:///var/run/docker.sock. Is the docker daemon running?" providerName=docker
2026-07-08T04:05:27Z ERR Provider error, retrying in 310.928041ms error="Cannot connect to the Docker daemon at unix:///var/run/docker.sock. Is the docker daemon running?" providerName=docker
2026-07-08T04:05:27Z ERR Failed to retrieve information of the docker client and server host error="Cannot connect to the Docker daemon at unix:///var/run/docker.sock. Is the docker daemon running?" providerName=docker
2026-07-08T04:05:27Z ERR Provider error, retrying in 565.492701ms error="Cannot connect to the Docker daemon at unix:///var/run/docker.sock. Is the docker daemon running?" providerName=docker
2026-07-08T04:05:28Z ERR Failed to retrieve information of the docker client and server host error="Cannot connect to the Docker daemon at unix:///var/run/docker.sock. Is the docker daemon running?" providerName=docker
2026-07-08T04:05:28Z ERR Provider error, retrying in 898.253513ms error="Cannot connect to the Docker daemon at unix:///var/run/docker.sock. Is the docker daemon running?" providerName=docker
2026-07-08T04:05:29Z ERR Failed to retrieve information of the docker client and server host error="Cannot connect to the Docker daemon at unix:///var/run/docker.sock. Is the docker daemon running?" providerName=docker
2026-07-08T04:05:29Z ERR Provider error, retrying in 1.065186445s error="Cannot connect to the Docker daemon at unix:///var/run/docker.sock. Is the docker daemon running?" providerName=docker
2026-07-08T04:05:30Z ERR Failed to retrieve information of the docker client and server host error="Cannot connect to the Docker daemon at unix:///var/run/docker.sock. Is the docker daemon running?" providerName=docker
2026-07-08T04:05:30Z ERR Provider error, retrying in 2.627563885s error="Cannot connect to the Docker daemon at unix:///var/run/docker.sock. Is the docker daemon running?" providerName=docker
2026-07-08T04:05:32Z ERR Failed to retrieve information of the docker client and server host error="Cannot connect to the Docker daemon at unix:///var/run/docker.sock. Is the docker daemon running?" providerName=docker
2026-07-08T04:05:32Z ERR Provider error, retrying in 5.349356244s error="Cannot connect to the Docker daemon at unix:///var/run/docker.sock. Is the docker daemon running?" providerName=docker
2026-07-08T04:05:41Z ERR Failed to retrieve information of the docker client and server host error="Cannot connect to the Docker daemon at unix:///var/run/docker.sock. Is the docker daemon running?" providerName=docker
2026-07-08T04:05:41Z ERR Provider error, retrying in 4.220250324s error="Cannot connect to the Docker daemon at unix:///var/run/docker.sock. Is the docker daemon running?" providerName=docker
2026-07-08T04:05:46Z ERR Failed to retrieve information of the docker client and server host error="Cannot connect to the Docker daemon at unix:///var/run/docker.sock. Is the docker daemon running?" providerName=docker
2026-07-08T04:05:46Z ERR Provider error, retrying in 10.351802368s error="Cannot connect to the Docker daemon at unix:///var/run/docker.sock. Is the docker daemon running?" providerName=docker
2026-07-08T04:05:56Z ERR Failed to retrieve information of the docker client and server host error="Cannot connect to the Docker daemon at unix:///var/run/docker.sock. Is the docker daemon running?" providerName=docker
2026-07-08T04:05:56Z ERR Provider error, retrying in 15.526984832s error="Cannot connect to the Docker daemon at unix:///var/run/docker.sock. Is the docker daemon running?" providerName=docker
2026-07-08T04:06:15Z ERR Failed to retrieve information of the docker client and server host error="Cannot connect to the Docker daemon at unix:///var/run/docker.sock. Is the docker daemon running?" providerName=docker
2026-07-08T04:06:15Z ERR Provider error, retrying in 709.987434ms error="Cannot connect to the Docker daemon at unix:///var/run/docker.sock. Is the docker daemon running?" providerName=docker
2026-07-08T04:06:16Z ERR Failed to retrieve information of the docker client and server host error="Cannot connect to the Docker daemon at unix:///var/run/docker.sock. Is the docker daemon running?" providerName=docker
2026-07-08T04:06:16Z ERR Provider error, retrying in 487.385296ms error="Cannot connect to the Docker daemon at unix:///var/run/docker.sock. Is the docker daemon running?" providerName=docker
2026-07-08T04:06:16Z ERR Failed to retrieve information of the docker client and server host error="Cannot connect to the Docker daemon at unix:///var/run/docker.sock. Is the docker daemon running?" providerName=docker
2026-07-08T04:06:16Z ERR Provider error, retrying in 976.347792ms error="Cannot connect to the Docker daemon at unix:///var/run/docker.sock. Is the docker daemon running?" providerName=docker
2026-07-08T04:06:17Z ERR Failed to retrieve information of the docker client and server host error="Cannot connect to the Docker daemon at unix:///var/run/docker.sock. Is the docker daemon running?" providerName=docker
2026-07-08T04:06:17Z ERR Provider error, retrying in 2.015946195s error="Cannot connect to the Docker daemon at unix:///var/run/docker.sock. Is the docker daemon running?" providerName=docker
2026-07-08T04:06:19Z ERR Failed to retrieve information of the docker client and server host error="Cannot connect to the Docker daemon at unix:///var/run/docker.sock. Is the docker daemon running?" providerName=docker
2026-07-08T04:06:19Z ERR Provider error, retrying in 1.737877003s error="Cannot connect to the Docker daemon at unix:///var/run/docker.sock. Is the docker daemon running?" providerName=docker
2026-07-08T04:06:21Z ERR Failed to retrieve information of the docker client and server host error="Cannot connect to the Docker daemon at unix:///var/run/docker.sock. Is the docker daemon running?" providerName=docker
2026-07-08T04:06:21Z ERR Provider error, retrying in 3.063824453s error="Cannot connect to the Docker daemon at unix:///var/run/docker.sock. Is the docker daemon running?" providerName=docker
2026-07-08T04:06:24Z ERR Failed to retrieve information of the docker client and server host error="Cannot connect to the Docker daemon at unix:///var/run/docker.sock. Is the docker daemon running?" providerName=docker
2026-07-08T04:06:24Z ERR Provider error, retrying in 5.212943214s error="Cannot connect to the Docker daemon at unix:///var/run/docker.sock. Is the docker daemon running?" providerName=docker
2026-07-08T04:06:29Z ERR Failed to retrieve information of the docker client and server host error="Cannot connect to the Docker daemon at unix:///var/run/docker.sock. Is the docker daemon running?" providerName=docker
2026-07-08T04:06:29Z ERR Provider error, retrying in 4.874750243s error="Cannot connect to the Docker daemon at unix:///var/run/docker.sock. Is the docker daemon running?" providerName=docker
2026-07-08T04:06:34Z ERR Failed to retrieve information of the docker client and server host error="Cannot connect to the Docker daemon at unix:///var/run/docker.sock. Is the docker daemon running?" providerName=docker
2026-07-08T04:06:34Z ERR Provider error, retrying in 6.422862201s error="Cannot connect to the Docker daemon at unix:///var/run/docker.sock. Is the docker daemon running?" providerName=docker
2026-07-08T04:06:41Z ERR Failed to retrieve information of the docker client and server host error="Cannot connect to the Docker daemon at unix:///var/run/docker.sock. Is the docker daemon running?" providerName=docker
2026-07-08T04:06:41Z ERR Provider error, retrying in 17.245683701s error="Cannot connect to the Docker daemon at unix:///var/run/docker.sock. Is the docker daemon running?" providerName=docker
2026-07-08T04:07:01Z ERR Failed to retrieve information of the docker client and server host error="Cannot connect to the Docker daemon at unix:///var/run/docker.sock. Is the docker daemon running?" providerName=docker
2026-07-08T04:07:01Z ERR Provider error, retrying in 719.758885ms error="Cannot connect to the Docker daemon at unix:///var/run/docker.sock. Is the docker daemon running?" providerName=docker
2026-07-08T04:07:02Z ERR Failed to retrieve information of the docker client and server host error="Cannot connect to the Docker daemon at unix:///var/run/docker.sock. Is the docker daemon running?" providerName=docker
2026-07-08T04:07:02Z ERR Provider error, retrying in 445.131239ms error="Cannot connect to the Docker daemon at unix:///var/run/docker.sock. Is the docker daemon running?" providerName=docker
2026-07-08T04:07:03Z ERR Failed to retrieve information of the docker client and server host error="Cannot connect to the Docker daemon at unix:///var/run/docker.sock. Is the docker daemon running?" providerName=docker
2026-07-08T04:07:03Z ERR Provider error, retrying in 874.081456ms error="Cannot connect to the Docker daemon at unix:///var/run/docker.sock. Is the docker daemon running?" providerName=docker
2026-07-08T04:07:03Z ERR Failed to retrieve information of the docker client and server host error="Cannot connect to the Docker daemon at unix:///var/run/docker.sock. Is the docker daemon running?" providerName=docker
2026-07-08T04:07:03Z ERR Provider error, retrying in 1.018078563s error="Cannot connect to the Docker daemon at unix:///var/run/docker.sock. Is the docker daemon running?" providerName=docker
2026-07-08T04:07:05Z ERR Failed to retrieve information of the docker client and server host error="Cannot connect to the Docker daemon at unix:///var/run/docker.sock. Is the docker daemon running?" providerName=docker
2026-07-08T04:07:05Z ERR Provider error, retrying in 2.303788378s error="Cannot connect to the Docker daemon at unix:///var/run/docker.sock. Is the docker daemon running?" providerName=docker
2026-07-08T04:07:07Z ERR Failed to retrieve information of the docker client and server host error="Cannot connect to the Docker daemon at unix:///var/run/docker.sock. Is the docker daemon running?" providerName=docker
2026-07-08T04:07:07Z ERR Provider error, retrying in 5.354524044s error="Cannot connect to the Docker daemon at unix:///var/run/docker.sock. Is the docker daemon running?" providerName=docker
2026-07-08T04:07:12Z ERR Failed to retrieve information of the docker client and server host error="Cannot connect to the Docker daemon at unix:///var/run/docker.sock. Is the docker daemon running?" providerName=docker
2026-07-08T04:07:12Z ERR Provider error, retrying in 5.391467458s error="Cannot connect to the Docker daemon at unix:///var/run/docker.sock. Is the docker daemon running?" providerName=docker
2026-07-08T04:07:18Z ERR Failed to retrieve information of the docker client and server host error="Cannot connect to the Docker daemon at unix:///var/run/docker.sock. Is the docker daemon running?" providerName=docker
2026-07-08T04:07:18Z ERR Provider error, retrying in 6.978831342s error="Cannot connect to the Docker daemon at unix:///var/run/docker.sock. Is the docker daemon running?" providerName=docker
2026-07-08T04:07:28Z ERR Failed to retrieve information of the docker client and server host error="Cannot connect to the Docker daemon at unix:///var/run/docker.sock. Is the docker daemon running?" providerName=docker
2026-07-08T04:07:28Z ERR Provider error, retrying in 17.029682565s error="Cannot connect to the Docker daemon at unix:///var/run/docker.sock. Is the docker daemon running?" providerName=docker
2026-07-08T04:07:45Z ERR Failed to retrieve information of the docker client and server host error="Cannot connect to the Docker daemon at unix:///var/run/docker.sock. Is the docker daemon running?" providerName=docker
2026-07-08T04:07:45Z ERR Provider error, retrying in 401.816394ms error="Cannot connect to the Docker daemon at unix:///var/run/docker.sock. Is the docker daemon running?" providerName=docker
2026-07-08T04:07:46Z ERR Failed to retrieve information of the docker client and server host error="Cannot connect to the Docker daemon at unix:///var/run/docker.sock. Is the docker daemon running?" providerName=docker
2026-07-08T04:07:46Z ERR Provider error, retrying in 466.569054ms error="Cannot connect to the Docker daemon at unix:///var/run/docker.sock. Is the docker daemon running?" providerName=docker
2026-07-08T04:07:46Z ERR Failed to retrieve information of the docker client and server host error="Cannot connect to the Docker daemon at unix:///var/run/docker.sock. Is the docker daemon running?" providerName=docker
2026-07-08T04:07:46Z ERR Provider error, retrying in 1.129452618s error="Cannot connect to the Docker daemon at unix:///var/run/docker.sock. Is the docker daemon running?" providerName=docker
2026-07-08T04:07:47Z ERR Failed to retrieve information of the docker client and server host error="Cannot connect to the Docker daemon at unix:///var/run/docker.sock. Is the docker daemon running?" providerName=docker
2026-07-08T04:07:47Z ERR Provider error, retrying in 2.330946802s error="Cannot connect to the Docker daemon at unix:///var/run/docker.sock. Is the docker daemon running?" providerName=docker
2026-07-08T04:07:50Z ERR Failed to retrieve information of the docker client and server host error="Cannot connect to the Docker daemon at unix:///var/run/docker.sock. Is the docker daemon running?" providerName=docker
2026-07-08T04:07:50Z ERR Provider error, retrying in 3.544876777s error="Cannot connect to the Docker daemon at unix:///var/run/docker.sock. Is the docker daemon running?" providerName=docker
2026-07-08T04:07:53Z ERR Failed to retrieve information of the docker client and server host error="Cannot connect to the Docker daemon at unix:///var/run/docker.sock. Is the docker daemon running?" providerName=docker
2026-07-08T04:07:53Z ERR Provider error, retrying in 2.089045277s error="Cannot connect to the Docker daemon at unix:///var/run/docker.sock. Is the docker daemon running?" providerName=docker
2026-07-08T04:07:55Z ERR Failed to retrieve information of the docker client and server host error="Cannot connect to the Docker daemon at unix:///var/run/docker.sock. Is the docker daemon running?" providerName=docker
2026-07-08T04:07:55Z ERR Provider error, retrying in 5.247838707s error="Cannot connect to the Docker daemon at unix:///var/run/docker.sock. Is the docker daemon running?" providerName=docker
2026-07-08T04:08:04Z ERR Failed to retrieve information of the docker client and server host error="Cannot connect to the Docker daemon at unix:///var/run/docker.sock. Is the docker daemon running?" providerName=docker
2026-07-08T04:08:04Z ERR Provider error, retrying in 6.287432224s error="Cannot connect to the Docker daemon at unix:///var/run/docker.sock. Is the docker daemon running?" providerName=docker
2026-07-08T04:08:10Z ERR Failed to retrieve information of the docker client and server host error="Cannot connect to the Docker daemon at unix:///var/run/docker.sock. Is the docker daemon running?" providerName=docker
2026-07-08T04:08:10Z ERR Provider error, retrying in 8.635168062s error="Cannot connect to the Docker daemon at unix:///var/run/docker.sock. Is the docker daemon running?" providerName=docker
2026-07-08T04:08:19Z ERR Failed to retrieve information of the docker client and server host error="Cannot connect to the Docker daemon at unix:///var/run/docker.sock. Is the docker daemon running?" providerName=docker
2026-07-08T04:08:19Z ERR Provider error, retrying in 695.356086ms error="Cannot connect to the Docker daemon at unix:///var/run/docker.sock. Is the docker daemon running?" providerName=docker
2026-07-08T04:08:20Z ERR Failed to retrieve information of the docker client and server host error="Cannot connect to the Docker daemon at unix:///var/run/docker.sock. Is the docker daemon running?" providerName=docker
2026-07-08T04:08:20Z ERR Provider error, retrying in 876.677635ms error="Cannot connect to the Docker daemon at unix:///var/run/docker.sock. Is the docker daemon running?" providerName=docker
2026-07-08T04:08:20Z ERR Failed to retrieve information of the docker client and server host error="Cannot connect to the Docker daemon at unix:///var/run/docker.sock. Is the docker daemon running?" providerName=docker
2026-07-08T04:08:20Z ERR Provider error, retrying in 1.505143382s error="Cannot connect to the Docker daemon at unix:///var/run/docker.sock. Is the docker daemon running?" providerName=docker
2026-07-08T04:08:22Z ERR Failed to retrieve information of the docker client and server host error="Cannot connect to the Docker daemon at unix:///var/run/docker.sock. Is the docker daemon running?" providerName=docker
2026-07-08T04:08:22Z ERR Provider error, retrying in 1.578910135s error="Cannot connect to the Docker daemon at unix:///var/run/docker.sock. Is the docker daemon running?" providerName=docker
2026-07-08T04:08:24Z ERR Failed to retrieve information of the docker client and server host error="Cannot connect to the Docker daemon at unix:///var/run/docker.sock. Is the docker daemon running?" providerName=docker
2026-07-08T04:08:24Z ERR Provider error, retrying in 3.030040088s error="Cannot connect to the Docker daemon at unix:///var/run/docker.sock. Is the docker daemon running?" providerName=docker
2026-07-08T04:08:27Z ERR Failed to retrieve information of the docker client and server host error="Cannot connect to the Docker daemon at unix:///var/run/docker.sock. Is the docker daemon running?" providerName=docker
2026-07-08T04:08:27Z ERR Provider error, retrying in 3.310051686s error="Cannot connect to the Docker daemon at unix:///var/run/docker.sock. Is the docker daemon running?" providerName=docker
2026-07-08T04:08:30Z ERR Failed to retrieve information of the docker client and server host error="Cannot connect to the Docker daemon at unix:///var/run/docker.sock. Is the docker daemon running?" providerName=docker
2026-07-08T04:08:30Z ERR Provider error, retrying in 7.653746088s error="Cannot connect to the Docker daemon at unix:///var/run/docker.sock. Is the docker daemon running?" providerName=docker
2026-07-08T04:08:41Z ERR Failed to retrieve information of the docker client and server host error="Cannot connect to the Docker daemon at unix:///var/run/docker.sock. Is the docker daemon running?" providerName=docker
2026-07-08T04:08:41Z ERR Provider error, retrying in 10.826847837s error="Cannot connect to the Docker daemon at unix:///var/run/docker.sock. Is the docker daemon running?" providerName=docker
2026-07-08T04:08:52Z ERR Failed to retrieve information of the docker client and server host error="Cannot connect to the Docker daemon at unix:///var/run/docker.sock. Is the docker daemon running?" providerName=docker
2026-07-08T04:08:52Z ERR Provider error, retrying in 18.958929904s error="Cannot connect to the Docker daemon at unix:///var/run/docker.sock. Is the docker daemon running?" providerName=docker
2026-07-08T04:09:15Z ERR Failed to retrieve information of the docker client and server host error="Cannot connect to the Docker daemon at unix:///var/run/docker.sock. Is the docker daemon running?" providerName=docker
2026-07-08T04:09:15Z ERR Provider error, retrying in 691.385166ms error="Cannot connect to the Docker daemon at unix:///var/run/docker.sock. Is the docker daemon running?" providerName=docker
2026-07-08T04:09:15Z ERR Failed to retrieve information of the docker client and server host error="Cannot connect to the Docker daemon at unix:///var/run/docker.sock. Is the docker daemon running?" providerName=docker
2026-07-08T04:09:15Z ERR Provider error, retrying in 980.417586ms error="Cannot connect to the Docker daemon at unix:///var/run/docker.sock. Is the docker daemon running?" providerName=docker
2026-07-08T04:09:16Z ERR Failed to retrieve information of the docker client and server host error="Cannot connect to the Docker daemon at unix:///var/run/docker.sock. Is the docker daemon running?" providerName=docker
2026-07-08T04:09:16Z ERR Provider error, retrying in 928.365147ms error="Cannot connect to the Docker daemon at unix:///var/run/docker.sock. Is the docker daemon running?" providerName=docker
2026-07-08T04:09:17Z ERR Failed to retrieve information of the docker client and server host error="Cannot connect to the Docker daemon at unix:///var/run/docker.sock. Is the docker daemon running?" providerName=docker
2026-07-08T04:09:17Z ERR Provider error, retrying in 1.574813486s error="Cannot connect to the Docker daemon at unix:///var/run/docker.sock. Is the docker daemon running?" providerName=docker
2026-07-08T04:09:19Z ERR Failed to retrieve information of the docker client and server host error="Cannot connect to the Docker daemon at unix:///var/run/docker.sock. Is the docker daemon running?" providerName=docker
2026-07-08T04:09:19Z ERR Provider error, retrying in 3.231385042s error="Cannot connect to the Docker daemon at unix:///var/run/docker.sock. Is the docker daemon running?" providerName=docker
2026-07-08T04:09:22Z ERR Failed to retrieve information of the docker client and server host error="Cannot connect to the Docker daemon at unix:///var/run/docker.sock. Is the docker daemon running?" providerName=docker
2026-07-08T04:09:22Z ERR Provider error, retrying in 4.446283916s error="Cannot connect to the Docker daemon at unix:///var/run/docker.sock. Is the docker daemon running?" providerName=docker
2026-07-08T04:09:26Z ERR Failed to retrieve information of the docker client and server host error="Cannot connect to the Docker daemon at unix:///var/run/docker.sock. Is the docker daemon running?" providerName=docker
2026-07-08T04:09:26Z ERR Provider error, retrying in 7.409320934s error="Cannot connect to the Docker daemon at unix:///var/run/docker.sock. Is the docker daemon running?" providerName=docker
2026-07-08T04:09:34Z ERR Failed to retrieve information of the docker client and server host error="Cannot connect to the Docker daemon at unix:///var/run/docker.sock. Is the docker daemon running?" providerName=docker
2026-07-08T04:09:34Z ERR Provider error, retrying in 8.320339884s error="Cannot connect to the Docker daemon at unix:///var/run/docker.sock. Is the docker daemon running?" providerName=docker
2026-07-08T04:09:42Z ERR Failed to retrieve information of the docker client and server host error="Cannot connect to the Docker daemon at unix:///var/run/docker.sock. Is the docker daemon running?" providerName=docker
2026-07-08T04:09:42Z ERR Provider error, retrying in 9.225759166s error="Cannot connect to the Docker daemon at unix:///var/run/docker.sock. Is the docker daemon running?" providerName=docker
2026-07-08T04:09:55Z ERR Failed to retrieve information of the docker client and server host error="Cannot connect to the Docker daemon at unix:///var/run/docker.sock. Is the docker daemon running?" providerName=docker
2026-07-08T04:09:55Z ERR Provider error, retrying in 706.181134ms error="Cannot connect to the Docker daemon at unix:///var/run/docker.sock. Is the docker daemon running?" providerName=docker
2026-07-08T04:09:56Z ERR Failed to retrieve information of the docker client and server host error="Cannot connect to the Docker daemon at unix:///var/run/docker.sock. Is the docker daemon running?" providerName=docker
2026-07-08T04:09:56Z ERR Provider error, retrying in 782.289834ms error="Cannot connect to the Docker daemon at unix:///var/run/docker.sock. Is the docker daemon running?" providerName=docker
2026-07-08T04:09:56Z ERR Failed to retrieve information of the docker client and server host error="Cannot connect to the Docker daemon at unix:///var/run/docker.sock. Is the docker daemon running?" providerName=docker
2026-07-08T04:09:56Z ERR Provider error, retrying in 1.057368827s error="Cannot connect to the Docker daemon at unix:///var/run/docker.sock. Is the docker daemon running?" providerName=docker
2026-07-08T04:09:57Z ERR Failed to retrieve information of the docker client and server host error="Cannot connect to the Docker daemon at unix:///var/run/docker.sock. Is the docker daemon running?" providerName=docker
2026-07-08T04:09:57Z ERR Provider error, retrying in 2.437376882s error="Cannot connect to the Docker daemon at unix:///var/run/docker.sock. Is the docker daemon running?" providerName=docker
2026-07-08T04:10:00Z ERR Failed to retrieve information of the docker client and server host error="Cannot connect to the Docker daemon at unix:///var/run/docker.sock. Is the docker daemon running?" providerName=docker
2026-07-08T04:10:00Z ERR Provider error, retrying in 3.576112038s error="Cannot connect to the Docker daemon at unix:///var/run/docker.sock. Is the docker daemon running?" providerName=docker
2026-07-08T04:10:03Z ERR Failed to retrieve information of the docker client and server host error="Cannot connect to the Docker daemon at unix:///var/run/docker.sock. Is the docker daemon running?" providerName=docker
2026-07-08T04:10:03Z ERR Provider error, retrying in 3.862286374s error="Cannot connect to the Docker daemon at unix:///var/run/docker.sock. Is the docker daemon running?" providerName=docker
2026-07-08T04:10:07Z ERR Failed to retrieve information of the docker client and server host error="Cannot connect to the Docker daemon at unix:///var/run/docker.sock. Is the docker daemon running?" providerName=docker
2026-07-08T04:10:07Z ERR Provider error, retrying in 5.003655364s error="Cannot connect to the Docker daemon at unix:///var/run/docker.sock. Is the docker daemon running?" providerName=docker
2026-07-08T04:10:12Z ERR Failed to retrieve information of the docker client and server host error="Cannot connect to the Docker daemon at unix:///var/run/docker.sock. Is the docker daemon running?" providerName=docker
2026-07-08T04:10:12Z ERR Provider error, retrying in 11.175977173s error="Cannot connect to the Docker daemon at unix:///var/run/docker.sock. Is the docker daemon running?" providerName=docker
2026-07-08T04:10:27Z ERR Failed to retrieve information of the docker client and server host error="Cannot connect to the Docker daemon at unix:///var/run/docker.sock. Is the docker daemon running?" providerName=docker
2026-07-08T04:10:27Z ERR Provider error, retrying in 9.836477087s error="Cannot connect to the Docker daemon at unix:///var/run/docker.sock. Is the docker daemon running?" providerName=docker
2026-07-08T04:10:37Z ERR Failed to retrieve information of the docker client and server host error="Cannot connect to the Docker daemon at unix:///var/run/docker.sock. Is the docker daemon running?" providerName=docker
2026-07-08T04:10:37Z ERR Provider error, retrying in 414.093094ms error="Cannot connect to the Docker daemon at unix:///var/run/docker.sock. Is the docker daemon running?" providerName=docker
2026-07-08T04:10:37Z ERR Failed to retrieve information of the docker client and server host error="Cannot connect to the Docker daemon at unix:///var/run/docker.sock. Is the docker daemon running?" providerName=docker
2026-07-08T04:10:37Z ERR Provider error, retrying in 448.140335ms error="Cannot connect to the Docker daemon at unix:///var/run/docker.sock. Is the docker daemon running?" providerName=docker
2026-07-08T04:10:38Z ERR Failed to retrieve information of the docker client and server host error="Cannot connect to the Docker daemon at unix:///var/run/docker.sock. Is the docker daemon running?" providerName=docker
2026-07-08T04:10:38Z ERR Provider error, retrying in 861.424464ms error="Cannot connect to the Docker daemon at unix:///var/run/docker.sock. Is the docker daemon running?" providerName=docker
2026-07-08T04:10:39Z ERR Failed to retrieve information of the docker client and server host error="Cannot connect to the Docker daemon at unix:///var/run/docker.sock. Is the docker daemon running?" providerName=docker
2026-07-08T04:10:39Z ERR Provider error, retrying in 1.704656005s error="Cannot connect to the Docker daemon at unix:///var/run/docker.sock. Is the docker daemon running?" providerName=docker
2026-07-08T04:10:40Z ERR Failed to retrieve information of the docker client and server host error="Cannot connect to the Docker daemon at unix:///var/run/docker.sock. Is the docker daemon running?" providerName=docker
2026-07-08T04:10:40Z ERR Provider error, retrying in 1.533547875s error="Cannot connect to the Docker daemon at unix:///var/run/docker.sock. Is the docker daemon running?" providerName=docker
2026-07-08T04:10:42Z ERR Failed to retrieve information of the docker client and server host error="Cannot connect to the Docker daemon at unix:///var/run/docker.sock. Is the docker daemon running?" providerName=docker
2026-07-08T04:10:42Z ERR Provider error, retrying in 4.528418659s error="Cannot connect to the Docker daemon at unix:///var/run/docker.sock. Is the docker daemon running?" providerName=docker
2026-07-08T04:10:46Z ERR Failed to retrieve information of the docker client and server host error="Cannot connect to the Docker daemon at unix:///var/run/docker.sock. Is the docker daemon running?" providerName=docker
2026-07-08T04:10:46Z ERR Provider error, retrying in 6.68436771s error="Cannot connect to the Docker daemon at unix:///var/run/docker.sock. Is the docker daemon running?" providerName=docker
2026-07-08T04:10:53Z ERR Failed to retrieve information of the docker client and server host error="Cannot connect to the Docker daemon at unix:///var/run/docker.sock. Is the docker daemon running?" providerName=docker
2026-07-08T04:10:53Z ERR Provider error, retrying in 4.805030165s error="Cannot connect to the Docker daemon at unix:///var/run/docker.sock. Is the docker daemon running?" providerName=docker
2026-07-08T04:11:02Z ERR Failed to retrieve information of the docker client and server host error="Cannot connect to the Docker daemon at unix:///var/run/docker.sock. Is the docker daemon running?" providerName=docker
2026-07-08T04:11:02Z ERR Provider error, retrying in 17.062731074s error="Cannot connect to the Docker daemon at unix:///var/run/docker.sock. Is the docker daemon running?" providerName=docker
2026-07-08T04:11:19Z ERR Failed to retrieve information of the docker client and server host error="Cannot connect to the Docker daemon at unix:///var/run/docker.sock. Is the docker daemon running?" providerName=docker
2026-07-08T04:11:19Z ERR Provider error, retrying in 497.948508ms error="Cannot connect to the Docker daemon at unix:///var/run/docker.sock. Is the docker daemon running?" providerName=docker
2026-07-08T04:11:19Z ERR Failed to retrieve information of the docker client and server host error="Cannot connect to the Docker daemon at unix:///var/run/docker.sock. Is the docker daemon running?" providerName=docker
2026-07-08T04:11:19Z ERR Provider error, retrying in 757.067366ms error="Cannot connect to the Docker daemon at unix:///var/run/docker.sock. Is the docker daemon running?" providerName=docker
2026-07-08T04:11:20Z ERR Failed to retrieve information of the docker client and server host error="Cannot connect to the Docker daemon at unix:///var/run/docker.sock. Is the docker daemon running?" providerName=docker
2026-07-08T04:11:20Z ERR Provider error, retrying in 866.672684ms error="Cannot connect to the Docker daemon at unix:///var/run/docker.sock. Is the docker daemon running?" providerName=docker
2026-07-08T04:11:21Z ERR Failed to retrieve information of the docker client and server host error="Cannot connect to the Docker daemon at unix:///var/run/docker.sock. Is the docker daemon running?" providerName=docker
2026-07-08T04:11:21Z ERR Provider error, retrying in 2.35317965s error="Cannot connect to the Docker daemon at unix:///var/run/docker.sock. Is the docker daemon running?" providerName=docker
2026-07-08T04:11:23Z ERR Failed to retrieve information of the docker client and server host error="Cannot connect to the Docker daemon at unix:///var/run/docker.sock. Is the docker daemon running?" providerName=docker
2026-07-08T04:11:23Z ERR Provider error, retrying in 3.768270073s error="Cannot connect to the Docker daemon at unix:///var/run/docker.sock. Is the docker daemon running?" providerName=docker
2026-07-08T04:11:27Z ERR Failed to retrieve information of the docker client and server host error="Cannot connect to the Docker daemon at unix:///var/run/docker.sock. Is the docker daemon running?" providerName=docker
2026-07-08T04:11:27Z ERR Provider error, retrying in 5.498928397s error="Cannot connect to the Docker daemon at unix:///var/run/docker.sock. Is the docker daemon running?" providerName=docker
2026-07-08T04:11:32Z ERR Failed to retrieve information of the docker client and server host error="Cannot connect to the Docker daemon at unix:///var/run/docker.sock. Is the docker daemon running?" providerName=docker
2026-07-08T04:11:32Z ERR Provider error, retrying in 5.639060678s error="Cannot connect to the Docker daemon at unix:///var/run/docker.sock. Is the docker daemon running?" providerName=docker
2026-07-08T04:11:42Z ERR Failed to retrieve information of the docker client and server host error="Cannot connect to the Docker daemon at unix:///var/run/docker.sock. Is the docker daemon running?" providerName=docker
2026-07-08T04:11:42Z ERR Provider error, retrying in 12.038398889s error="Cannot connect to the Docker daemon at unix:///var/run/docker.sock. Is the docker daemon running?" providerName=docker
2026-07-08T04:11:54Z ERR Failed to retrieve information of the docker client and server host error="Cannot connect to the Docker daemon at unix:///var/run/docker.sock. Is the docker daemon running?" providerName=docker
2026-07-08T04:11:54Z ERR Provider error, retrying in 497.249486ms error="Cannot connect to the Docker daemon at unix:///var/run/docker.sock. Is the docker daemon running?" providerName=docker
2026-07-08T04:11:54Z ERR Failed to retrieve information of the docker client and server host error="Cannot connect to the Docker daemon at unix:///var/run/docker.sock. Is the docker daemon running?" providerName=docker
2026-07-08T04:11:54Z ERR Provider error, retrying in 861.906634ms error="Cannot connect to the Docker daemon at unix:///var/run/docker.sock. Is the docker daemon running?" providerName=docker
2026-07-08T04:11:55Z ERR Failed to retrieve information of the docker client and server host error="Cannot connect to the Docker daemon at unix:///var/run/docker.sock. Is the docker daemon running?" providerName=docker
2026-07-08T04:11:55Z ERR Provider error, retrying in 759.14261ms error="Cannot connect to the Docker daemon at unix:///var/run/docker.sock. Is the docker daemon running?" providerName=docker
2026-07-08T04:11:56Z ERR Failed to retrieve information of the docker client and server host error="Cannot connect to the Docker daemon at unix:///var/run/docker.sock. Is the docker daemon running?" providerName=docker
2026-07-08T04:11:56Z ERR Provider error, retrying in 2.471803315s error="Cannot connect to the Docker daemon at unix:///var/run/docker.sock. Is the docker daemon running?" providerName=docker
2026-07-08T04:11:58Z ERR Failed to retrieve information of the docker client and server host error="Cannot connect to the Docker daemon at unix:///var/run/docker.sock. Is the docker daemon running?" providerName=docker
2026-07-08T04:11:58Z ERR Provider error, retrying in 2.487010981s error="Cannot connect to the Docker daemon at unix:///var/run/docker.sock. Is the docker daemon running?" providerName=docker
2026-07-08T04:12:01Z ERR Failed to retrieve information of the docker client and server host error="Cannot connect to the Docker daemon at unix:///var/run/docker.sock. Is the docker daemon running?" providerName=docker
2026-07-08T04:12:01Z ERR Provider error, retrying in 2.135837658s error="Cannot connect to the Docker daemon at unix:///var/run/docker.sock. Is the docker daemon running?" providerName=docker
2026-07-08T04:12:03Z ERR Failed to retrieve information of the docker client and server host error="Cannot connect to the Docker daemon at unix:///var/run/docker.sock. Is the docker daemon running?" providerName=docker
2026-07-08T04:12:03Z ERR Provider error, retrying in 6.961158439s error="Cannot connect to the Docker daemon at unix:///var/run/docker.sock. Is the docker daemon running?" providerName=docker
2026-07-08T04:12:13Z ERR Failed to retrieve information of the docker client and server host error="Cannot connect to the Docker daemon at unix:///var/run/docker.sock. Is the docker daemon running?" providerName=docker
2026-07-08T04:12:13Z ERR Provider error, retrying in 10.427421009s error="Cannot connect to the Docker daemon at unix:///var/run/docker.sock. Is the docker daemon running?" providerName=docker
2026-07-08T04:12:24Z ERR Failed to retrieve information of the docker client and server host error="Cannot connect to the Docker daemon at unix:///var/run/docker.sock. Is the docker daemon running?" providerName=docker
2026-07-08T04:12:24Z ERR Provider error, retrying in 12.228220148s error="Cannot connect to the Docker daemon at unix:///var/run/docker.sock. Is the docker daemon running?" providerName=docker
2026-07-08T04:12:36Z ERR Failed to retrieve information of the docker client and server host error="Cannot connect to the Docker daemon at unix:///var/run/docker.sock. Is the docker daemon running?" providerName=docker
2026-07-08T04:12:36Z ERR Provider error, retrying in 672.843907ms error="Cannot connect to the Docker daemon at unix:///var/run/docker.sock. Is the docker daemon running?" providerName=docker
2026-07-08T04:12:37Z ERR Failed to retrieve information of the docker client and server host error="Cannot connect to the Docker daemon at unix:///var/run/docker.sock. Is the docker daemon running?" providerName=docker
2026-07-08T04:12:37Z ERR Provider error, retrying in 618.343952ms error="Cannot connect to the Docker daemon at unix:///var/run/docker.sock. Is the docker daemon running?" providerName=docker
2026-07-08T04:12:37Z ERR Failed to retrieve information of the docker client and server host error="Cannot connect to the Docker daemon at unix:///var/run/docker.sock. Is the docker daemon running?" providerName=docker
2026-07-08T04:12:37Z ERR Provider error, retrying in 1.177462503s error="Cannot connect to the Docker daemon at unix:///var/run/docker.sock. Is the docker daemon running?" providerName=docker
2026-07-08T04:12:39Z ERR Failed to retrieve information of the docker client and server host error="Cannot connect to the Docker daemon at unix:///var/run/docker.sock. Is the docker daemon running?" providerName=docker
2026-07-08T04:12:39Z ERR Provider error, retrying in 915.982727ms error="Cannot connect to the Docker daemon at unix:///var/run/docker.sock. Is the docker daemon running?" providerName=docker
2026-07-08T04:12:39Z ERR Failed to retrieve information of the docker client and server host error="Cannot connect to the Docker daemon at unix:///var/run/docker.sock. Is the docker daemon running?" providerName=docker
2026-07-08T04:12:39Z ERR Provider error, retrying in 2.682067456s error="Cannot connect to the Docker daemon at unix:///var/run/docker.sock. Is the docker daemon running?" providerName=docker
2026-07-08T04:12:42Z ERR Failed to retrieve information of the docker client and server host error="Cannot connect to the Docker daemon at unix:///var/run/docker.sock. Is the docker daemon running?" providerName=docker
2026-07-08T04:12:42Z ERR Provider error, retrying in 2.77206763s error="Cannot connect to the Docker daemon at unix:///var/run/docker.sock. Is the docker daemon running?" providerName=docker
2026-07-08T04:12:45Z ERR Failed to retrieve information of the docker client and server host error="Cannot connect to the Docker daemon at unix:///var/run/docker.sock. Is the docker daemon running?" providerName=docker
2026-07-08T04:12:45Z ERR Provider error, retrying in 8.076864384s error="Cannot connect to the Docker daemon at unix:///var/run/docker.sock. Is the docker daemon running?" providerName=docker
2026-07-08T04:12:57Z ERR Failed to retrieve information of the docker client and server host error="Cannot connect to the Docker daemon at unix:///var/run/docker.sock. Is the docker daemon running?" providerName=docker
2026-07-08T04:12:57Z ERR Provider error, retrying in 9.414991127s error="Cannot connect to the Docker daemon at unix:///var/run/docker.sock. Is the docker daemon running?" providerName=docker
2026-07-08T04:13:06Z ERR Failed to retrieve information of the docker client and server host error="Cannot connect to the Docker daemon at unix:///var/run/docker.sock. Is the docker daemon running?" providerName=docker
2026-07-08T04:13:06Z ERR Provider error, retrying in 7.749942419s error="Cannot connect to the Docker daemon at unix:///var/run/docker.sock. Is the docker daemon running?" providerName=docker
2026-07-08T04:13:14Z ERR Failed to retrieve information of the docker client and server host error="Cannot connect to the Docker daemon at unix:///var/run/docker.sock. Is the docker daemon running?" providerName=docker
2026-07-08T04:13:14Z ERR Provider error, retrying in 306.69606ms error="Cannot connect to the Docker daemon at unix:///var/run/docker.sock. Is the docker daemon running?" providerName=docker
2026-07-08T04:13:14Z ERR Failed to retrieve information of the docker client and server host error="Cannot connect to the Docker daemon at unix:///var/run/docker.sock. Is the docker daemon running?" providerName=docker
2026-07-08T04:13:14Z ERR Provider error, retrying in 799.947235ms error="Cannot connect to the Docker daemon at unix:///var/run/docker.sock. Is the docker daemon running?" providerName=docker
2026-07-08T04:13:15Z ERR Failed to retrieve information of the docker client and server host error="Cannot connect to the Docker daemon at unix:///var/run/docker.sock. Is the docker daemon running?" providerName=docker
2026-07-08T04:13:15Z ERR Provider error, retrying in 923.000239ms error="Cannot connect to the Docker daemon at unix:///var/run/docker.sock. Is the docker daemon running?" providerName=docker
2026-07-08T04:13:16Z ERR Failed to retrieve information of the docker client and server host error="Cannot connect to the Docker daemon at unix:///var/run/docker.sock. Is the docker daemon running?" providerName=docker
2026-07-08T04:13:16Z ERR Provider error, retrying in 2.519129822s error="Cannot connect to the Docker daemon at unix:///var/run/docker.sock. Is the docker daemon running?" providerName=docker
2026-07-08T04:13:18Z ERR Failed to retrieve information of the docker client and server host error="Cannot connect to the Docker daemon at unix:///var/run/docker.sock. Is the docker daemon running?" providerName=docker
2026-07-08T04:13:18Z ERR Provider error, retrying in 2.627352222s error="Cannot connect to the Docker daemon at unix:///var/run/docker.sock. Is the docker daemon running?" providerName=docker
2026-07-08T04:13:25Z ERR Failed to retrieve information of the docker client and server host error="Cannot connect to the Docker daemon at unix:///var/run/docker.sock. Is the docker daemon running?" providerName=docker
2026-07-08T04:13:25Z ERR Provider error, retrying in 5.418887395s error="Cannot connect to the Docker daemon at unix:///var/run/docker.sock. Is the docker daemon running?" providerName=docker
2026-07-08T04:13:30Z ERR Failed to retrieve information of the docker client and server host error="Cannot connect to the Docker daemon at unix:///var/run/docker.sock. Is the docker daemon running?" providerName=docker
2026-07-08T04:13:30Z ERR Provider error, retrying in 7.543449155s error="Cannot connect to the Docker daemon at unix:///var/run/docker.sock. Is the docker daemon running?" providerName=docker
2026-07-08T04:13:37Z ERR Failed to retrieve information of the docker client and server host error="Cannot connect to the Docker daemon at unix:///var/run/docker.sock. Is the docker daemon running?" providerName=docker
2026-07-08T04:13:37Z ERR Provider error, retrying in 7.317826547s error="Cannot connect to the Docker daemon at unix:///var/run/docker.sock. Is the docker daemon running?" providerName=docker
2026-07-08T04:13:45Z ERR Failed to retrieve information of the docker client and server host error="Cannot connect to the Docker daemon at unix:///var/run/docker.sock. Is the docker daemon running?" providerName=docker
2026-07-08T04:13:45Z ERR Provider error, retrying in 11.718356955s error="Cannot connect to the Docker daemon at unix:///var/run/docker.sock. Is the docker daemon running?" providerName=docker
2026-07-08T04:13:57Z ERR Failed to retrieve information of the docker client and server host error="Cannot connect to the Docker daemon at unix:///var/run/docker.sock. Is the docker daemon running?" providerName=docker
2026-07-08T04:13:57Z ERR Provider error, retrying in 438.26378ms error="Cannot connect to the Docker daemon at unix:///var/run/docker.sock. Is the docker daemon running?" providerName=docker
2026-07-08T04:14:01Z ERR Failed to retrieve information of the docker client and server host error="Cannot connect to the Docker daemon at unix:///var/run/docker.sock. Is the docker daemon running?" providerName=docker
2026-07-08T04:14:01Z ERR Provider error, retrying in 759.011099ms error="Cannot connect to the Docker daemon at unix:///var/run/docker.sock. Is the docker daemon running?" providerName=docker
2026-07-08T04:14:01Z ERR Failed to retrieve information of the docker client and server host error="Cannot connect to the Docker daemon at unix:///var/run/docker.sock. Is the docker daemon running?" providerName=docker
2026-07-08T04:14:01Z ERR Provider error, retrying in 1.307293209s error="Cannot connect to the Docker daemon at unix:///var/run/docker.sock. Is the docker daemon running?" providerName=docker
2026-07-08T04:14:03Z ERR Failed to retrieve information of the docker client and server host error="Cannot connect to the Docker daemon at unix:///var/run/docker.sock. Is the docker daemon running?" providerName=docker
2026-07-08T04:14:03Z ERR Provider error, retrying in 1.292290116s error="Cannot connect to the Docker daemon at unix:///var/run/docker.sock. Is the docker daemon running?" providerName=docker
2026-07-08T04:14:04Z ERR Failed to retrieve information of the docker client and server host error="Cannot connect to the Docker daemon at unix:///var/run/docker.sock. Is the docker daemon running?" providerName=docker
2026-07-08T04:14:04Z ERR Provider error, retrying in 2.148786678s error="Cannot connect to the Docker daemon at unix:///var/run/docker.sock. Is the docker daemon running?" providerName=docker
2026-07-08T04:14:06Z ERR Failed to retrieve information of the docker client and server host error="Cannot connect to the Docker daemon at unix:///var/run/docker.sock. Is the docker daemon running?" providerName=docker
2026-07-08T04:14:06Z ERR Provider error, retrying in 2.072453151s error="Cannot connect to the Docker daemon at unix:///var/run/docker.sock. Is the docker daemon running?" providerName=docker
2026-07-08T04:14:08Z ERR Failed to retrieve information of the docker client and server host error="Cannot connect to the Docker daemon at unix:///var/run/docker.sock. Is the docker daemon running?" providerName=docker
2026-07-08T04:14:08Z ERR Provider error, retrying in 7.497096817s error="Cannot connect to the Docker daemon at unix:///var/run/docker.sock. Is the docker daemon running?" providerName=docker
2026-07-08T04:14:16Z ERR Failed to retrieve information of the docker client and server host error="Cannot connect to the Docker daemon at unix:///var/run/docker.sock. Is the docker daemon running?" providerName=docker
2026-07-08T04:14:16Z ERR Provider error, retrying in 12.372348863s error="Cannot connect to the Docker daemon at unix:///var/run/docker.sock. Is the docker daemon running?" providerName=docker
2026-07-08T04:14:28Z ERR Failed to retrieve information of the docker client and server host error="Cannot connect to the Docker daemon at unix:///var/run/docker.sock. Is the docker daemon running?" providerName=docker
2026-07-08T04:14:28Z ERR Provider error, retrying in 17.4701391s error="Cannot connect to the Docker daemon at unix:///var/run/docker.sock. Is the docker daemon running?" providerName=docker
2026-07-08T04:14:49Z ERR Failed to retrieve information of the docker client and server host error="Cannot connect to the Docker daemon at unix:///var/run/docker.sock. Is the docker daemon running?" providerName=docker
2026-07-08T04:14:49Z ERR Provider error, retrying in 604.58528ms error="Cannot connect to the Docker daemon at unix:///var/run/docker.sock. Is the docker daemon running?" providerName=docker
2026-07-08T04:14:50Z ERR Failed to retrieve information of the docker client and server host error="Cannot connect to the Docker daemon at unix:///var/run/docker.sock. Is the docker daemon running?" providerName=docker
2026-07-08T04:14:50Z ERR Provider error, retrying in 529.367534ms error="Cannot connect to the Docker daemon at unix:///var/run/docker.sock. Is the docker daemon running?" providerName=docker
2026-07-08T04:14:50Z ERR Failed to retrieve information of the docker client and server host error="Cannot connect to the Docker daemon at unix:///var/run/docker.sock. Is the docker daemon running?" providerName=docker
2026-07-08T04:14:50Z ERR Provider error, retrying in 1.252085643s error="Cannot connect to the Docker daemon at unix:///var/run/docker.sock. Is the docker daemon running?" providerName=docker
2026-07-08T04:14:51Z ERR Failed to retrieve information of the docker client and server host error="Cannot connect to the Docker daemon at unix:///var/run/docker.sock. Is the docker daemon running?" providerName=docker
2026-07-08T04:14:51Z ERR Provider error, retrying in 1.692881128s error="Cannot connect to the Docker daemon at unix:///var/run/docker.sock. Is the docker daemon running?" providerName=docker
2026-07-08T04:14:53Z ERR Failed to retrieve information of the docker client and server host error="Cannot connect to the Docker daemon at unix:///var/run/docker.sock. Is the docker daemon running?" providerName=docker
2026-07-08T04:14:53Z ERR Provider error, retrying in 1.337566721s error="Cannot connect to the Docker daemon at unix:///var/run/docker.sock. Is the docker daemon running?" providerName=docker
2026-07-08T04:14:54Z ERR Failed to retrieve information of the docker client and server host error="Cannot connect to the Docker daemon at unix:///var/run/docker.sock. Is the docker daemon running?" providerName=docker
2026-07-08T04:14:54Z ERR Provider error, retrying in 2.725587715s error="Cannot connect to the Docker daemon at unix:///var/run/docker.sock. Is the docker daemon running?" providerName=docker
2026-07-08T04:14:57Z ERR Failed to retrieve information of the docker client and server host error="Cannot connect to the Docker daemon at unix:///var/run/docker.sock. Is the docker daemon running?" providerName=docker
2026-07-08T04:14:57Z ERR Provider error, retrying in 6.696551445s error="Cannot connect to the Docker daemon at unix:///var/run/docker.sock. Is the docker daemon running?" providerName=docker
2026-07-08T04:15:04Z ERR Failed to retrieve information of the docker client and server host error="Cannot connect to the Docker daemon at unix:///var/run/docker.sock. Is the docker daemon running?" providerName=docker
2026-07-08T04:15:04Z ERR Provider error, retrying in 10.752401879s error="Cannot connect to the Docker daemon at unix:///var/run/docker.sock. Is the docker daemon running?" providerName=docker
2026-07-08T04:15:18Z ERR Failed to retrieve information of the docker client and server host error="Cannot connect to the Docker daemon at unix:///var/run/docker.sock. Is the docker daemon running?" providerName=docker
2026-07-08T04:15:18Z ERR Provider error, retrying in 10.130678994s error="Cannot connect to the Docker daemon at unix:///var/run/docker.sock. Is the docker daemon running?" providerName=docker
2026-07-08T04:15:28Z ERR Failed to retrieve information of the docker client and server host error="Cannot connect to the Docker daemon at unix:///var/run/docker.sock. Is the docker daemon running?" providerName=docker
2026-07-08T04:15:28Z ERR Provider error, retrying in 429.838406ms error="Cannot connect to the Docker daemon at unix:///var/run/docker.sock. Is the docker daemon running?" providerName=docker
2026-07-08T04:15:29Z ERR Failed to retrieve information of the docker client and server host error="Cannot connect to the Docker daemon at unix:///var/run/docker.sock. Is the docker daemon running?" providerName=docker
2026-07-08T04:15:29Z ERR Provider error, retrying in 1.005419446s error="Cannot connect to the Docker daemon at unix:///var/run/docker.sock. Is the docker daemon running?" providerName=docker
2026-07-08T04:15:30Z ERR Failed to retrieve information of the docker client and server host error="Cannot connect to the Docker daemon at unix:///var/run/docker.sock. Is the docker daemon running?" providerName=docker
2026-07-08T04:15:30Z ERR Provider error, retrying in 1.62430835s error="Cannot connect to the Docker daemon at unix:///var/run/docker.sock. Is the docker daemon running?" providerName=docker
2026-07-08T04:15:31Z ERR Failed to retrieve information of the docker client and server host error="Cannot connect to the Docker daemon at unix:///var/run/docker.sock. Is the docker daemon running?" providerName=docker
2026-07-08T04:15:31Z ERR Provider error, retrying in 1.426876674s error="Cannot connect to the Docker daemon at unix:///var/run/docker.sock. Is the docker daemon running?" providerName=docker
2026-07-08T04:15:33Z ERR Failed to retrieve information of the docker client and server host error="Cannot connect to the Docker daemon at unix:///var/run/docker.sock. Is the docker daemon running?" providerName=docker
2026-07-08T04:15:33Z ERR Provider error, retrying in 2.148670384s error="Cannot connect to the Docker daemon at unix:///var/run/docker.sock. Is the docker daemon running?" providerName=docker
2026-07-08T04:15:35Z ERR Failed to retrieve information of the docker client and server host error="Cannot connect to the Docker daemon at unix:///var/run/docker.sock. Is the docker daemon running?" providerName=docker
2026-07-08T04:15:35Z ERR Provider error, retrying in 3.679356862s error="Cannot connect to the Docker daemon at unix:///var/run/docker.sock. Is the docker daemon running?" providerName=docker
2026-07-08T04:15:39Z ERR Failed to retrieve information of the docker client and server host error="Cannot connect to the Docker daemon at unix:///var/run/docker.sock. Is the docker daemon running?" providerName=docker
2026-07-08T04:15:39Z ERR Provider error, retrying in 8.116166106s error="Cannot connect to the Docker daemon at unix:///var/run/docker.sock. Is the docker daemon running?" providerName=docker
2026-07-08T04:15:50Z ERR Failed to retrieve information of the docker client and server host error="Cannot connect to the Docker daemon at unix:///var/run/docker.sock. Is the docker daemon running?" providerName=docker
2026-07-08T04:15:50Z ERR Provider error, retrying in 10.630097088s error="Cannot connect to the Docker daemon at unix:///var/run/docker.sock. Is the docker daemon running?" providerName=docker
2026-07-08T04:16:01Z ERR Failed to retrieve information of the docker client and server host error="Cannot connect to the Docker daemon at unix:///var/run/docker.sock. Is the docker daemon running?" providerName=docker
2026-07-08T04:16:01Z ERR Provider error, retrying in 16.673702293s error="Cannot connect to the Docker daemon at unix:///var/run/docker.sock. Is the docker daemon running?" providerName=docker
2026-07-08T04:16:18Z ERR Failed to retrieve information of the docker client and server host error="Cannot connect to the Docker daemon at unix:///var/run/docker.sock. Is the docker daemon running?" providerName=docker
2026-07-08T04:16:18Z ERR Provider error, retrying in 376.606676ms error="Cannot connect to the Docker daemon at unix:///var/run/docker.sock. Is the docker daemon running?" providerName=docker
2026-07-08T04:16:18Z ERR Failed to retrieve information of the docker client and server host error="Cannot connect to the Docker daemon at unix:///var/run/docker.sock. Is the docker daemon running?" providerName=docker
2026-07-08T04:16:18Z ERR Provider error, retrying in 1.084283911s error="Cannot connect to the Docker daemon at unix:///var/run/docker.sock. Is the docker daemon running?" providerName=docker
2026-07-08T04:16:19Z ERR Failed to retrieve information of the docker client and server host error="Cannot connect to the Docker daemon at unix:///var/run/docker.sock. Is the docker daemon running?" providerName=docker
2026-07-08T04:16:19Z ERR Provider error, retrying in 1.418380453s error="Cannot connect to the Docker daemon at unix:///var/run/docker.sock. Is the docker daemon running?" providerName=docker
2026-07-08T04:16:24Z ERR Failed to retrieve information of the docker client and server host error="Cannot connect to the Docker daemon at unix:///var/run/docker.sock. Is the docker daemon running?" providerName=docker
2026-07-08T04:16:24Z ERR Provider error, retrying in 1.620973311s error="Cannot connect to the Docker daemon at unix:///var/run/docker.sock. Is the docker daemon running?" providerName=docker
2026-07-08T04:16:26Z ERR Failed to retrieve information of the docker client and server host error="Cannot connect to the Docker daemon at unix:///var/run/docker.sock. Is the docker daemon running?" providerName=docker
2026-07-08T04:16:26Z ERR Provider error, retrying in 1.742114651s error="Cannot connect to the Docker daemon at unix:///var/run/docker.sock. Is the docker daemon running?" providerName=docker
2026-07-08T04:16:28Z ERR Failed to retrieve information of the docker client and server host error="Cannot connect to the Docker daemon at unix:///var/run/docker.sock. Is the docker daemon running?" providerName=docker
2026-07-08T04:16:28Z ERR Provider error, retrying in 2.743682203s error="Cannot connect to the Docker daemon at unix:///var/run/docker.sock. Is the docker daemon running?" providerName=docker
2026-07-08T04:16:30Z ERR Failed to retrieve information of the docker client and server host error="Cannot connect to the Docker daemon at unix:///var/run/docker.sock. Is the docker daemon running?" providerName=docker
2026-07-08T04:16:30Z ERR Provider error, retrying in 6.182832561s error="Cannot connect to the Docker daemon at unix:///var/run/docker.sock. Is the docker daemon running?" providerName=docker
2026-07-08T04:16:36Z ERR Failed to retrieve information of the docker client and server host error="Cannot connect to the Docker daemon at unix:///var/run/docker.sock. Is the docker daemon running?" providerName=docker
2026-07-08T04:16:36Z ERR Provider error, retrying in 9.062941218s error="Cannot connect to the Docker daemon at unix:///var/run/docker.sock. Is the docker daemon running?" providerName=docker
2026-07-08T04:16:46Z ERR Failed to retrieve information of the docker client and server host error="Cannot connect to the Docker daemon at unix:///var/run/docker.sock. Is the docker daemon running?" providerName=docker
2026-07-08T04:16:46Z ERR Provider error, retrying in 16.889424557s error="Cannot connect to the Docker daemon at unix:///var/run/docker.sock. Is the docker daemon running?" providerName=docker
2026-07-08T04:17:06Z ERR Failed to retrieve information of the docker client and server host error="Cannot connect to the Docker daemon at unix:///var/run/docker.sock. Is the docker daemon running?" providerName=docker
2026-07-08T04:17:06Z ERR Provider error, retrying in 284.765608ms error="Cannot connect to the Docker daemon at unix:///var/run/docker.sock. Is the docker daemon running?" providerName=docker
2026-07-08T04:17:06Z ERR Failed to retrieve information of the docker client and server host error="Cannot connect to the Docker daemon at unix:///var/run/docker.sock. Is the docker daemon running?" providerName=docker
2026-07-08T04:17:06Z ERR Provider error, retrying in 722.397136ms error="Cannot connect to the Docker daemon at unix:///var/run/docker.sock. Is the docker daemon running?" providerName=docker
2026-07-08T04:17:07Z ERR Failed to retrieve information of the docker client and server host error="Cannot connect to the Docker daemon at unix:///var/run/docker.sock. Is the docker daemon running?" providerName=docker
2026-07-08T04:17:07Z ERR Provider error, retrying in 1.606439717s error="Cannot connect to the Docker daemon at unix:///var/run/docker.sock. Is the docker daemon running?" providerName=docker
2026-07-08T04:17:09Z ERR Failed to retrieve information of the docker client and server host error="Cannot connect to the Docker daemon at unix:///var/run/docker.sock. Is the docker daemon running?" providerName=docker
2026-07-08T04:17:09Z ERR Provider error, retrying in 947.0645ms error="Cannot connect to the Docker daemon at unix:///var/run/docker.sock. Is the docker daemon running?" providerName=docker
2026-07-08T04:17:10Z ERR Failed to retrieve information of the docker client and server host error="Cannot connect to the Docker daemon at unix:///var/run/docker.sock. Is the docker daemon running?" providerName=docker
2026-07-08T04:17:10Z ERR Provider error, retrying in 2.496314829s error="Cannot connect to the Docker daemon at unix:///var/run/docker.sock. Is the docker daemon running?" providerName=docker
2026-07-08T04:17:12Z ERR Failed to retrieve information of the docker client and server host error="Cannot connect to the Docker daemon at unix:///var/run/docker.sock. Is the docker daemon running?" providerName=docker
2026-07-08T04:17:12Z ERR Provider error, retrying in 2.478997114s error="Cannot connect to the Docker daemon at unix:///var/run/docker.sock. Is the docker daemon running?" providerName=docker
2026-07-08T04:17:15Z ERR Failed to retrieve information of the docker client and server host error="Cannot connect to the Docker daemon at unix:///var/run/docker.sock. Is the docker daemon running?" providerName=docker
2026-07-08T04:17:15Z ERR Provider error, retrying in 6.807786774s error="Cannot connect to the Docker daemon at unix:///var/run/docker.sock. Is the docker daemon running?" providerName=docker
2026-07-08T04:17:21Z ERR Failed to retrieve information of the docker client and server host error="Cannot connect to the Docker daemon at unix:///var/run/docker.sock. Is the docker daemon running?" providerName=docker
2026-07-08T04:17:21Z ERR Provider error, retrying in 7.658510862s error="Cannot connect to the Docker daemon at unix:///var/run/docker.sock. Is the docker daemon running?" providerName=docker
2026-07-08T04:17:29Z ERR Failed to retrieve information of the docker client and server host error="Cannot connect to the Docker daemon at unix:///var/run/docker.sock. Is the docker daemon running?" providerName=docker
2026-07-08T04:17:29Z ERR Provider error, retrying in 13.822920115s error="Cannot connect to the Docker daemon at unix:///var/run/docker.sock. Is the docker daemon running?" providerName=docker
2026-07-08T04:17:46Z ERR Failed to retrieve information of the docker client and server host error="Cannot connect to the Docker daemon at unix:///var/run/docker.sock. Is the docker daemon running?" providerName=docker
2026-07-08T04:17:46Z ERR Provider error, retrying in 485.816622ms error="Cannot connect to the Docker daemon at unix:///var/run/docker.sock. Is the docker daemon running?" providerName=docker
2026-07-08T04:17:47Z ERR Failed to retrieve information of the docker client and server host error="Cannot connect to the Docker daemon at unix:///var/run/docker.sock. Is the docker daemon running?" providerName=docker
2026-07-08T04:17:47Z ERR Provider error, retrying in 561.474811ms error="Cannot connect to the Docker daemon at unix:///var/run/docker.sock. Is the docker daemon running?" providerName=docker
2026-07-08T04:17:48Z ERR Failed to retrieve information of the docker client and server host error="Cannot connect to the Docker daemon at unix:///var/run/docker.sock. Is the docker daemon running?" providerName=docker
2026-07-08T04:17:48Z ERR Provider error, retrying in 886.286722ms error="Cannot connect to the Docker daemon at unix:///var/run/docker.sock. Is the docker daemon running?" providerName=docker
2026-07-08T04:17:48Z ERR Failed to retrieve information of the docker client and server host error="Cannot connect to the Docker daemon at unix:///var/run/docker.sock. Is the docker daemon running?" providerName=docker
2026-07-08T04:17:48Z ERR Provider error, retrying in 1.543513381s error="Cannot connect to the Docker daemon at unix:///var/run/docker.sock. Is the docker daemon running?" providerName=docker
2026-07-08T04:17:50Z ERR Failed to retrieve information of the docker client and server host error="Cannot connect to the Docker daemon at unix:///var/run/docker.sock. Is the docker daemon running?" providerName=docker
2026-07-08T04:17:50Z ERR Provider error, retrying in 3.309854469s error="Cannot connect to the Docker daemon at unix:///var/run/docker.sock. Is the docker daemon running?" providerName=docker
2026-07-08T04:17:53Z ERR Failed to retrieve information of the docker client and server host error="Cannot connect to the Docker daemon at unix:///var/run/docker.sock. Is the docker daemon running?" providerName=docker
2026-07-08T04:17:53Z ERR Provider error, retrying in 5.636818474s error="Cannot connect to the Docker daemon at unix:///var/run/docker.sock. Is the docker daemon running?" providerName=docker
2026-07-08T04:17:59Z ERR Failed to retrieve information of the docker client and server host error="Cannot connect to the Docker daemon at unix:///var/run/docker.sock. Is the docker daemon running?" providerName=docker
2026-07-08T04:17:59Z ERR Provider error, retrying in 7.956502161s error="Cannot connect to the Docker daemon at unix:///var/run/docker.sock. Is the docker daemon running?" providerName=docker
2026-07-08T04:18:07Z ERR Failed to retrieve information of the docker client and server host error="Cannot connect to the Docker daemon at unix:///var/run/docker.sock. Is the docker daemon running?" providerName=docker
2026-07-08T04:18:07Z ERR Provider error, retrying in 5.157507875s error="Cannot connect to the Docker daemon at unix:///var/run/docker.sock. Is the docker daemon running?" providerName=docker
2026-07-08T04:18:16Z ERR Failed to retrieve information of the docker client and server host error="Cannot connect to the Docker daemon at unix:///var/run/docker.sock. Is the docker daemon running?" providerName=docker
2026-07-08T04:18:16Z ERR Provider error, retrying in 17.333294232s error="Cannot connect to the Docker daemon at unix:///var/run/docker.sock. Is the docker daemon running?" providerName=docker
2026-07-08T04:18:33Z ERR Failed to retrieve information of the docker client and server host error="Cannot connect to the Docker daemon at unix:///var/run/docker.sock. Is the docker daemon running?" providerName=docker
2026-07-08T04:18:33Z ERR Provider error, retrying in 606.620991ms error="Cannot connect to the Docker daemon at unix:///var/run/docker.sock. Is the docker daemon running?" providerName=docker
2026-07-08T04:18:34Z ERR Failed to retrieve information of the docker client and server host error="Cannot connect to the Docker daemon at unix:///var/run/docker.sock. Is the docker daemon running?" providerName=docker
2026-07-08T04:18:34Z ERR Provider error, retrying in 677.127219ms error="Cannot connect to the Docker daemon at unix:///var/run/docker.sock. Is the docker daemon running?" providerName=docker
2026-07-08T04:18:34Z ERR Failed to retrieve information of the docker client and server host error="Cannot connect to the Docker daemon at unix:///var/run/docker.sock. Is the docker daemon running?" providerName=docker
2026-07-08T04:18:34Z ERR Provider error, retrying in 937.504547ms error="Cannot connect to the Docker daemon at unix:///var/run/docker.sock. Is the docker daemon running?" providerName=docker
2026-07-08T04:18:35Z ERR Failed to retrieve information of the docker client and server host error="Cannot connect to the Docker daemon at unix:///var/run/docker.sock. Is the docker daemon running?" providerName=docker
2026-07-08T04:18:35Z ERR Provider error, retrying in 1.949829509s error="Cannot connect to the Docker daemon at unix:///var/run/docker.sock. Is the docker daemon running?" providerName=docker
2026-07-08T04:18:37Z ERR Failed to retrieve information of the docker client and server host error="Cannot connect to the Docker daemon at unix:///var/run/docker.sock. Is the docker daemon running?" providerName=docker
2026-07-08T04:18:37Z ERR Provider error, retrying in 2.646050412s error="Cannot connect to the Docker daemon at unix:///var/run/docker.sock. Is the docker daemon running?" providerName=docker
2026-07-08T04:18:40Z ERR Failed to retrieve information of the docker client and server host error="Cannot connect to the Docker daemon at unix:///var/run/docker.sock. Is the docker daemon running?" providerName=docker
2026-07-08T04:18:40Z ERR Provider error, retrying in 2.712861555s error="Cannot connect to the Docker daemon at unix:///var/run/docker.sock. Is the docker daemon running?" providerName=docker
2026-07-08T04:18:42Z ERR Failed to retrieve information of the docker client and server host error="Cannot connect to the Docker daemon at unix:///var/run/docker.sock. Is the docker daemon running?" providerName=docker
2026-07-08T04:18:42Z ERR Provider error, retrying in 5.339428112s error="Cannot connect to the Docker daemon at unix:///var/run/docker.sock. Is the docker daemon running?" providerName=docker
2026-07-08T04:18:51Z ERR Failed to retrieve information of the docker client and server host error="Cannot connect to the Docker daemon at unix:///var/run/docker.sock. Is the docker daemon running?" providerName=docker
2026-07-08T04:18:51Z ERR Provider error, retrying in 9.666618533s error="Cannot connect to the Docker daemon at unix:///var/run/docker.sock. Is the docker daemon running?" providerName=docker
2026-07-08T04:19:01Z ERR Failed to retrieve information of the docker client and server host error="Cannot connect to the Docker daemon at unix:///var/run/docker.sock. Is the docker daemon running?" providerName=docker
2026-07-08T04:19:01Z ERR Provider error, retrying in 14.912630417s error="Cannot connect to the Docker daemon at unix:///var/run/docker.sock. Is the docker daemon running?" providerName=docker
2026-07-08T04:19:16Z ERR Failed to retrieve information of the docker client and server host error="Cannot connect to the Docker daemon at unix:///var/run/docker.sock. Is the docker daemon running?" providerName=docker
2026-07-08T04:19:16Z ERR Provider error, retrying in 573.567802ms error="Cannot connect to the Docker daemon at unix:///var/run/docker.sock. Is the docker daemon running?" providerName=docker
2026-07-08T04:19:17Z ERR Failed to retrieve information of the docker client and server host error="Cannot connect to the Docker daemon at unix:///var/run/docker.sock. Is the docker daemon running?" providerName=docker
2026-07-08T04:19:17Z ERR Provider error, retrying in 710.581892ms error="Cannot connect to the Docker daemon at unix:///var/run/docker.sock. Is the docker daemon running?" providerName=docker
2026-07-08T04:19:17Z ERR Failed to retrieve information of the docker client and server host error="Cannot connect to the Docker daemon at unix:///var/run/docker.sock. Is the docker daemon running?" providerName=docker
2026-07-08T04:19:17Z ERR Provider error, retrying in 1.357487553s error="Cannot connect to the Docker daemon at unix:///var/run/docker.sock. Is the docker daemon running?" providerName=docker
2026-07-08T04:19:19Z ERR Failed to retrieve information of the docker client and server host error="Cannot connect to the Docker daemon at unix:///var/run/docker.sock. Is the docker daemon running?" providerName=docker
2026-07-08T04:19:19Z ERR Provider error, retrying in 844.051812ms error="Cannot connect to the Docker daemon at unix:///var/run/docker.sock. Is the docker daemon running?" providerName=docker
2026-07-08T04:19:23Z ERR Failed to retrieve information of the docker client and server host error="Cannot connect to the Docker daemon at unix:///var/run/docker.sock. Is the docker daemon running?" providerName=docker
2026-07-08T04:19:23Z ERR Provider error, retrying in 3.33686117s error="Cannot connect to the Docker daemon at unix:///var/run/docker.sock. Is the docker daemon running?" providerName=docker
2026-07-08T04:19:26Z ERR Failed to retrieve information of the docker client and server host error="Cannot connect to the Docker daemon at unix:///var/run/docker.sock. Is the docker daemon running?" providerName=docker
2026-07-08T04:19:26Z ERR Provider error, retrying in 4.691952162s error="Cannot connect to the Docker daemon at unix:///var/run/docker.sock. Is the docker daemon running?" providerName=docker
2026-07-08T04:19:31Z ERR Failed to retrieve information of the docker client and server host error="Cannot connect to the Docker daemon at unix:///var/run/docker.sock. Is the docker daemon running?" providerName=docker
2026-07-08T04:19:31Z ERR Provider error, retrying in 4.127896946s error="Cannot connect to the Docker daemon at unix:///var/run/docker.sock. Is the docker daemon running?" providerName=docker
2026-07-08T04:19:35Z ERR Failed to retrieve information of the docker client and server host error="Cannot connect to the Docker daemon at unix:///var/run/docker.sock. Is the docker daemon running?" providerName=docker
2026-07-08T04:19:35Z ERR Provider error, retrying in 7.964773458s error="Cannot connect to the Docker daemon at unix:///var/run/docker.sock. Is the docker daemon running?" providerName=docker
2026-07-08T04:19:43Z ERR Failed to retrieve information of the docker client and server host error="Cannot connect to the Docker daemon at unix:///var/run/docker.sock. Is the docker daemon running?" providerName=docker
2026-07-08T04:19:43Z ERR Provider error, retrying in 10.041774342s error="Cannot connect to the Docker daemon at unix:///var/run/docker.sock. Is the docker daemon running?" providerName=docker
2026-07-08T04:19:53Z ERR Failed to retrieve information of the docker client and server host error="Cannot connect to the Docker daemon at unix:///var/run/docker.sock. Is the docker daemon running?" providerName=docker
2026-07-08T04:19:53Z ERR Provider error, retrying in 299.175881ms error="Cannot connect to the Docker daemon at unix:///var/run/docker.sock. Is the docker daemon running?" providerName=docker
2026-07-08T04:19:54Z ERR Failed to retrieve information of the docker client and server host error="Cannot connect to the Docker daemon at unix:///var/run/docker.sock. Is the docker daemon running?" providerName=docker
2026-07-08T04:19:54Z ERR Provider error, retrying in 910.055481ms error="Cannot connect to the Docker daemon at unix:///var/run/docker.sock. Is the docker daemon running?" providerName=docker
2026-07-08T04:19:54Z ERR Failed to retrieve information of the docker client and server host error="Cannot connect to the Docker daemon at unix:///var/run/docker.sock. Is the docker daemon running?" providerName=docker
2026-07-08T04:19:54Z ERR Provider error, retrying in 1.081154426s error="Cannot connect to the Docker daemon at unix:///var/run/docker.sock. Is the docker daemon running?" providerName=docker
2026-07-08T04:19:59Z ERR Failed to retrieve information of the docker client and server host error="Cannot connect to the Docker daemon at unix:///var/run/docker.sock. Is the docker daemon running?" providerName=docker
2026-07-08T04:19:59Z ERR Provider error, retrying in 1.647540626s error="Cannot connect to the Docker daemon at unix:///var/run/docker.sock. Is the docker daemon running?" providerName=docker
2026-07-08T04:20:01Z ERR Failed to retrieve information of the docker client and server host error="Cannot connect to the Docker daemon at unix:///var/run/docker.sock. Is the docker daemon running?" providerName=docker
2026-07-08T04:20:01Z ERR Provider error, retrying in 2.336385924s error="Cannot connect to the Docker daemon at unix:///var/run/docker.sock. Is the docker daemon running?" providerName=docker
2026-07-08T04:20:03Z ERR Failed to retrieve information of the docker client and server host error="Cannot connect to the Docker daemon at unix:///var/run/docker.sock. Is the docker daemon running?" providerName=docker
2026-07-08T04:20:03Z ERR Provider error, retrying in 5.369600895s error="Cannot connect to the Docker daemon at unix:///var/run/docker.sock. Is the docker daemon running?" providerName=docker
2026-07-08T04:20:08Z ERR Failed to retrieve information of the docker client and server host error="Cannot connect to the Docker daemon at unix:///var/run/docker.sock. Is the docker daemon running?" providerName=docker
2026-07-08T04:20:08Z ERR Provider error, retrying in 3.610734133s error="Cannot connect to the Docker daemon at unix:///var/run/docker.sock. Is the docker daemon running?" providerName=docker
2026-07-08T04:20:12Z ERR Failed to retrieve information of the docker client and server host error="Cannot connect to the Docker daemon at unix:///var/run/docker.sock. Is the docker daemon running?" providerName=docker
2026-07-08T04:20:12Z ERR Provider error, retrying in 12.517812783s error="Cannot connect to the Docker daemon at unix:///var/run/docker.sock. Is the docker daemon running?" providerName=docker
2026-07-08T04:20:25Z ERR Failed to retrieve information of the docker client and server host error="Cannot connect to the Docker daemon at unix:///var/run/docker.sock. Is the docker daemon running?" providerName=docker
2026-07-08T04:20:25Z ERR Provider error, retrying in 8.454495735s error="Cannot connect to the Docker daemon at unix:///var/run/docker.sock. Is the docker daemon running?" providerName=docker
2026-07-08T04:20:37Z ERR Failed to retrieve information of the docker client and server host error="Cannot connect to the Docker daemon at unix:///var/run/docker.sock. Is the docker daemon running?" providerName=docker
2026-07-08T04:20:37Z ERR Provider error, retrying in 274.228875ms error="Cannot connect to the Docker daemon at unix:///var/run/docker.sock. Is the docker daemon running?" providerName=docker
2026-07-08T04:20:37Z ERR Failed to retrieve information of the docker client and server host error="Cannot connect to the Docker daemon at unix:///var/run/docker.sock. Is the docker daemon running?" providerName=docker
2026-07-08T04:20:37Z ERR Provider error, retrying in 648.721525ms error="Cannot connect to the Docker daemon at unix:///var/run/docker.sock. Is the docker daemon running?" providerName=docker
2026-07-08T04:20:38Z ERR Failed to retrieve information of the docker client and server host error="Cannot connect to the Docker daemon at unix:///var/run/docker.sock. Is the docker daemon running?" providerName=docker
2026-07-08T04:20:38Z ERR Provider error, retrying in 1.373184281s error="Cannot connect to the Docker daemon at unix:///var/run/docker.sock. Is the docker daemon running?" providerName=docker
2026-07-08T04:20:39Z ERR Failed to retrieve information of the docker client and server host error="Cannot connect to the Docker daemon at unix:///var/run/docker.sock. Is the docker daemon running?" providerName=docker
2026-07-08T04:20:39Z ERR Provider error, retrying in 1.318215266s error="Cannot connect to the Docker daemon at unix:///var/run/docker.sock. Is the docker daemon running?" providerName=docker
2026-07-08T04:20:40Z ERR Failed to retrieve information of the docker client and server host error="Cannot connect to the Docker daemon at unix:///var/run/docker.sock. Is the docker daemon running?" providerName=docker
2026-07-08T04:20:40Z ERR Provider error, retrying in 1.33647181s error="Cannot connect to the Docker daemon at unix:///var/run/docker.sock. Is the docker daemon running?" providerName=docker
2026-07-08T04:20:42Z ERR Failed to retrieve information of the docker client and server host error="Cannot connect to the Docker daemon at unix:///var/run/docker.sock. Is the docker daemon running?" providerName=docker
2026-07-08T04:20:42Z ERR Provider error, retrying in 5.157586564s error="Cannot connect to the Docker daemon at unix:///var/run/docker.sock. Is the docker daemon running?" providerName=docker
2026-07-08T04:20:47Z ERR Failed to retrieve information of the docker client and server host error="Cannot connect to the Docker daemon at unix:///var/run/docker.sock. Is the docker daemon running?" providerName=docker
2026-07-08T04:20:47Z ERR Provider error, retrying in 6.869179813s error="Cannot connect to the Docker daemon at unix:///var/run/docker.sock. Is the docker daemon running?" providerName=docker
2026-07-08T04:20:54Z ERR Failed to retrieve information of the docker client and server host error="Cannot connect to the Docker daemon at unix:///var/run/docker.sock. Is the docker daemon running?" providerName=docker
2026-07-08T04:20:54Z ERR Provider error, retrying in 8.283928055s error="Cannot connect to the Docker daemon at unix:///var/run/docker.sock. Is the docker daemon running?" providerName=docker
2026-07-08T04:21:02Z ERR Failed to retrieve information of the docker client and server host error="Cannot connect to the Docker daemon at unix:///var/run/docker.sock. Is the docker daemon running?" providerName=docker
2026-07-08T04:21:02Z ERR Provider error, retrying in 15.680901635s error="Cannot connect to the Docker daemon at unix:///var/run/docker.sock. Is the docker daemon running?" providerName=docker
2026-07-08T04:21:21Z ERR Failed to retrieve information of the docker client and server host error="Cannot connect to the Docker daemon at unix:///var/run/docker.sock. Is the docker daemon running?" providerName=docker
2026-07-08T04:21:21Z ERR Provider error, retrying in 254.908402ms error="Cannot connect to the Docker daemon at unix:///var/run/docker.sock. Is the docker daemon running?" providerName=docker
2026-07-08T04:21:21Z ERR Failed to retrieve information of the docker client and server host error="Cannot connect to the Docker daemon at unix:///var/run/docker.sock. Is the docker daemon running?" providerName=docker
2026-07-08T04:21:21Z ERR Provider error, retrying in 534.009026ms error="Cannot connect to the Docker daemon at unix:///var/run/docker.sock. Is the docker daemon running?" providerName=docker
2026-07-08T04:21:22Z ERR Failed to retrieve information of the docker client and server host error="Cannot connect to the Docker daemon at unix:///var/run/docker.sock. Is the docker daemon running?" providerName=docker
2026-07-08T04:21:22Z ERR Provider error, retrying in 1.131430772s error="Cannot connect to the Docker daemon at unix:///var/run/docker.sock. Is the docker daemon running?" providerName=docker
2026-07-08T04:21:23Z ERR Failed to retrieve information of the docker client and server host error="Cannot connect to the Docker daemon at unix:///var/run/docker.sock. Is the docker daemon running?" providerName=docker
2026-07-08T04:21:23Z ERR Provider error, retrying in 2.16413569s error="Cannot connect to the Docker daemon at unix:///var/run/docker.sock. Is the docker daemon running?" providerName=docker
2026-07-08T04:21:25Z ERR Failed to retrieve information of the docker client and server host error="Cannot connect to the Docker daemon at unix:///var/run/docker.sock. Is the docker daemon running?" providerName=docker
2026-07-08T04:21:25Z ERR Provider error, retrying in 1.555053592s error="Cannot connect to the Docker daemon at unix:///var/run/docker.sock. Is the docker daemon running?" providerName=docker
2026-07-08T04:21:27Z ERR Failed to retrieve information of the docker client and server host error="Cannot connect to the Docker daemon at unix:///var/run/docker.sock. Is the docker daemon running?" providerName=docker
2026-07-08T04:21:27Z ERR Provider error, retrying in 3.30260306s error="Cannot connect to the Docker daemon at unix:///var/run/docker.sock. Is the docker daemon running?" providerName=docker
2026-07-08T04:21:30Z ERR Failed to retrieve information of the docker client and server host error="Cannot connect to the Docker daemon at unix:///var/run/docker.sock. Is the docker daemon running?" providerName=docker
2026-07-08T04:21:30Z ERR Provider error, retrying in 6.743773141s error="Cannot connect to the Docker daemon at unix:///var/run/docker.sock. Is the docker daemon running?" providerName=docker
2026-07-08T04:21:37Z ERR Failed to retrieve information of the docker client and server host error="Cannot connect to the Docker daemon at unix:///var/run/docker.sock. Is the docker daemon running?" providerName=docker
2026-07-08T04:21:37Z ERR Provider error, retrying in 9.610401979s error="Cannot connect to the Docker daemon at unix:///var/run/docker.sock. Is the docker daemon running?" providerName=docker
2026-07-08T04:21:50Z ERR Failed to retrieve information of the docker client and server host error="Cannot connect to the Docker daemon at unix:///var/run/docker.sock. Is the docker daemon running?" providerName=docker
2026-07-08T04:21:50Z ERR Provider error, retrying in 7.387042271s error="Cannot connect to the Docker daemon at unix:///var/run/docker.sock. Is the docker daemon running?" providerName=docker
2026-07-08T04:21:57Z ERR Failed to retrieve information of the docker client and server host error="Cannot connect to the Docker daemon at unix:///var/run/docker.sock. Is the docker daemon running?" providerName=docker
2026-07-08T04:21:57Z ERR Provider error, retrying in 407.226527ms error="Cannot connect to the Docker daemon at unix:///var/run/docker.sock. Is the docker daemon running?" providerName=docker
2026-07-08T04:21:58Z ERR Failed to retrieve information of the docker client and server host error="Cannot connect to the Docker daemon at unix:///var/run/docker.sock. Is the docker daemon running?" providerName=docker
2026-07-08T04:21:58Z ERR Provider error, retrying in 797.010334ms error="Cannot connect to the Docker daemon at unix:///var/run/docker.sock. Is the docker daemon running?" providerName=docker
2026-07-08T04:21:59Z ERR Failed to retrieve information of the docker client and server host error="Cannot connect to the Docker daemon at unix:///var/run/docker.sock. Is the docker daemon running?" providerName=docker
2026-07-08T04:21:59Z ERR Provider error, retrying in 617.499353ms error="Cannot connect to the Docker daemon at unix:///var/run/docker.sock. Is the docker daemon running?" providerName=docker
2026-07-08T04:21:59Z ERR Failed to retrieve information of the docker client and server host error="Cannot connect to the Docker daemon at unix:///var/run/docker.sock. Is the docker daemon running?" providerName=docker
2026-07-08T04:21:59Z ERR Provider error, retrying in 992.612599ms error="Cannot connect to the Docker daemon at unix:///var/run/docker.sock. Is the docker daemon running?" providerName=docker
2026-07-08T04:22:00Z ERR Failed to retrieve information of the docker client and server host error="Cannot connect to the Docker daemon at unix:///var/run/docker.sock. Is the docker daemon running?" providerName=docker
2026-07-08T04:22:00Z ERR Provider error, retrying in 1.771990959s error="Cannot connect to the Docker daemon at unix:///var/run/docker.sock. Is the docker daemon running?" providerName=docker
2026-07-08T04:22:02Z ERR Failed to retrieve information of the docker client and server host error="Cannot connect to the Docker daemon at unix:///var/run/docker.sock. Is the docker daemon running?" providerName=docker
2026-07-08T04:22:02Z ERR Provider error, retrying in 3.342442938s error="Cannot connect to the Docker daemon at unix:///var/run/docker.sock. Is the docker daemon running?" providerName=docker
2026-07-08T04:22:05Z ERR Failed to retrieve information of the docker client and server host error="Cannot connect to the Docker daemon at unix:///var/run/docker.sock. Is the docker daemon running?" providerName=docker
2026-07-08T04:22:05Z ERR Provider error, retrying in 6.194206034s error="Cannot connect to the Docker daemon at unix:///var/run/docker.sock. Is the docker daemon running?" providerName=docker
2026-07-08T04:22:12Z ERR Failed to retrieve information of the docker client and server host error="Cannot connect to the Docker daemon at unix:///var/run/docker.sock. Is the docker daemon running?" providerName=docker
2026-07-08T04:22:12Z ERR Provider error, retrying in 6.989211434s error="Cannot connect to the Docker daemon at unix:///var/run/docker.sock. Is the docker daemon running?" providerName=docker
2026-07-08T04:22:22Z ERR Failed to retrieve information of the docker client and server host error="Cannot connect to the Docker daemon at unix:///var/run/docker.sock. Is the docker daemon running?" providerName=docker
2026-07-08T04:22:22Z ERR Provider error, retrying in 9.430555586s error="Cannot connect to the Docker daemon at unix:///var/run/docker.sock. Is the docker daemon running?" providerName=docker
2026-07-08T04:22:32Z ERR Failed to retrieve information of the docker client and server host error="Cannot connect to the Docker daemon at unix:///var/run/docker.sock. Is the docker daemon running?" providerName=docker
2026-07-08T04:22:32Z ERR Provider error, retrying in 300.151581ms error="Cannot connect to the Docker daemon at unix:///var/run/docker.sock. Is the docker daemon running?" providerName=docker
2026-07-08T04:22:32Z ERR Failed to retrieve information of the docker client and server host error="Cannot connect to the Docker daemon at unix:///var/run/docker.sock. Is the docker daemon running?" providerName=docker
2026-07-08T04:22:32Z ERR Provider error, retrying in 777.259567ms error="Cannot connect to the Docker daemon at unix:///var/run/docker.sock. Is the docker daemon running?" providerName=docker
2026-07-08T04:22:33Z ERR Failed to retrieve information of the docker client and server host error="Cannot connect to the Docker daemon at unix:///var/run/docker.sock. Is the docker daemon running?" providerName=docker
2026-07-08T04:22:33Z ERR Provider error, retrying in 992.707293ms error="Cannot connect to the Docker daemon at unix:///var/run/docker.sock. Is the docker daemon running?" providerName=docker
2026-07-08T04:22:34Z ERR Failed to retrieve information of the docker client and server host error="Cannot connect to the Docker daemon at unix:///var/run/docker.sock. Is the docker daemon running?" providerName=docker
2026-07-08T04:22:34Z ERR Provider error, retrying in 2.42590884s error="Cannot connect to the Docker daemon at unix:///var/run/docker.sock. Is the docker daemon running?" providerName=docker
2026-07-08T04:22:36Z ERR Failed to retrieve information of the docker client and server host error="Cannot connect to the Docker daemon at unix:///var/run/docker.sock. Is the docker daemon running?" providerName=docker
2026-07-08T04:22:36Z ERR Provider error, retrying in 2.906240308s error="Cannot connect to the Docker daemon at unix:///var/run/docker.sock. Is the docker daemon running?" providerName=docker
2026-07-08T04:22:39Z ERR Failed to retrieve information of the docker client and server host error="Cannot connect to the Docker daemon at unix:///var/run/docker.sock. Is the docker daemon running?" providerName=docker
2026-07-08T04:22:39Z ERR Provider error, retrying in 3.498585647s error="Cannot connect to the Docker daemon at unix:///var/run/docker.sock. Is the docker daemon running?" providerName=docker
2026-07-08T04:22:43Z ERR Failed to retrieve information of the docker client and server host error="Cannot connect to the Docker daemon at unix:///var/run/docker.sock. Is the docker daemon running?" providerName=docker
2026-07-08T04:22:43Z ERR Provider error, retrying in 7.056279255s error="Cannot connect to the Docker daemon at unix:///var/run/docker.sock. Is the docker daemon running?" providerName=docker
2026-07-08T04:22:50Z ERR Failed to retrieve information of the docker client and server host error="Cannot connect to the Docker daemon at unix:///var/run/docker.sock. Is the docker daemon running?" providerName=docker
2026-07-08T04:22:50Z ERR Provider error, retrying in 8.919258291s error="Cannot connect to the Docker daemon at unix:///var/run/docker.sock. Is the docker daemon running?" providerName=docker
2026-07-08T04:23:02Z ERR Failed to retrieve information of the docker client and server host error="Cannot connect to the Docker daemon at unix:///var/run/docker.sock. Is the docker daemon running?" providerName=docker
2026-07-08T04:23:02Z ERR Provider error, retrying in 12.814390987s error="Cannot connect to the Docker daemon at unix:///var/run/docker.sock. Is the docker daemon running?" providerName=docker
2026-07-08T04:23:15Z ERR Failed to retrieve information of the docker client and server host error="Cannot connect to the Docker daemon at unix:///var/run/docker.sock. Is the docker daemon running?" providerName=docker
2026-07-08T04:23:15Z ERR Provider error, retrying in 632.89033ms error="Cannot connect to the Docker daemon at unix:///var/run/docker.sock. Is the docker daemon running?" providerName=docker
2026-07-08T04:23:16Z ERR Failed to retrieve information of the docker client and server host error="Cannot connect to the Docker daemon at unix:///var/run/docker.sock. Is the docker daemon running?" providerName=docker
2026-07-08T04:23:16Z ERR Provider error, retrying in 513.592415ms error="Cannot connect to the Docker daemon at unix:///var/run/docker.sock. Is the docker daemon running?" providerName=docker
2026-07-08T04:23:16Z ERR Failed to retrieve information of the docker client and server host error="Cannot connect to the Docker daemon at unix:///var/run/docker.sock. Is the docker daemon running?" providerName=docker
2026-07-08T04:23:16Z ERR Provider error, retrying in 1.179838916s error="Cannot connect to the Docker daemon at unix:///var/run/docker.sock. Is the docker daemon running?" providerName=docker
2026-07-08T04:23:17Z ERR Failed to retrieve information of the docker client and server host error="Cannot connect to the Docker daemon at unix:///var/run/docker.sock. Is the docker daemon running?" providerName=docker
2026-07-08T04:23:17Z ERR Provider error, retrying in 1.398258837s error="Cannot connect to the Docker daemon at unix:///var/run/docker.sock. Is the docker daemon running?" providerName=docker
2026-07-08T04:23:19Z ERR Failed to retrieve information of the docker client and server host error="Cannot connect to the Docker daemon at unix:///var/run/docker.sock. Is the docker daemon running?" providerName=docker
2026-07-08T04:23:19Z ERR Provider error, retrying in 3.172551323s error="Cannot connect to the Docker daemon at unix:///var/run/docker.sock. Is the docker daemon running?" providerName=docker
2026-07-08T04:23:22Z ERR Failed to retrieve information of the docker client and server host error="Cannot connect to the Docker daemon at unix:///var/run/docker.sock. Is the docker daemon running?" providerName=docker
2026-07-08T04:23:22Z ERR Provider error, retrying in 3.860574541s error="Cannot connect to the Docker daemon at unix:///var/run/docker.sock. Is the docker daemon running?" providerName=docker
2026-07-08T04:23:26Z ERR Failed to retrieve information of the docker client and server host error="Cannot connect to the Docker daemon at unix:///var/run/docker.sock. Is the docker daemon running?" providerName=docker
2026-07-08T04:23:26Z ERR Provider error, retrying in 7.890757058s error="Cannot connect to the Docker daemon at unix:///var/run/docker.sock. Is the docker daemon running?" providerName=docker
2026-07-08T04:23:37Z ERR Failed to retrieve information of the docker client and server host error="Cannot connect to the Docker daemon at unix:///var/run/docker.sock. Is the docker daemon running?" providerName=docker
2026-07-08T04:23:37Z ERR Provider error, retrying in 11.050436834s error="Cannot connect to the Docker daemon at unix:///var/run/docker.sock. Is the docker daemon running?" providerName=docker
2026-07-08T04:23:48Z ERR Failed to retrieve information of the docker client and server host error="Cannot connect to the Docker daemon at unix:///var/run/docker.sock. Is the docker daemon running?" providerName=docker
2026-07-08T04:23:48Z ERR Provider error, retrying in 6.618623093s error="Cannot connect to the Docker daemon at unix:///var/run/docker.sock. Is the docker daemon running?" providerName=docker
2026-07-08T04:23:55Z ERR Failed to retrieve information of the docker client and server host error="Cannot connect to the Docker daemon at unix:///var/run/docker.sock. Is the docker daemon running?" providerName=docker
2026-07-08T04:23:55Z ERR Provider error, retrying in 333.914476ms error="Cannot connect to the Docker daemon at unix:///var/run/docker.sock. Is the docker daemon running?" providerName=docker
2026-07-08T04:23:55Z ERR Failed to retrieve information of the docker client and server host error="Cannot connect to the Docker daemon at unix:///var/run/docker.sock. Is the docker daemon running?" providerName=docker
2026-07-08T04:23:55Z ERR Provider error, retrying in 636.84051ms error="Cannot connect to the Docker daemon at unix:///var/run/docker.sock. Is the docker daemon running?" providerName=docker
2026-07-08T04:23:56Z ERR Failed to retrieve information of the docker client and server host error="Cannot connect to the Docker daemon at unix:///var/run/docker.sock. Is the docker daemon running?" providerName=docker
2026-07-08T04:23:56Z ERR Provider error, retrying in 758.251023ms error="Cannot connect to the Docker daemon at unix:///var/run/docker.sock. Is the docker daemon running?" providerName=docker
2026-07-08T04:23:57Z ERR Failed to retrieve information of the docker client and server host error="Cannot connect to the Docker daemon at unix:///var/run/docker.sock. Is the docker daemon running?" providerName=docker
2026-07-08T04:23:57Z ERR Provider error, retrying in 1.681263277s error="Cannot connect to the Docker daemon at unix:///var/run/docker.sock. Is the docker daemon running?" providerName=docker
2026-07-08T04:23:58Z ERR Failed to retrieve information of the docker client and server host error="Cannot connect to the Docker daemon at unix:///var/run/docker.sock. Is the docker daemon running?" providerName=docker
2026-07-08T04:23:58Z ERR Provider error, retrying in 2.800875144s error="Cannot connect to the Docker daemon at unix:///var/run/docker.sock. Is the docker daemon running?" providerName=docker
2026-07-08T04:24:01Z ERR Failed to retrieve information of the docker client and server host error="Cannot connect to the Docker daemon at unix:///var/run/docker.sock. Is the docker daemon running?" providerName=docker
2026-07-08T04:24:01Z ERR Provider error, retrying in 5.278772207s error="Cannot connect to the Docker daemon at unix:///var/run/docker.sock. Is the docker daemon running?" providerName=docker
2026-07-08T04:24:10Z ERR Failed to retrieve information of the docker client and server host error="Cannot connect to the Docker daemon at unix:///var/run/docker.sock. Is the docker daemon running?" providerName=docker
2026-07-08T04:24:10Z ERR Provider error, retrying in 3.743770565s error="Cannot connect to the Docker daemon at unix:///var/run/docker.sock. Is the docker daemon running?" providerName=docker
2026-07-08T04:24:14Z ERR Failed to retrieve information of the docker client and server host error="Cannot connect to the Docker daemon at unix:///var/run/docker.sock. Is the docker daemon running?" providerName=docker
2026-07-08T04:24:14Z ERR Provider error, retrying in 11.147874699s error="Cannot connect to the Docker daemon at unix:///var/run/docker.sock. Is the docker daemon running?" providerName=docker
2026-07-08T04:24:25Z ERR Failed to retrieve information of the docker client and server host error="Cannot connect to the Docker daemon at unix:///var/run/docker.sock. Is the docker daemon running?" providerName=docker
2026-07-08T04:24:25Z ERR Provider error, retrying in 16.486892858s error="Cannot connect to the Docker daemon at unix:///var/run/docker.sock. Is the docker daemon running?" providerName=docker
2026-07-08T04:24:41Z ERR Failed to retrieve information of the docker client and server host error="Cannot connect to the Docker daemon at unix:///var/run/docker.sock. Is the docker daemon running?" providerName=docker
2026-07-08T04:24:41Z ERR Provider error, retrying in 376.06673ms error="Cannot connect to the Docker daemon at unix:///var/run/docker.sock. Is the docker daemon running?" providerName=docker
2026-07-08T04:24:42Z ERR Failed to retrieve information of the docker client and server host error="Cannot connect to the Docker daemon at unix:///var/run/docker.sock. Is the docker daemon running?" providerName=docker
2026-07-08T04:24:42Z ERR Provider error, retrying in 482.887139ms error="Cannot connect to the Docker daemon at unix:///var/run/docker.sock. Is the docker daemon running?" providerName=docker
2026-07-08T04:24:46Z ERR Failed to retrieve information of the docker client and server host error="Cannot connect to the Docker daemon at unix:///var/run/docker.sock. Is the docker daemon running?" providerName=docker
2026-07-08T04:24:46Z ERR Provider error, retrying in 727.800165ms error="Cannot connect to the Docker daemon at unix:///var/run/docker.sock. Is the docker daemon running?" providerName=docker
2026-07-08T04:24:47Z ERR Failed to retrieve information of the docker client and server host error="Cannot connect to the Docker daemon at unix:///var/run/docker.sock. Is the docker daemon running?" providerName=docker
2026-07-08T04:24:47Z ERR Provider error, retrying in 1.080390292s error="Cannot connect to the Docker daemon at unix:///var/run/docker.sock. Is the docker daemon running?" providerName=docker
2026-07-08T04:24:48Z ERR Failed to retrieve information of the docker client and server host error="Cannot connect to the Docker daemon at unix:///var/run/docker.sock. Is the docker daemon running?" providerName=docker
2026-07-08T04:24:48Z ERR Provider error, retrying in 1.375845923s error="Cannot connect to the Docker daemon at unix:///var/run/docker.sock. Is the docker daemon running?" providerName=docker
2026-07-08T04:24:49Z ERR Failed to retrieve information of the docker client and server host error="Cannot connect to the Docker daemon at unix:///var/run/docker.sock. Is the docker daemon running?" providerName=docker
2026-07-08T04:24:49Z ERR Provider error, retrying in 4.685727558s error="Cannot connect to the Docker daemon at unix:///var/run/docker.sock. Is the docker daemon running?" providerName=docker
2026-07-08T04:24:54Z ERR Failed to retrieve information of the docker client and server host error="Cannot connect to the Docker daemon at unix:///var/run/docker.sock. Is the docker daemon running?" providerName=docker
2026-07-08T04:24:54Z ERR Provider error, retrying in 3.131145786s error="Cannot connect to the Docker daemon at unix:///var/run/docker.sock. Is the docker daemon running?" providerName=docker
2026-07-08T04:24:57Z ERR Failed to retrieve information of the docker client and server host error="Cannot connect to the Docker daemon at unix:///var/run/docker.sock. Is the docker daemon running?" providerName=docker
2026-07-08T04:24:57Z ERR Provider error, retrying in 10.317472988s error="Cannot connect to the Docker daemon at unix:///var/run/docker.sock. Is the docker daemon running?" providerName=docker
2026-07-08T04:25:07Z ERR Failed to retrieve information of the docker client and server host error="Cannot connect to the Docker daemon at unix:///var/run/docker.sock. Is the docker daemon running?" providerName=docker
2026-07-08T04:25:07Z ERR Provider error, retrying in 9.553174495s error="Cannot connect to the Docker daemon at unix:///var/run/docker.sock. Is the docker daemon running?" providerName=docker
2026-07-08T04:25:17Z ERR Failed to retrieve information of the docker client and server host error="Cannot connect to the Docker daemon at unix:///var/run/docker.sock. Is the docker daemon running?" providerName=docker
2026-07-08T04:25:17Z ERR Provider error, retrying in 645.620971ms error="Cannot connect to the Docker daemon at unix:///var/run/docker.sock. Is the docker daemon running?" providerName=docker
2026-07-08T04:25:17Z ERR Failed to retrieve information of the docker client and server host error="Cannot connect to the Docker daemon at unix:///var/run/docker.sock. Is the docker daemon running?" providerName=docker
2026-07-08T04:25:17Z ERR Provider error, retrying in 812.318343ms error="Cannot connect to the Docker daemon at unix:///var/run/docker.sock. Is the docker daemon running?" providerName=docker
2026-07-08T04:25:22Z ERR Failed to retrieve information of the docker client and server host error="Cannot connect to the Docker daemon at unix:///var/run/docker.sock. Is the docker daemon running?" providerName=docker
2026-07-08T04:25:22Z ERR Provider error, retrying in 761.040933ms error="Cannot connect to the Docker daemon at unix:///var/run/docker.sock. Is the docker daemon running?" providerName=docker
2026-07-08T04:25:22Z ERR Failed to retrieve information of the docker client and server host error="Cannot connect to the Docker daemon at unix:///var/run/docker.sock. Is the docker daemon running?" providerName=docker
2026-07-08T04:25:22Z ERR Provider error, retrying in 1.427693293s error="Cannot connect to the Docker daemon at unix:///var/run/docker.sock. Is the docker daemon running?" providerName=docker
2026-07-08T04:25:24Z ERR Failed to retrieve information of the docker client and server host error="Cannot connect to the Docker daemon at unix:///var/run/docker.sock. Is the docker daemon running?" providerName=docker
2026-07-08T04:25:24Z ERR Provider error, retrying in 2.751077382s error="Cannot connect to the Docker daemon at unix:///var/run/docker.sock. Is the docker daemon running?" providerName=docker
2026-07-08T04:25:27Z ERR Failed to retrieve information of the docker client and server host error="Cannot connect to the Docker daemon at unix:///var/run/docker.sock. Is the docker daemon running?" providerName=docker
2026-07-08T04:25:27Z ERR Provider error, retrying in 4.649045719s error="Cannot connect to the Docker daemon at unix:///var/run/docker.sock. Is the docker daemon running?" providerName=docker
2026-07-08T04:25:31Z ERR Failed to retrieve information of the docker client and server host error="Cannot connect to the Docker daemon at unix:///var/run/docker.sock. Is the docker daemon running?" providerName=docker
2026-07-08T04:25:31Z ERR Provider error, retrying in 5.099623691s error="Cannot connect to the Docker daemon at unix:///var/run/docker.sock. Is the docker daemon running?" providerName=docker
2026-07-08T04:25:36Z ERR Failed to retrieve information of the docker client and server host error="Cannot connect to the Docker daemon at unix:///var/run/docker.sock. Is the docker daemon running?" providerName=docker
2026-07-08T04:25:36Z ERR Provider error, retrying in 6.515066801s error="Cannot connect to the Docker daemon at unix:///var/run/docker.sock. Is the docker daemon running?" providerName=docker
2026-07-08T04:25:43Z ERR Failed to retrieve information of the docker client and server host error="Cannot connect to the Docker daemon at unix:///var/run/docker.sock. Is the docker daemon running?" providerName=docker
2026-07-08T04:25:43Z ERR Provider error, retrying in 11.943816856s error="Cannot connect to the Docker daemon at unix:///var/run/docker.sock. Is the docker daemon running?" providerName=docker
2026-07-08T04:25:58Z ERR Failed to retrieve information of the docker client and server host error="Cannot connect to the Docker daemon at unix:///var/run/docker.sock. Is the docker daemon running?" providerName=docker
2026-07-08T04:25:58Z ERR Provider error, retrying in 603.352309ms error="Cannot connect to the Docker daemon at unix:///var/run/docker.sock. Is the docker daemon running?" providerName=docker
2026-07-08T04:25:59Z ERR Failed to retrieve information of the docker client and server host error="Cannot connect to the Docker daemon at unix:///var/run/docker.sock. Is the docker daemon running?" providerName=docker
2026-07-08T04:25:59Z ERR Provider error, retrying in 840.305785ms error="Cannot connect to the Docker daemon at unix:///var/run/docker.sock. Is the docker daemon running?" providerName=docker
2026-07-08T04:26:00Z ERR Failed to retrieve information of the docker client and server host error="Cannot connect to the Docker daemon at unix:///var/run/docker.sock. Is the docker daemon running?" providerName=docker
2026-07-08T04:26:00Z ERR Provider error, retrying in 863.239918ms error="Cannot connect to the Docker daemon at unix:///var/run/docker.sock. Is the docker daemon running?" providerName=docker
2026-07-08T04:26:01Z ERR Failed to retrieve information of the docker client and server host error="Cannot connect to the Docker daemon at unix:///var/run/docker.sock. Is the docker daemon running?" providerName=docker
2026-07-08T04:26:01Z ERR Provider error, retrying in 1.22311071s error="Cannot connect to the Docker daemon at unix:///var/run/docker.sock. Is the docker daemon running?" providerName=docker
2026-07-08T04:26:02Z ERR Failed to retrieve information of the docker client and server host error="Cannot connect to the Docker daemon at unix:///var/run/docker.sock. Is the docker daemon running?" providerName=docker
2026-07-08T04:26:02Z ERR Provider error, retrying in 1.297808148s error="Cannot connect to the Docker daemon at unix:///var/run/docker.sock. Is the docker daemon running?" providerName=docker
2026-07-08T04:26:03Z ERR Failed to retrieve information of the docker client and server host error="Cannot connect to the Docker daemon at unix:///var/run/docker.sock. Is the docker daemon running?" providerName=docker
2026-07-08T04:26:03Z ERR Provider error, retrying in 5.458795364s error="Cannot connect to the Docker daemon at unix:///var/run/docker.sock. Is the docker daemon running?" providerName=docker
2026-07-08T04:26:09Z ERR Failed to retrieve information of the docker client and server host error="Cannot connect to the Docker daemon at unix:///var/run/docker.sock. Is the docker daemon running?" providerName=docker
2026-07-08T04:26:09Z ERR Provider error, retrying in 7.887121233s error="Cannot connect to the Docker daemon at unix:///var/run/docker.sock. Is the docker daemon running?" providerName=docker
2026-07-08T04:26:17Z ERR Failed to retrieve information of the docker client and server host error="Cannot connect to the Docker daemon at unix:///var/run/docker.sock. Is the docker daemon running?" providerName=docker
2026-07-08T04:26:17Z ERR Provider error, retrying in 10.242114621s error="Cannot connect to the Docker daemon at unix:///var/run/docker.sock. Is the docker daemon running?" providerName=docker
2026-07-08T04:26:27Z ERR Failed to retrieve information of the docker client and server host error="Cannot connect to the Docker daemon at unix:///var/run/docker.sock. Is the docker daemon running?" providerName=docker
2026-07-08T04:26:27Z ERR Provider error, retrying in 9.795390245s error="Cannot connect to the Docker daemon at unix:///var/run/docker.sock. Is the docker daemon running?" providerName=docker
2026-07-08T04:26:40Z ERR Failed to retrieve information of the docker client and server host error="Cannot connect to the Docker daemon at unix:///var/run/docker.sock. Is the docker daemon running?" providerName=docker
2026-07-08T04:26:40Z ERR Provider error, retrying in 387.726991ms error="Cannot connect to the Docker daemon at unix:///var/run/docker.sock. Is the docker daemon running?" providerName=docker
2026-07-08T04:26:41Z ERR Failed to retrieve information of the docker client and server host error="Cannot connect to the Docker daemon at unix:///var/run/docker.sock. Is the docker daemon running?" providerName=docker
2026-07-08T04:26:41Z ERR Provider error, retrying in 1.068474896s error="Cannot connect to the Docker daemon at unix:///var/run/docker.sock. Is the docker daemon running?" providerName=docker
2026-07-08T04:26:42Z ERR Failed to retrieve information of the docker client and server host error="Cannot connect to the Docker daemon at unix:///var/run/docker.sock. Is the docker daemon running?" providerName=docker
2026-07-08T04:26:42Z ERR Provider error, retrying in 888.248506ms error="Cannot connect to the Docker daemon at unix:///var/run/docker.sock. Is the docker daemon running?" providerName=docker
2026-07-08T04:26:43Z ERR Failed to retrieve information of the docker client and server host error="Cannot connect to the Docker daemon at unix:///var/run/docker.sock. Is the docker daemon running?" providerName=docker
2026-07-08T04:26:43Z ERR Provider error, retrying in 909.055129ms error="Cannot connect to the Docker daemon at unix:///var/run/docker.sock. Is the docker daemon running?" providerName=docker
2026-07-08T04:26:44Z ERR Failed to retrieve information of the docker client and server host error="Cannot connect to the Docker daemon at unix:///var/run/docker.sock. Is the docker daemon running?" providerName=docker
2026-07-08T04:26:44Z ERR Provider error, retrying in 2.106674043s error="Cannot connect to the Docker daemon at unix:///var/run/docker.sock. Is the docker daemon running?" providerName=docker
2026-07-08T04:26:46Z ERR Failed to retrieve information of the docker client and server host error="Cannot connect to the Docker daemon at unix:///var/run/docker.sock. Is the docker daemon running?" providerName=docker
2026-07-08T04:26:46Z ERR Provider error, retrying in 4.963954783s error="Cannot connect to the Docker daemon at unix:///var/run/docker.sock. Is the docker daemon running?" providerName=docker
2026-07-08T04:26:51Z ERR Failed to retrieve information of the docker client and server host error="Cannot connect to the Docker daemon at unix:///var/run/docker.sock. Is the docker daemon running?" providerName=docker
2026-07-08T04:26:51Z ERR Provider error, retrying in 3.677399842s error="Cannot connect to the Docker daemon at unix:///var/run/docker.sock. Is the docker daemon running?" providerName=docker
2026-07-08T04:26:54Z ERR Failed to retrieve information of the docker client and server host error="Cannot connect to the Docker daemon at unix:///var/run/docker.sock. Is the docker daemon running?" providerName=docker
2026-07-08T04:26:54Z ERR Provider error, retrying in 11.665287639s error="Cannot connect to the Docker daemon at unix:///var/run/docker.sock. Is the docker daemon running?" providerName=docker
2026-07-08T04:27:10Z ERR Failed to retrieve information of the docker client and server host error="Cannot connect to the Docker daemon at unix:///var/run/docker.sock. Is the docker daemon running?" providerName=docker
2026-07-08T04:27:10Z ERR Provider error, retrying in 13.767798829s error="Cannot connect to the Docker daemon at unix:///var/run/docker.sock. Is the docker daemon running?" providerName=docker
2026-07-08T04:27:23Z ERR Failed to retrieve information of the docker client and server host error="Cannot connect to the Docker daemon at unix:///var/run/docker.sock. Is the docker daemon running?" providerName=docker
2026-07-08T04:27:23Z ERR Provider error, retrying in 563.911728ms error="Cannot connect to the Docker daemon at unix:///var/run/docker.sock. Is the docker daemon running?" providerName=docker
2026-07-08T04:27:24Z ERR Failed to retrieve information of the docker client and server host error="Cannot connect to the Docker daemon at unix:///var/run/docker.sock. Is the docker daemon running?" providerName=docker
2026-07-08T04:27:24Z ERR Provider error, retrying in 985.228872ms error="Cannot connect to the Docker daemon at unix:///var/run/docker.sock. Is the docker daemon running?" providerName=docker
2026-07-08T04:27:25Z ERR Failed to retrieve information of the docker client and server host error="Cannot connect to the Docker daemon at unix:///var/run/docker.sock. Is the docker daemon running?" providerName=docker
2026-07-08T04:27:25Z ERR Provider error, retrying in 1.267485612s error="Cannot connect to the Docker daemon at unix:///var/run/docker.sock. Is the docker daemon running?" providerName=docker
2026-07-08T04:27:26Z ERR Failed to retrieve information of the docker client and server host error="Cannot connect to the Docker daemon at unix:///var/run/docker.sock. Is the docker daemon running?" providerName=docker
2026-07-08T04:27:26Z ERR Provider error, retrying in 2.157476153s error="Cannot connect to the Docker daemon at unix:///var/run/docker.sock. Is the docker daemon running?" providerName=docker
2026-07-08T04:27:28Z ERR Failed to retrieve information of the docker client and server host error="Cannot connect to the Docker daemon at unix:///var/run/docker.sock. Is the docker daemon running?" providerName=docker
2026-07-08T04:27:28Z ERR Provider error, retrying in 2.010488861s error="Cannot connect to the Docker daemon at unix:///var/run/docker.sock. Is the docker daemon running?" providerName=docker
2026-07-08T04:27:30Z ERR Failed to retrieve information of the docker client and server host error="Cannot connect to the Docker daemon at unix:///var/run/docker.sock. Is the docker daemon running?" providerName=docker
2026-07-08T04:27:30Z ERR Provider error, retrying in 3.234737725s error="Cannot connect to the Docker daemon at unix:///var/run/docker.sock. Is the docker daemon running?" providerName=docker
2026-07-08T04:27:34Z ERR Failed to retrieve information of the docker client and server host error="Cannot connect to the Docker daemon at unix:///var/run/docker.sock. Is the docker daemon running?" providerName=docker
2026-07-08T04:27:34Z ERR Provider error, retrying in 3.964296745s error="Cannot connect to the Docker daemon at unix:///var/run/docker.sock. Is the docker daemon running?" providerName=docker
2026-07-08T04:27:37Z ERR Failed to retrieve information of the docker client and server host error="Cannot connect to the Docker daemon at unix:///var/run/docker.sock. Is the docker daemon running?" providerName=docker
2026-07-08T04:27:37Z ERR Provider error, retrying in 6.412829248s error="Cannot connect to the Docker daemon at unix:///var/run/docker.sock. Is the docker daemon running?" providerName=docker
2026-07-08T04:27:48Z ERR Failed to retrieve information of the docker client and server host error="Cannot connect to the Docker daemon at unix:///var/run/docker.sock. Is the docker daemon running?" providerName=docker
2026-07-08T04:27:48Z ERR Provider error, retrying in 11.133097612s error="Cannot connect to the Docker daemon at unix:///var/run/docker.sock. Is the docker daemon running?" providerName=docker
2026-07-08T04:27:59Z ERR Failed to retrieve information of the docker client and server host error="Cannot connect to the Docker daemon at unix:///var/run/docker.sock. Is the docker daemon running?" providerName=docker
2026-07-08T04:27:59Z ERR Provider error, retrying in 568.124927ms error="Cannot connect to the Docker daemon at unix:///var/run/docker.sock. Is the docker daemon running?" providerName=docker
2026-07-08T04:27:59Z ERR Failed to retrieve information of the docker client and server host error="Cannot connect to the Docker daemon at unix:///var/run/docker.sock. Is the docker daemon running?" providerName=docker
2026-07-08T04:27:59Z ERR Provider error, retrying in 459.690824ms error="Cannot connect to the Docker daemon at unix:///var/run/docker.sock. Is the docker daemon running?" providerName=docker
2026-07-08T04:28:00Z ERR Failed to retrieve information of the docker client and server host error="Cannot connect to the Docker daemon at unix:///var/run/docker.sock. Is the docker daemon running?" providerName=docker
2026-07-08T04:28:00Z ERR Provider error, retrying in 576.951151ms error="Cannot connect to the Docker daemon at unix:///var/run/docker.sock. Is the docker daemon running?" providerName=docker
2026-07-08T04:28:00Z ERR Failed to retrieve information of the docker client and server host error="Cannot connect to the Docker daemon at unix:///var/run/docker.sock. Is the docker daemon running?" providerName=docker
2026-07-08T04:28:00Z ERR Provider error, retrying in 2.468879944s error="Cannot connect to the Docker daemon at unix:///var/run/docker.sock. Is the docker daemon running?" providerName=docker
2026-07-08T04:28:03Z ERR Failed to retrieve information of the docker client and server host error="Cannot connect to the Docker daemon at unix:///var/run/docker.sock. Is the docker daemon running?" providerName=docker
2026-07-08T04:28:03Z ERR Provider error, retrying in 1.42694235s error="Cannot connect to the Docker daemon at unix:///var/run/docker.sock. Is the docker daemon running?" providerName=docker
2026-07-08T04:28:04Z ERR Failed to retrieve information of the docker client and server host error="Cannot connect to the Docker daemon at unix:///var/run/docker.sock. Is the docker daemon running?" providerName=docker
2026-07-08T04:28:04Z ERR Provider error, retrying in 2.495037482s error="Cannot connect to the Docker daemon at unix:///var/run/docker.sock. Is the docker daemon running?" providerName=docker
2026-07-08T04:28:07Z ERR Failed to retrieve information of the docker client and server host error="Cannot connect to the Docker daemon at unix:///var/run/docker.sock. Is the docker daemon running?" providerName=docker
2026-07-08T04:28:07Z ERR Provider error, retrying in 3.452095159s error="Cannot connect to the Docker daemon at unix:///var/run/docker.sock. Is the docker daemon running?" providerName=docker
2026-07-08T04:28:10Z ERR Failed to retrieve information of the docker client and server host error="Cannot connect to the Docker daemon at unix:///var/run/docker.sock. Is the docker daemon running?" providerName=docker
2026-07-08T04:28:10Z ERR Provider error, retrying in 5.653524287s error="Cannot connect to the Docker daemon at unix:///var/run/docker.sock. Is the docker daemon running?" providerName=docker
2026-07-08T04:28:16Z ERR Failed to retrieve information of the docker client and server host error="Cannot connect to the Docker daemon at unix:///var/run/docker.sock. Is the docker daemon running?" providerName=docker
2026-07-08T04:28:16Z ERR Provider error, retrying in 13.883812166s error="Cannot connect to the Docker daemon at unix:///var/run/docker.sock. Is the docker daemon running?" providerName=docker
2026-07-08T04:28:33Z ERR Failed to retrieve information of the docker client and server host error="Cannot connect to the Docker daemon at unix:///var/run/docker.sock. Is the docker daemon running?" providerName=docker
2026-07-08T04:28:33Z ERR Provider error, retrying in 526.452061ms error="Cannot connect to the Docker daemon at unix:///var/run/docker.sock. Is the docker daemon running?" providerName=docker
2026-07-08T04:28:34Z ERR Failed to retrieve information of the docker client and server host error="Cannot connect to the Docker daemon at unix:///var/run/docker.sock. Is the docker daemon running?" providerName=docker
2026-07-08T04:28:34Z ERR Provider error, retrying in 1.051264962s error="Cannot connect to the Docker daemon at unix:///var/run/docker.sock. Is the docker daemon running?" providerName=docker
2026-07-08T04:28:35Z ERR Failed to retrieve information of the docker client and server host error="Cannot connect to the Docker daemon at unix:///var/run/docker.sock. Is the docker daemon running?" providerName=docker
2026-07-08T04:28:35Z ERR Provider error, retrying in 1.516757224s error="Cannot connect to the Docker daemon at unix:///var/run/docker.sock. Is the docker daemon running?" providerName=docker
2026-07-08T04:28:36Z ERR Failed to retrieve information of the docker client and server host error="Cannot connect to the Docker daemon at unix:///var/run/docker.sock. Is the docker daemon running?" providerName=docker
2026-07-08T04:28:36Z ERR Provider error, retrying in 1.57997653s error="Cannot connect to the Docker daemon at unix:///var/run/docker.sock. Is the docker daemon running?" providerName=docker
2026-07-08T04:28:38Z ERR Failed to retrieve information of the docker client and server host error="Cannot connect to the Docker daemon at unix:///var/run/docker.sock. Is the docker daemon running?" providerName=docker
2026-07-08T04:28:38Z ERR Provider error, retrying in 2.336744195s error="Cannot connect to the Docker daemon at unix:///var/run/docker.sock. Is the docker daemon running?" providerName=docker
2026-07-08T04:28:40Z ERR Failed to retrieve information of the docker client and server host error="Cannot connect to the Docker daemon at unix:///var/run/docker.sock. Is the docker daemon running?" providerName=docker
2026-07-08T04:28:40Z ERR Provider error, retrying in 2.449177229s error="Cannot connect to the Docker daemon at unix:///var/run/docker.sock. Is the docker daemon running?" providerName=docker
2026-07-08T04:28:43Z ERR Failed to retrieve information of the docker client and server host error="Cannot connect to the Docker daemon at unix:///var/run/docker.sock. Is the docker daemon running?" providerName=docker
2026-07-08T04:28:43Z ERR Provider error, retrying in 8.527597407s error="Cannot connect to the Docker daemon at unix:///var/run/docker.sock. Is the docker daemon running?" providerName=docker
2026-07-08T04:28:51Z ERR Failed to retrieve information of the docker client and server host error="Cannot connect to the Docker daemon at unix:///var/run/docker.sock. Is the docker daemon running?" providerName=docker
2026-07-08T04:28:51Z ERR Provider error, retrying in 9.860337574s error="Cannot connect to the Docker daemon at unix:///var/run/docker.sock. Is the docker daemon running?" providerName=docker
2026-07-08T04:29:05Z ERR Failed to retrieve information of the docker client and server host error="Cannot connect to the Docker daemon at unix:///var/run/docker.sock. Is the docker daemon running?" providerName=docker
2026-07-08T04:29:05Z ERR Provider error, retrying in 13.162081123s error="Cannot connect to the Docker daemon at unix:///var/run/docker.sock. Is the docker daemon running?" providerName=docker
2026-07-08T04:29:18Z ERR Failed to retrieve information of the docker client and server host error="Cannot connect to the Docker daemon at unix:///var/run/docker.sock. Is the docker daemon running?" providerName=docker
2026-07-08T04:29:18Z ERR Provider error, retrying in 351.959532ms error="Cannot connect to the Docker daemon at unix:///var/run/docker.sock. Is the docker daemon running?" providerName=docker
2026-07-08T04:29:18Z ERR Failed to retrieve information of the docker client and server host error="Cannot connect to the Docker daemon at unix:///var/run/docker.sock. Is the docker daemon running?" providerName=docker
2026-07-08T04:29:18Z ERR Provider error, retrying in 568.562609ms error="Cannot connect to the Docker daemon at unix:///var/run/docker.sock. Is the docker daemon running?" providerName=docker
2026-07-08T04:29:19Z ERR Failed to retrieve information of the docker client and server host error="Cannot connect to the Docker daemon at unix:///var/run/docker.sock. Is the docker daemon running?" providerName=docker
2026-07-08T04:29:19Z ERR Provider error, retrying in 1.178221077s error="Cannot connect to the Docker daemon at unix:///var/run/docker.sock. Is the docker daemon running?" providerName=docker
2026-07-08T04:29:20Z ERR Failed to retrieve information of the docker client and server host error="Cannot connect to the Docker daemon at unix:///var/run/docker.sock. Is the docker daemon running?" providerName=docker
2026-07-08T04:29:20Z ERR Provider error, retrying in 2.265421516s error="Cannot connect to the Docker daemon at unix:///var/run/docker.sock. Is the docker daemon running?" providerName=docker
2026-07-08T04:29:22Z ERR Failed to retrieve information of the docker client and server host error="Cannot connect to the Docker daemon at unix:///var/run/docker.sock. Is the docker daemon running?" providerName=docker
2026-07-08T04:29:22Z ERR Provider error, retrying in 1.456614964s error="Cannot connect to the Docker daemon at unix:///var/run/docker.sock. Is the docker daemon running?" providerName=docker
2026-07-08T04:29:24Z ERR Failed to retrieve information of the docker client and server host error="Cannot connect to the Docker daemon at unix:///var/run/docker.sock. Is the docker daemon running?" providerName=docker
2026-07-08T04:29:24Z ERR Provider error, retrying in 2.567362617s error="Cannot connect to the Docker daemon at unix:///var/run/docker.sock. Is the docker daemon running?" providerName=docker
2026-07-08T04:29:26Z ERR Failed to retrieve information of the docker client and server host error="Cannot connect to the Docker daemon at unix:///var/run/docker.sock. Is the docker daemon running?" providerName=docker
2026-07-08T04:29:26Z ERR Provider error, retrying in 4.623599297s error="Cannot connect to the Docker daemon at unix:///var/run/docker.sock. Is the docker daemon running?" providerName=docker
2026-07-08T04:29:34Z ERR Failed to retrieve information of the docker client and server host error="Cannot connect to the Docker daemon at unix:///var/run/docker.sock. Is the docker daemon running?" providerName=docker
2026-07-08T04:29:34Z ERR Provider error, retrying in 5.413278212s error="Cannot connect to the Docker daemon at unix:///var/run/docker.sock. Is the docker daemon running?" providerName=docker
2026-07-08T04:29:40Z ERR Failed to retrieve information of the docker client and server host error="Cannot connect to the Docker daemon at unix:///var/run/docker.sock. Is the docker daemon running?" providerName=docker
2026-07-08T04:29:40Z ERR Provider error, retrying in 12.486284957s error="Cannot connect to the Docker daemon at unix:///var/run/docker.sock. Is the docker daemon running?" providerName=docker
2026-07-08T04:29:52Z ERR Failed to retrieve information of the docker client and server host error="Cannot connect to the Docker daemon at unix:///var/run/docker.sock. Is the docker daemon running?" providerName=docker
2026-07-08T04:29:52Z ERR Provider error, retrying in 490.939472ms error="Cannot connect to the Docker daemon at unix:///var/run/docker.sock. Is the docker daemon running?" providerName=docker
2026-07-08T04:29:53Z ERR Failed to retrieve information of the docker client and server host error="Cannot connect to the Docker daemon at unix:///var/run/docker.sock. Is the docker daemon running?" providerName=docker
2026-07-08T04:29:53Z ERR Provider error, retrying in 705.080048ms error="Cannot connect to the Docker daemon at unix:///var/run/docker.sock. Is the docker daemon running?" providerName=docker
2026-07-08T04:29:54Z ERR Failed to retrieve information of the docker client and server host error="Cannot connect to the Docker daemon at unix:///var/run/docker.sock. Is the docker daemon running?" providerName=docker
2026-07-08T04:29:54Z ERR Provider error, retrying in 692.629728ms error="Cannot connect to the Docker daemon at unix:///var/run/docker.sock. Is the docker daemon running?" providerName=docker
2026-07-08T04:29:54Z ERR Failed to retrieve information of the docker client and server host error="Cannot connect to the Docker daemon at unix:///var/run/docker.sock. Is the docker daemon running?" providerName=docker
2026-07-08T04:29:54Z ERR Provider error, retrying in 1.384369695s error="Cannot connect to the Docker daemon at unix:///var/run/docker.sock. Is the docker daemon running?" providerName=docker
2026-07-08T04:29:56Z ERR Failed to retrieve information of the docker client and server host error="Cannot connect to the Docker daemon at unix:///var/run/docker.sock. Is the docker daemon running?" providerName=docker
2026-07-08T04:29:56Z ERR Provider error, retrying in 3.059498467s error="Cannot connect to the Docker daemon at unix:///var/run/docker.sock. Is the docker daemon running?" providerName=docker
2026-07-08T04:29:59Z ERR Failed to retrieve information of the docker client and server host error="Cannot connect to the Docker daemon at unix:///var/run/docker.sock. Is the docker daemon running?" providerName=docker
2026-07-08T04:29:59Z ERR Provider error, retrying in 5.558375175s error="Cannot connect to the Docker daemon at unix:///var/run/docker.sock. Is the docker daemon running?" providerName=docker
2026-07-08T04:30:04Z ERR Failed to retrieve information of the docker client and server host error="Cannot connect to the Docker daemon at unix:///var/run/docker.sock. Is the docker daemon running?" providerName=docker
2026-07-08T04:30:04Z ERR Provider error, retrying in 4.763736132s error="Cannot connect to the Docker daemon at unix:///var/run/docker.sock. Is the docker daemon running?" providerName=docker
2026-07-08T04:30:13Z ERR Failed to retrieve information of the docker client and server host error="Cannot connect to the Docker daemon at unix:///var/run/docker.sock. Is the docker daemon running?" providerName=docker
2026-07-08T04:30:13Z ERR Provider error, retrying in 9.575440509s error="Cannot connect to the Docker daemon at unix:///var/run/docker.sock. Is the docker daemon running?" providerName=docker
2026-07-08T04:30:22Z ERR Failed to retrieve information of the docker client and server host error="Cannot connect to the Docker daemon at unix:///var/run/docker.sock. Is the docker daemon running?" providerName=docker
2026-07-08T04:30:22Z ERR Provider error, retrying in 13.406656851s error="Cannot connect to the Docker daemon at unix:///var/run/docker.sock. Is the docker daemon running?" providerName=docker
2026-07-08T04:30:36Z ERR Failed to retrieve information of the docker client and server host error="Cannot connect to the Docker daemon at unix:///var/run/docker.sock. Is the docker daemon running?" providerName=docker
2026-07-08T04:30:36Z ERR Provider error, retrying in 532.914813ms error="Cannot connect to the Docker daemon at unix:///var/run/docker.sock. Is the docker daemon running?" providerName=docker
2026-07-08T04:30:36Z ERR Failed to retrieve information of the docker client and server host error="Cannot connect to the Docker daemon at unix:///var/run/docker.sock. Is the docker daemon running?" providerName=docker
2026-07-08T04:30:36Z ERR Provider error, retrying in 818.854129ms error="Cannot connect to the Docker daemon at unix:///var/run/docker.sock. Is the docker daemon running?" providerName=docker
2026-07-08T04:30:37Z ERR Failed to retrieve information of the docker client and server host error="Cannot connect to the Docker daemon at unix:///var/run/docker.sock. Is the docker daemon running?" providerName=docker
2026-07-08T04:30:37Z ERR Provider error, retrying in 1.23575296s error="Cannot connect to the Docker daemon at unix:///var/run/docker.sock. Is the docker daemon running?" providerName=docker
2026-07-08T04:30:38Z ERR Failed to retrieve information of the docker client and server host error="Cannot connect to the Docker daemon at unix:///var/run/docker.sock. Is the docker daemon running?" providerName=docker
2026-07-08T04:30:38Z ERR Provider error, retrying in 2.175260759s error="Cannot connect to the Docker daemon at unix:///var/run/docker.sock. Is the docker daemon running?" providerName=docker
2026-07-08T04:30:44Z ERR Failed to retrieve information of the docker client and server host error="Cannot connect to the Docker daemon at unix:///var/run/docker.sock. Is the docker daemon running?" providerName=docker
2026-07-08T04:30:44Z ERR Provider error, retrying in 2.389825849s error="Cannot connect to the Docker daemon at unix:///var/run/docker.sock. Is the docker daemon running?" providerName=docker
2026-07-08T04:30:46Z ERR Failed to retrieve information of the docker client and server host error="Cannot connect to the Docker daemon at unix:///var/run/docker.sock. Is the docker daemon running?" providerName=docker
2026-07-08T04:30:46Z ERR Provider error, retrying in 5.231473744s error="Cannot connect to the Docker daemon at unix:///var/run/docker.sock. Is the docker daemon running?" providerName=docker
2026-07-08T04:30:52Z ERR Failed to retrieve information of the docker client and server host error="Cannot connect to the Docker daemon at unix:///var/run/docker.sock. Is the docker daemon running?" providerName=docker
2026-07-08T04:30:52Z ERR Provider error, retrying in 7.043575129s error="Cannot connect to the Docker daemon at unix:///var/run/docker.sock. Is the docker daemon running?" providerName=docker
2026-07-08T04:30:59Z ERR Failed to retrieve information of the docker client and server host error="Cannot connect to the Docker daemon at unix:///var/run/docker.sock. Is the docker daemon running?" providerName=docker
2026-07-08T04:30:59Z ERR Provider error, retrying in 10.401453513s error="Cannot connect to the Docker daemon at unix:///var/run/docker.sock. Is the docker daemon running?" providerName=docker
2026-07-08T04:31:09Z ERR Failed to retrieve information of the docker client and server host error="Cannot connect to the Docker daemon at unix:///var/run/docker.sock. Is the docker daemon running?" providerName=docker
2026-07-08T04:31:09Z ERR Provider error, retrying in 6.598987985s error="Cannot connect to the Docker daemon at unix:///var/run/docker.sock. Is the docker daemon running?" providerName=docker
2026-07-08T04:31:16Z ERR Failed to retrieve information of the docker client and server host error="Cannot connect to the Docker daemon at unix:///var/run/docker.sock. Is the docker daemon running?" providerName=docker
2026-07-08T04:31:16Z ERR Provider error, retrying in 553.733944ms error="Cannot connect to the Docker daemon at unix:///var/run/docker.sock. Is the docker daemon running?" providerName=docker
2026-07-08T04:31:20Z ERR Failed to retrieve information of the docker client and server host error="Cannot connect to the Docker daemon at unix:///var/run/docker.sock. Is the docker daemon running?" providerName=docker
2026-07-08T04:31:20Z ERR Provider error, retrying in 1.078289972s error="Cannot connect to the Docker daemon at unix:///var/run/docker.sock. Is the docker daemon running?" providerName=docker
2026-07-08T04:31:21Z ERR Failed to retrieve information of the docker client and server host error="Cannot connect to the Docker daemon at unix:///var/run/docker.sock. Is the docker daemon running?" providerName=docker
2026-07-08T04:31:21Z ERR Provider error, retrying in 580.673097ms error="Cannot connect to the Docker daemon at unix:///var/run/docker.sock. Is the docker daemon running?" providerName=docker
2026-07-08T04:31:21Z ERR Failed to retrieve information of the docker client and server host error="Cannot connect to the Docker daemon at unix:///var/run/docker.sock. Is the docker daemon running?" providerName=docker
2026-07-08T04:31:21Z ERR Provider error, retrying in 945.670047ms error="Cannot connect to the Docker daemon at unix:///var/run/docker.sock. Is the docker daemon running?" providerName=docker
2026-07-08T04:31:22Z ERR Failed to retrieve information of the docker client and server host error="Cannot connect to the Docker daemon at unix:///var/run/docker.sock. Is the docker daemon running?" providerName=docker
2026-07-08T04:31:22Z ERR Provider error, retrying in 2.498619904s error="Cannot connect to the Docker daemon at unix:///var/run/docker.sock. Is the docker daemon running?" providerName=docker
2026-07-08T04:31:25Z ERR Failed to retrieve information of the docker client and server host error="Cannot connect to the Docker daemon at unix:///var/run/docker.sock. Is the docker daemon running?" providerName=docker
2026-07-08T04:31:25Z ERR Provider error, retrying in 5.68778846s error="Cannot connect to the Docker daemon at unix:///var/run/docker.sock. Is the docker daemon running?" providerName=docker
2026-07-08T04:31:31Z ERR Failed to retrieve information of the docker client and server host error="Cannot connect to the Docker daemon at unix:///var/run/docker.sock. Is the docker daemon running?" providerName=docker
2026-07-08T04:31:31Z ERR Provider error, retrying in 5.232639037s error="Cannot connect to the Docker daemon at unix:///var/run/docker.sock. Is the docker daemon running?" providerName=docker
2026-07-08T04:31:36Z ERR Failed to retrieve information of the docker client and server host error="Cannot connect to the Docker daemon at unix:///var/run/docker.sock. Is the docker daemon running?" providerName=docker
2026-07-08T04:31:36Z ERR Provider error, retrying in 9.759437318s error="Cannot connect to the Docker daemon at unix:///var/run/docker.sock. Is the docker daemon running?" providerName=docker
2026-07-08T04:31:46Z ERR Failed to retrieve information of the docker client and server host error="Cannot connect to the Docker daemon at unix:///var/run/docker.sock. Is the docker daemon running?" providerName=docker
2026-07-08T04:31:46Z ERR Provider error, retrying in 16.4113084s error="Cannot connect to the Docker daemon at unix:///var/run/docker.sock. Is the docker daemon running?" providerName=docker
2026-07-08T04:32:06Z ERR Failed to retrieve information of the docker client and server host error="Cannot connect to the Docker daemon at unix:///var/run/docker.sock. Is the docker daemon running?" providerName=docker
2026-07-08T04:32:06Z ERR Provider error, retrying in 475.341771ms error="Cannot connect to the Docker daemon at unix:///var/run/docker.sock. Is the docker daemon running?" providerName=docker
2026-07-08T04:32:06Z ERR Failed to retrieve information of the docker client and server host error="Cannot connect to the Docker daemon at unix:///var/run/docker.sock. Is the docker daemon running?" providerName=docker
2026-07-08T04:32:06Z ERR Provider error, retrying in 905.786336ms error="Cannot connect to the Docker daemon at unix:///var/run/docker.sock. Is the docker daemon running?" providerName=docker
2026-07-08T04:32:07Z ERR Failed to retrieve information of the docker client and server host error="Cannot connect to the Docker daemon at unix:///var/run/docker.sock. Is the docker daemon running?" providerName=docker
2026-07-08T04:32:07Z ERR Provider error, retrying in 718.788431ms error="Cannot connect to the Docker daemon at unix:///var/run/docker.sock. Is the docker daemon running?" providerName=docker
2026-07-08T04:32:08Z ERR Failed to retrieve information of the docker client and server host error="Cannot connect to the Docker daemon at unix:///var/run/docker.sock. Is the docker daemon running?" providerName=docker
2026-07-08T04:32:08Z ERR Provider error, retrying in 2.344024785s error="Cannot connect to the Docker daemon at unix:///var/run/docker.sock. Is the docker daemon running?" providerName=docker
2026-07-08T04:32:10Z ERR Failed to retrieve information of the docker client and server host error="Cannot connect to the Docker daemon at unix:///var/run/docker.sock. Is the docker daemon running?" providerName=docker
2026-07-08T04:32:10Z ERR Provider error, retrying in 3.243121114s error="Cannot connect to the Docker daemon at unix:///var/run/docker.sock. Is the docker daemon running?" providerName=docker
2026-07-08T04:32:13Z ERR Failed to retrieve information of the docker client and server host error="Cannot connect to the Docker daemon at unix:///var/run/docker.sock. Is the docker daemon running?" providerName=docker
2026-07-08T04:32:13Z ERR Provider error, retrying in 2.409672s error="Cannot connect to the Docker daemon at unix:///var/run/docker.sock. Is the docker daemon running?" providerName=docker
2026-07-08T04:32:16Z ERR Failed to retrieve information of the docker client and server host error="Cannot connect to the Docker daemon at unix:///var/run/docker.sock. Is the docker daemon running?" providerName=docker
2026-07-08T04:32:16Z ERR Provider error, retrying in 7.665829218s error="Cannot connect to the Docker daemon at unix:///var/run/docker.sock. Is the docker daemon running?" providerName=docker
2026-07-08T04:32:23Z ERR Failed to retrieve information of the docker client and server host error="Cannot connect to the Docker daemon at unix:///var/run/docker.sock. Is the docker daemon running?" providerName=docker
2026-07-08T04:32:23Z ERR Provider error, retrying in 8.570416533s error="Cannot connect to the Docker daemon at unix:///var/run/docker.sock. Is the docker daemon running?" providerName=docker
2026-07-08T04:32:35Z ERR Failed to retrieve information of the docker client and server host error="Cannot connect to the Docker daemon at unix:///var/run/docker.sock. Is the docker daemon running?" providerName=docker
2026-07-08T04:32:35Z ERR Provider error, retrying in 6.465642129s error="Cannot connect to the Docker daemon at unix:///var/run/docker.sock. Is the docker daemon running?" providerName=docker
2026-07-08T04:32:42Z ERR Failed to retrieve information of the docker client and server host error="Cannot connect to the Docker daemon at unix:///var/run/docker.sock. Is the docker daemon running?" providerName=docker
2026-07-08T04:32:42Z ERR Provider error, retrying in 485.509524ms error="Cannot connect to the Docker daemon at unix:///var/run/docker.sock. Is the docker daemon running?" providerName=docker
2026-07-08T04:32:42Z ERR Failed to retrieve information of the docker client and server host error="Cannot connect to the Docker daemon at unix:///var/run/docker.sock. Is the docker daemon running?" providerName=docker
2026-07-08T04:32:42Z ERR Provider error, retrying in 986.058701ms error="Cannot connect to the Docker daemon at unix:///var/run/docker.sock. Is the docker daemon running?" providerName=docker
2026-07-08T04:32:43Z ERR Failed to retrieve information of the docker client and server host error="Cannot connect to the Docker daemon at unix:///var/run/docker.sock. Is the docker daemon running?" providerName=docker
2026-07-08T04:32:43Z ERR Provider error, retrying in 1.391402275s error="Cannot connect to the Docker daemon at unix:///var/run/docker.sock. Is the docker daemon running?" providerName=docker
2026-07-08T04:32:45Z ERR Failed to retrieve information of the docker client and server host error="Cannot connect to the Docker daemon at unix:///var/run/docker.sock. Is the docker daemon running?" providerName=docker
2026-07-08T04:32:45Z ERR Provider error, retrying in 866.21044ms error="Cannot connect to the Docker daemon at unix:///var/run/docker.sock. Is the docker daemon running?" providerName=docker
2026-07-08T04:32:46Z ERR Failed to retrieve information of the docker client and server host error="Cannot connect to the Docker daemon at unix:///var/run/docker.sock. Is the docker daemon running?" providerName=docker
2026-07-08T04:32:46Z ERR Provider error, retrying in 1.329013776s error="Cannot connect to the Docker daemon at unix:///var/run/docker.sock. Is the docker daemon running?" providerName=docker
2026-07-08T04:32:47Z ERR Failed to retrieve information of the docker client and server host error="Cannot connect to the Docker daemon at unix:///var/run/docker.sock. Is the docker daemon running?" providerName=docker
2026-07-08T04:32:47Z ERR Provider error, retrying in 2.727038105s error="Cannot connect to the Docker daemon at unix:///var/run/docker.sock. Is the docker daemon running?" providerName=docker
2026-07-08T04:32:50Z ERR Failed to retrieve information of the docker client and server host error="Cannot connect to the Docker daemon at unix:///var/run/docker.sock. Is the docker daemon running?" providerName=docker
2026-07-08T04:32:50Z ERR Provider error, retrying in 7.120030458s error="Cannot connect to the Docker daemon at unix:///var/run/docker.sock. Is the docker daemon running?" providerName=docker
2026-07-08T04:32:57Z ERR Failed to retrieve information of the docker client and server host error="Cannot connect to the Docker daemon at unix:///var/run/docker.sock. Is the docker daemon running?" providerName=docker
2026-07-08T04:32:57Z ERR Provider error, retrying in 11.077938818s error="Cannot connect to the Docker daemon at unix:///var/run/docker.sock. Is the docker daemon running?" providerName=docker
2026-07-08T04:33:11Z ERR Failed to retrieve information of the docker client and server host error="Cannot connect to the Docker daemon at unix:///var/run/docker.sock. Is the docker daemon running?" providerName=docker
2026-07-08T04:33:11Z ERR Provider error, retrying in 17.975917114s error="Cannot connect to the Docker daemon at unix:///var/run/docker.sock. Is the docker daemon running?" providerName=docker
2026-07-08T04:33:29Z ERR Failed to retrieve information of the docker client and server host error="Cannot connect to the Docker daemon at unix:///var/run/docker.sock. Is the docker daemon running?" providerName=docker
2026-07-08T04:33:29Z ERR Provider error, retrying in 668.68558ms error="Cannot connect to the Docker daemon at unix:///var/run/docker.sock. Is the docker daemon running?" providerName=docker
2026-07-08T04:33:30Z ERR Failed to retrieve information of the docker client and server host error="Cannot connect to the Docker daemon at unix:///var/run/docker.sock. Is the docker daemon running?" providerName=docker
2026-07-08T04:33:30Z ERR Provider error, retrying in 375.073767ms error="Cannot connect to the Docker daemon at unix:///var/run/docker.sock. Is the docker daemon running?" providerName=docker
2026-07-08T04:33:31Z ERR Failed to retrieve information of the docker client and server host error="Cannot connect to the Docker daemon at unix:///var/run/docker.sock. Is the docker daemon running?" providerName=docker
2026-07-08T04:33:31Z ERR Provider error, retrying in 1.312107326s error="Cannot connect to the Docker daemon at unix:///var/run/docker.sock. Is the docker daemon running?" providerName=docker
2026-07-08T04:33:32Z ERR Failed to retrieve information of the docker client and server host error="Cannot connect to the Docker daemon at unix:///var/run/docker.sock. Is the docker daemon running?" providerName=docker
2026-07-08T04:33:32Z ERR Provider error, retrying in 1.766511817s error="Cannot connect to the Docker daemon at unix:///var/run/docker.sock. Is the docker daemon running?" providerName=docker
2026-07-08T04:33:34Z ERR Failed to retrieve information of the docker client and server host error="Cannot connect to the Docker daemon at unix:///var/run/docker.sock. Is the docker daemon running?" providerName=docker
2026-07-08T04:33:34Z ERR Provider error, retrying in 3.604435054s error="Cannot connect to the Docker daemon at unix:///var/run/docker.sock. Is the docker daemon running?" providerName=docker
2026-07-08T04:33:37Z ERR Failed to retrieve information of the docker client and server host error="Cannot connect to the Docker daemon at unix:///var/run/docker.sock. Is the docker daemon running?" providerName=docker
2026-07-08T04:33:37Z ERR Provider error, retrying in 4.693190106s error="Cannot connect to the Docker daemon at unix:///var/run/docker.sock. Is the docker daemon running?" providerName=docker
2026-07-08T04:33:45Z ERR Failed to retrieve information of the docker client and server host error="Cannot connect to the Docker daemon at unix:///var/run/docker.sock. Is the docker daemon running?" providerName=docker
2026-07-08T04:33:45Z ERR Provider error, retrying in 4.505516961s error="Cannot connect to the Docker daemon at unix:///var/run/docker.sock. Is the docker daemon running?" providerName=docker
2026-07-08T04:33:50Z ERR Failed to retrieve information of the docker client and server host error="Cannot connect to the Docker daemon at unix:///var/run/docker.sock. Is the docker daemon running?" providerName=docker
2026-07-08T04:33:50Z ERR Provider error, retrying in 7.752833781s error="Cannot connect to the Docker daemon at unix:///var/run/docker.sock. Is the docker daemon running?" providerName=docker
2026-07-08T04:33:58Z ERR Failed to retrieve information of the docker client and server host error="Cannot connect to the Docker daemon at unix:///var/run/docker.sock. Is the docker daemon running?" providerName=docker
2026-07-08T04:33:58Z ERR Provider error, retrying in 14.29104953s error="Cannot connect to the Docker daemon at unix:///var/run/docker.sock. Is the docker daemon running?" providerName=docker
2026-07-08T04:34:12Z ERR Failed to retrieve information of the docker client and server host error="Cannot connect to the Docker daemon at unix:///var/run/docker.sock. Is the docker daemon running?" providerName=docker
2026-07-08T04:34:12Z ERR Provider error, retrying in 397.59995ms error="Cannot connect to the Docker daemon at unix:///var/run/docker.sock. Is the docker daemon running?" providerName=docker
2026-07-08T04:34:12Z ERR Failed to retrieve information of the docker client and server host error="Cannot connect to the Docker daemon at unix:///var/run/docker.sock. Is the docker daemon running?" providerName=docker
2026-07-08T04:34:12Z ERR Provider error, retrying in 512.342145ms error="Cannot connect to the Docker daemon at unix:///var/run/docker.sock. Is the docker daemon running?" providerName=docker
2026-07-08T04:34:13Z ERR Failed to retrieve information of the docker client and server host error="Cannot connect to the Docker daemon at unix:///var/run/docker.sock. Is the docker daemon running?" providerName=docker
2026-07-08T04:34:13Z ERR Provider error, retrying in 858.984245ms error="Cannot connect to the Docker daemon at unix:///var/run/docker.sock. Is the docker daemon running?" providerName=docker
2026-07-08T04:34:14Z ERR Failed to retrieve information of the docker client and server host error="Cannot connect to the Docker daemon at unix:///var/run/docker.sock. Is the docker daemon running?" providerName=docker
2026-07-08T04:34:14Z ERR Provider error, retrying in 1.938711956s error="Cannot connect to the Docker daemon at unix:///var/run/docker.sock. Is the docker daemon running?" providerName=docker
2026-07-08T04:34:19Z ERR Failed to retrieve information of the docker client and server host error="Cannot connect to the Docker daemon at unix:///var/run/docker.sock. Is the docker daemon running?" providerName=docker
2026-07-08T04:34:19Z ERR Provider error, retrying in 2.143259391s error="Cannot connect to the Docker daemon at unix:///var/run/docker.sock. Is the docker daemon running?" providerName=docker
2026-07-08T04:34:21Z ERR Failed to retrieve information of the docker client and server host error="Cannot connect to the Docker daemon at unix:///var/run/docker.sock. Is the docker daemon running?" providerName=docker
2026-07-08T04:34:21Z ERR Provider error, retrying in 4.927436682s error="Cannot connect to the Docker daemon at unix:///var/run/docker.sock. Is the docker daemon running?" providerName=docker
2026-07-08T04:34:26Z ERR Failed to retrieve information of the docker client and server host error="Cannot connect to the Docker daemon at unix:///var/run/docker.sock. Is the docker daemon running?" providerName=docker
2026-07-08T04:34:26Z ERR Provider error, retrying in 2.955853953s error="Cannot connect to the Docker daemon at unix:///var/run/docker.sock. Is the docker daemon running?" providerName=docker
2026-07-08T04:34:29Z ERR Failed to retrieve information of the docker client and server host error="Cannot connect to the Docker daemon at unix:///var/run/docker.sock. Is the docker daemon running?" providerName=docker
2026-07-08T04:34:29Z ERR Provider error, retrying in 10.219387791s error="Cannot connect to the Docker daemon at unix:///var/run/docker.sock. Is the docker daemon running?" providerName=docker
2026-07-08T04:34:40Z ERR Failed to retrieve information of the docker client and server host error="Cannot connect to the Docker daemon at unix:///var/run/docker.sock. Is the docker daemon running?" providerName=docker
2026-07-08T04:34:40Z ERR Provider error, retrying in 7.010248183s error="Cannot connect to the Docker daemon at unix:///var/run/docker.sock. Is the docker daemon running?" providerName=docker
2026-07-08T04:34:47Z ERR Failed to retrieve information of the docker client and server host error="Cannot connect to the Docker daemon at unix:///var/run/docker.sock. Is the docker daemon running?" providerName=docker
2026-07-08T04:34:47Z ERR Provider error, retrying in 527.639624ms error="Cannot connect to the Docker daemon at unix:///var/run/docker.sock. Is the docker daemon running?" providerName=docker
2026-07-08T04:34:47Z ERR Failed to retrieve information of the docker client and server host error="Cannot connect to the Docker daemon at unix:///var/run/docker.sock. Is the docker daemon running?" providerName=docker
2026-07-08T04:34:47Z ERR Provider error, retrying in 1.036454882s error="Cannot connect to the Docker daemon at unix:///var/run/docker.sock. Is the docker daemon running?" providerName=docker
2026-07-08T04:34:48Z ERR Failed to retrieve information of the docker client and server host error="Cannot connect to the Docker daemon at unix:///var/run/docker.sock. Is the docker daemon running?" providerName=docker
2026-07-08T04:34:48Z ERR Provider error, retrying in 1.381841423s error="Cannot connect to the Docker daemon at unix:///var/run/docker.sock. Is the docker daemon running?" providerName=docker
2026-07-08T04:34:50Z ERR Failed to retrieve information of the docker client and server host error="Cannot connect to the Docker daemon at unix:///var/run/docker.sock. Is the docker daemon running?" providerName=docker
2026-07-08T04:34:50Z ERR Provider error, retrying in 1.702468431s error="Cannot connect to the Docker daemon at unix:///var/run/docker.sock. Is the docker daemon running?" providerName=docker
2026-07-08T04:34:55Z ERR Failed to retrieve information of the docker client and server host error="Cannot connect to the Docker daemon at unix:///var/run/docker.sock. Is the docker daemon running?" providerName=docker
2026-07-08T04:34:55Z ERR Provider error, retrying in 1.859342366s error="Cannot connect to the Docker daemon at unix:///var/run/docker.sock. Is the docker daemon running?" providerName=docker
2026-07-08T04:34:57Z ERR Failed to retrieve information of the docker client and server host error="Cannot connect to the Docker daemon at unix:///var/run/docker.sock. Is the docker daemon running?" providerName=docker
2026-07-08T04:34:57Z ERR Provider error, retrying in 5.297067645s error="Cannot connect to the Docker daemon at unix:///var/run/docker.sock. Is the docker daemon running?" providerName=docker
2026-07-08T04:35:02Z ERR Failed to retrieve information of the docker client and server host error="Cannot connect to the Docker daemon at unix:///var/run/docker.sock. Is the docker daemon running?" providerName=docker
2026-07-08T04:35:02Z ERR Provider error, retrying in 5.976008775s error="Cannot connect to the Docker daemon at unix:///var/run/docker.sock. Is the docker daemon running?" providerName=docker
2026-07-08T04:35:08Z ERR Failed to retrieve information of the docker client and server host error="Cannot connect to the Docker daemon at unix:///var/run/docker.sock. Is the docker daemon running?" providerName=docker
2026-07-08T04:35:08Z ERR Provider error, retrying in 11.091957572s error="Cannot connect to the Docker daemon at unix:///var/run/docker.sock. Is the docker daemon running?" providerName=docker
2026-07-08T04:35:19Z ERR Failed to retrieve information of the docker client and server host error="Cannot connect to the Docker daemon at unix:///var/run/docker.sock. Is the docker daemon running?" providerName=docker
2026-07-08T04:35:19Z ERR Provider error, retrying in 10.580949816s error="Cannot connect to the Docker daemon at unix:///var/run/docker.sock. Is the docker daemon running?" providerName=docker
2026-07-08T04:35:33Z ERR Failed to retrieve information of the docker client and server host error="Cannot connect to the Docker daemon at unix:///var/run/docker.sock. Is the docker daemon running?" providerName=docker
2026-07-08T04:35:33Z ERR Provider error, retrying in 624.99757ms error="Cannot connect to the Docker daemon at unix:///var/run/docker.sock. Is the docker daemon running?" providerName=docker
2026-07-08T04:35:34Z ERR Failed to retrieve information of the docker client and server host error="Cannot connect to the Docker daemon at unix:///var/run/docker.sock. Is the docker daemon running?" providerName=docker
2026-07-08T04:35:34Z ERR Provider error, retrying in 935.356137ms error="Cannot connect to the Docker daemon at unix:///var/run/docker.sock. Is the docker daemon running?" providerName=docker
2026-07-08T04:35:35Z ERR Failed to retrieve information of the docker client and server host error="Cannot connect to the Docker daemon at unix:///var/run/docker.sock. Is the docker daemon running?" providerName=docker
2026-07-08T04:35:35Z ERR Provider error, retrying in 1.249925448s error="Cannot connect to the Docker daemon at unix:///var/run/docker.sock. Is the docker daemon running?" providerName=docker
2026-07-08T04:35:36Z ERR Failed to retrieve information of the docker client and server host error="Cannot connect to the Docker daemon at unix:///var/run/docker.sock. Is the docker daemon running?" providerName=docker
2026-07-08T04:35:36Z ERR Provider error, retrying in 1.111674456s error="Cannot connect to the Docker daemon at unix:///var/run/docker.sock. Is the docker daemon running?" providerName=docker
2026-07-08T04:35:37Z ERR Failed to retrieve information of the docker client and server host error="Cannot connect to the Docker daemon at unix:///var/run/docker.sock. Is the docker daemon running?" providerName=docker
2026-07-08T04:35:37Z ERR Provider error, retrying in 2.331245815s error="Cannot connect to the Docker daemon at unix:///var/run/docker.sock. Is the docker daemon running?" providerName=docker
2026-07-08T04:35:40Z ERR Failed to retrieve information of the docker client and server host error="Cannot connect to the Docker daemon at unix:///var/run/docker.sock. Is the docker daemon running?" providerName=docker
2026-07-08T04:35:40Z ERR Provider error, retrying in 4.769963967s error="Cannot connect to the Docker daemon at unix:///var/run/docker.sock. Is the docker daemon running?" providerName=docker
2026-07-08T04:35:44Z ERR Failed to retrieve information of the docker client and server host error="Cannot connect to the Docker daemon at unix:///var/run/docker.sock. Is the docker daemon running?" providerName=docker
2026-07-08T04:35:44Z ERR Provider error, retrying in 6.548478227s error="Cannot connect to the Docker daemon at unix:///var/run/docker.sock. Is the docker daemon running?" providerName=docker
2026-07-08T04:35:51Z ERR Failed to retrieve information of the docker client and server host error="Cannot connect to the Docker daemon at unix:///var/run/docker.sock. Is the docker daemon running?" providerName=docker
2026-07-08T04:35:51Z ERR Provider error, retrying in 7.294833683s error="Cannot connect to the Docker daemon at unix:///var/run/docker.sock. Is the docker daemon running?" providerName=docker
2026-07-08T04:35:58Z ERR Failed to retrieve information of the docker client and server host error="Cannot connect to the Docker daemon at unix:///var/run/docker.sock. Is the docker daemon running?" providerName=docker
2026-07-08T04:35:58Z ERR Provider error, retrying in 13.093049919s error="Cannot connect to the Docker daemon at unix:///var/run/docker.sock. Is the docker daemon running?" providerName=docker
2026-07-08T04:36:11Z ERR Failed to retrieve information of the docker client and server host error="Cannot connect to the Docker daemon at unix:///var/run/docker.sock. Is the docker daemon running?" providerName=docker
2026-07-08T04:36:11Z ERR Provider error, retrying in 599.015825ms error="Cannot connect to the Docker daemon at unix:///var/run/docker.sock. Is the docker daemon running?" providerName=docker
2026-07-08T04:36:12Z ERR Failed to retrieve information of the docker client and server host error="Cannot connect to the Docker daemon at unix:///var/run/docker.sock. Is the docker daemon running?" providerName=docker
2026-07-08T04:36:12Z ERR Provider error, retrying in 508.807813ms error="Cannot connect to the Docker daemon at unix:///var/run/docker.sock. Is the docker daemon running?" providerName=docker
2026-07-08T04:36:12Z ERR Failed to retrieve information of the docker client and server host error="Cannot connect to the Docker daemon at unix:///var/run/docker.sock. Is the docker daemon running?" providerName=docker
2026-07-08T04:36:12Z ERR Provider error, retrying in 896.156039ms error="Cannot connect to the Docker daemon at unix:///var/run/docker.sock. Is the docker daemon running?" providerName=docker
2026-07-08T04:36:13Z ERR Failed to retrieve information of the docker client and server host error="Cannot connect to the Docker daemon at unix:///var/run/docker.sock. Is the docker daemon running?" providerName=docker
2026-07-08T04:36:13Z ERR Provider error, retrying in 1.191071848s error="Cannot connect to the Docker daemon at unix:///var/run/docker.sock. Is the docker daemon running?" providerName=docker
2026-07-08T04:36:14Z ERR Failed to retrieve information of the docker client and server host error="Cannot connect to the Docker daemon at unix:///var/run/docker.sock. Is the docker daemon running?" providerName=docker
2026-07-08T04:36:14Z ERR Provider error, retrying in 2.071195707s error="Cannot connect to the Docker daemon at unix:///var/run/docker.sock. Is the docker daemon running?" providerName=docker
2026-07-08T04:36:17Z ERR Failed to retrieve information of the docker client and server host error="Cannot connect to the Docker daemon at unix:///var/run/docker.sock. Is the docker daemon running?" providerName=docker
2026-07-08T04:36:17Z ERR Provider error, retrying in 3.331207321s error="Cannot connect to the Docker daemon at unix:///var/run/docker.sock. Is the docker daemon running?" providerName=docker
2026-07-08T04:36:25Z ERR Failed to retrieve information of the docker client and server host error="Cannot connect to the Docker daemon at unix:///var/run/docker.sock. Is the docker daemon running?" providerName=docker
2026-07-08T04:36:25Z ERR Provider error, retrying in 6.958604756s error="Cannot connect to the Docker daemon at unix:///var/run/docker.sock. Is the docker daemon running?" providerName=docker
2026-07-08T04:36:32Z ERR Failed to retrieve information of the docker client and server host error="Cannot connect to the Docker daemon at unix:///var/run/docker.sock. Is the docker daemon running?" providerName=docker
2026-07-08T04:36:32Z ERR Provider error, retrying in 8.973607619s error="Cannot connect to the Docker daemon at unix:///var/run/docker.sock. Is the docker daemon running?" providerName=docker
2026-07-08T04:36:41Z ERR Failed to retrieve information of the docker client and server host error="Cannot connect to the Docker daemon at unix:///var/run/docker.sock. Is the docker daemon running?" providerName=docker
2026-07-08T04:36:41Z ERR Provider error, retrying in 15.177705921s error="Cannot connect to the Docker daemon at unix:///var/run/docker.sock. Is the docker daemon running?" providerName=docker
2026-07-08T04:36:59Z ERR Failed to retrieve information of the docker client and server host error="Cannot connect to the Docker daemon at unix:///var/run/docker.sock. Is the docker daemon running?" providerName=docker
2026-07-08T04:36:59Z ERR Provider error, retrying in 654.57575ms error="Cannot connect to the Docker daemon at unix:///var/run/docker.sock. Is the docker daemon running?" providerName=docker
2026-07-08T04:37:00Z ERR Failed to retrieve information of the docker client and server host error="Cannot connect to the Docker daemon at unix:///var/run/docker.sock. Is the docker daemon running?" providerName=docker
2026-07-08T04:37:00Z ERR Provider error, retrying in 416.267457ms error="Cannot connect to the Docker daemon at unix:///var/run/docker.sock. Is the docker daemon running?" providerName=docker
2026-07-08T04:37:00Z ERR Failed to retrieve information of the docker client and server host error="Cannot connect to the Docker daemon at unix:///var/run/docker.sock. Is the docker daemon running?" providerName=docker
2026-07-08T04:37:00Z ERR Provider error, retrying in 858.238679ms error="Cannot connect to the Docker daemon at unix:///var/run/docker.sock. Is the docker daemon running?" providerName=docker
2026-07-08T04:37:01Z ERR Failed to retrieve information of the docker client and server host error="Cannot connect to the Docker daemon at unix:///var/run/docker.sock. Is the docker daemon running?" providerName=docker
2026-07-08T04:37:01Z ERR Provider error, retrying in 1.837597643s error="Cannot connect to the Docker daemon at unix:///var/run/docker.sock. Is the docker daemon running?" providerName=docker
2026-07-08T04:37:03Z ERR Failed to retrieve information of the docker client and server host error="Cannot connect to the Docker daemon at unix:///var/run/docker.sock. Is the docker daemon running?" providerName=docker
2026-07-08T04:37:03Z ERR Provider error, retrying in 3.008197412s error="Cannot connect to the Docker daemon at unix:///var/run/docker.sock. Is the docker daemon running?" providerName=docker
2026-07-08T04:37:06Z ERR Failed to retrieve information of the docker client and server host error="Cannot connect to the Docker daemon at unix:///var/run/docker.sock. Is the docker daemon running?" providerName=docker
2026-07-08T04:37:06Z ERR Provider error, retrying in 4.450274435s error="Cannot connect to the Docker daemon at unix:///var/run/docker.sock. Is the docker daemon running?" providerName=docker
2026-07-08T04:37:10Z ERR Failed to retrieve information of the docker client and server host error="Cannot connect to the Docker daemon at unix:///var/run/docker.sock. Is the docker daemon running?" providerName=docker
2026-07-08T04:37:10Z ERR Provider error, retrying in 7.261964184s error="Cannot connect to the Docker daemon at unix:///var/run/docker.sock. Is the docker daemon running?" providerName=docker
2026-07-08T04:37:18Z ERR Failed to retrieve information of the docker client and server host error="Cannot connect to the Docker daemon at unix:///var/run/docker.sock. Is the docker daemon running?" providerName=docker
2026-07-08T04:37:18Z ERR Provider error, retrying in 7.508044595s error="Cannot connect to the Docker daemon at unix:///var/run/docker.sock. Is the docker daemon running?" providerName=docker
2026-07-08T04:37:25Z ERR Failed to retrieve information of the docker client and server host error="Cannot connect to the Docker daemon at unix:///var/run/docker.sock. Is the docker daemon running?" providerName=docker
2026-07-08T04:37:25Z ERR Provider error, retrying in 14.383259849s error="Cannot connect to the Docker daemon at unix:///var/run/docker.sock. Is the docker daemon running?" providerName=docker
2026-07-08T04:37:43Z ERR Failed to retrieve information of the docker client and server host error="Cannot connect to the Docker daemon at unix:///var/run/docker.sock. Is the docker daemon running?" providerName=docker
2026-07-08T04:37:43Z ERR Provider error, retrying in 303.438719ms error="Cannot connect to the Docker daemon at unix:///var/run/docker.sock. Is the docker daemon running?" providerName=docker
2026-07-08T04:37:43Z ERR Failed to retrieve information of the docker client and server host error="Cannot connect to the Docker daemon at unix:///var/run/docker.sock. Is the docker daemon running?" providerName=docker
2026-07-08T04:37:43Z ERR Provider error, retrying in 581.934111ms error="Cannot connect to the Docker daemon at unix:///var/run/docker.sock. Is the docker daemon running?" providerName=docker
2026-07-08T04:37:43Z ERR Failed to retrieve information of the docker client and server host error="Cannot connect to the Docker daemon at unix:///var/run/docker.sock. Is the docker daemon running?" providerName=docker
2026-07-08T04:37:43Z ERR Provider error, retrying in 1.10315749s error="Cannot connect to the Docker daemon at unix:///var/run/docker.sock. Is the docker daemon running?" providerName=docker
2026-07-08T04:37:45Z ERR Failed to retrieve information of the docker client and server host error="Cannot connect to the Docker daemon at unix:///var/run/docker.sock. Is the docker daemon running?" providerName=docker
2026-07-08T04:37:45Z ERR Provider error, retrying in 2.162318224s error="Cannot connect to the Docker daemon at unix:///var/run/docker.sock. Is the docker daemon running?" providerName=docker
2026-07-08T04:37:47Z ERR Failed to retrieve information of the docker client and server host error="Cannot connect to the Docker daemon at unix:///var/run/docker.sock. Is the docker daemon running?" providerName=docker
2026-07-08T04:37:47Z ERR Provider error, retrying in 2.32536515s error="Cannot connect to the Docker daemon at unix:///var/run/docker.sock. Is the docker daemon running?" providerName=docker
2026-07-08T04:37:49Z ERR Failed to retrieve information of the docker client and server host error="Cannot connect to the Docker daemon at unix:///var/run/docker.sock. Is the docker daemon running?" providerName=docker
2026-07-08T04:37:49Z ERR Provider error, retrying in 1.999180409s error="Cannot connect to the Docker daemon at unix:///var/run/docker.sock. Is the docker daemon running?" providerName=docker
2026-07-08T04:37:51Z ERR Failed to retrieve information of the docker client and server host error="Cannot connect to the Docker daemon at unix:///var/run/docker.sock. Is the docker daemon running?" providerName=docker
2026-07-08T04:37:51Z ERR Provider error, retrying in 4.713082016s error="Cannot connect to the Docker daemon at unix:///var/run/docker.sock. Is the docker daemon running?" providerName=docker
2026-07-08T04:37:56Z ERR Failed to retrieve information of the docker client and server host error="Cannot connect to the Docker daemon at unix:///var/run/docker.sock. Is the docker daemon running?" providerName=docker
2026-07-08T04:37:56Z ERR Provider error, retrying in 6.04051117s error="Cannot connect to the Docker daemon at unix:///var/run/docker.sock. Is the docker daemon running?" providerName=docker
2026-07-08T04:38:02Z ERR Failed to retrieve information of the docker client and server host error="Cannot connect to the Docker daemon at unix:///var/run/docker.sock. Is the docker daemon running?" providerName=docker
2026-07-08T04:38:02Z ERR Provider error, retrying in 16.819458518s error="Cannot connect to the Docker daemon at unix:///var/run/docker.sock. Is the docker daemon running?" providerName=docker
2026-07-08T04:38:22Z ERR Failed to retrieve information of the docker client and server host error="Cannot connect to the Docker daemon at unix:///var/run/docker.sock. Is the docker daemon running?" providerName=docker
2026-07-08T04:38:22Z ERR Provider error, retrying in 550.689391ms error="Cannot connect to the Docker daemon at unix:///var/run/docker.sock. Is the docker daemon running?" providerName=docker
2026-07-08T04:38:22Z ERR Failed to retrieve information of the docker client and server host error="Cannot connect to the Docker daemon at unix:///var/run/docker.sock. Is the docker daemon running?" providerName=docker
2026-07-08T04:38:22Z ERR Provider error, retrying in 785.21232ms error="Cannot connect to the Docker daemon at unix:///var/run/docker.sock. Is the docker daemon running?" providerName=docker
2026-07-08T04:38:23Z ERR Failed to retrieve information of the docker client and server host error="Cannot connect to the Docker daemon at unix:///var/run/docker.sock. Is the docker daemon running?" providerName=docker
2026-07-08T04:38:23Z ERR Provider error, retrying in 650.203169ms error="Cannot connect to the Docker daemon at unix:///var/run/docker.sock. Is the docker daemon running?" providerName=docker
2026-07-08T04:38:23Z ERR Failed to retrieve information of the docker client and server host error="Cannot connect to the Docker daemon at unix:///var/run/docker.sock. Is the docker daemon running?" providerName=docker
2026-07-08T04:38:23Z ERR Provider error, retrying in 1.936867622s error="Cannot connect to the Docker daemon at unix:///var/run/docker.sock. Is the docker daemon running?" providerName=docker
2026-07-08T04:38:25Z ERR Failed to retrieve information of the docker client and server host error="Cannot connect to the Docker daemon at unix:///var/run/docker.sock. Is the docker daemon running?" providerName=docker
2026-07-08T04:38:25Z ERR Provider error, retrying in 2.173161821s error="Cannot connect to the Docker daemon at unix:///var/run/docker.sock. Is the docker daemon running?" providerName=docker
2026-07-08T04:38:28Z ERR Failed to retrieve information of the docker client and server host error="Cannot connect to the Docker daemon at unix:///var/run/docker.sock. Is the docker daemon running?" providerName=docker
2026-07-08T04:38:28Z ERR Provider error, retrying in 4.401897148s error="Cannot connect to the Docker daemon at unix:///var/run/docker.sock. Is the docker daemon running?" providerName=docker
2026-07-08T04:38:32Z ERR Failed to retrieve information of the docker client and server host error="Cannot connect to the Docker daemon at unix:///var/run/docker.sock. Is the docker daemon running?" providerName=docker
2026-07-08T04:38:32Z ERR Provider error, retrying in 8.401246473s error="Cannot connect to the Docker daemon at unix:///var/run/docker.sock. Is the docker daemon running?" providerName=docker
2026-07-08T04:38:40Z ERR Failed to retrieve information of the docker client and server host error="Cannot connect to the Docker daemon at unix:///var/run/docker.sock. Is the docker daemon running?" providerName=docker
2026-07-08T04:38:40Z ERR Provider error, retrying in 9.116059618s error="Cannot connect to the Docker daemon at unix:///var/run/docker.sock. Is the docker daemon running?" providerName=docker
2026-07-08T04:38:52Z ERR Failed to retrieve information of the docker client and server host error="Cannot connect to the Docker daemon at unix:///var/run/docker.sock. Is the docker daemon running?" providerName=docker
2026-07-08T04:38:52Z ERR Provider error, retrying in 6.750162625s error="Cannot connect to the Docker daemon at unix:///var/run/docker.sock. Is the docker daemon running?" providerName=docker
2026-07-08T04:38:59Z ERR Failed to retrieve information of the docker client and server host error="Cannot connect to the Docker daemon at unix:///var/run/docker.sock. Is the docker daemon running?" providerName=docker
2026-07-08T04:38:59Z ERR Provider error, retrying in 502.195709ms error="Cannot connect to the Docker daemon at unix:///var/run/docker.sock. Is the docker daemon running?" providerName=docker
2026-07-08T04:39:00Z ERR Failed to retrieve information of the docker client and server host error="Cannot connect to the Docker daemon at unix:///var/run/docker.sock. Is the docker daemon running?" providerName=docker
2026-07-08T04:39:00Z ERR Provider error, retrying in 680.191338ms error="Cannot connect to the Docker daemon at unix:///var/run/docker.sock. Is the docker daemon running?" providerName=docker
2026-07-08T04:39:00Z ERR Failed to retrieve information of the docker client and server host error="Cannot connect to the Docker daemon at unix:///var/run/docker.sock. Is the docker daemon running?" providerName=docker
2026-07-08T04:39:00Z ERR Provider error, retrying in 777.495474ms error="Cannot connect to the Docker daemon at unix:///var/run/docker.sock. Is the docker daemon running?" providerName=docker
2026-07-08T04:39:01Z ERR Failed to retrieve information of the docker client and server host error="Cannot connect to the Docker daemon at unix:///var/run/docker.sock. Is the docker daemon running?" providerName=docker
2026-07-08T04:39:01Z ERR Provider error, retrying in 1.907345413s error="Cannot connect to the Docker daemon at unix:///var/run/docker.sock. Is the docker daemon running?" providerName=docker
2026-07-08T04:39:03Z ERR Failed to retrieve information of the docker client and server host error="Cannot connect to the Docker daemon at unix:///var/run/docker.sock. Is the docker daemon running?" providerName=docker
2026-07-08T04:39:03Z ERR Provider error, retrying in 1.617072212s error="Cannot connect to the Docker daemon at unix:///var/run/docker.sock. Is the docker daemon running?" providerName=docker
2026-07-08T04:39:05Z ERR Failed to retrieve information of the docker client and server host error="Cannot connect to the Docker daemon at unix:///var/run/docker.sock. Is the docker daemon running?" providerName=docker
2026-07-08T04:39:05Z ERR Provider error, retrying in 2.882322477s error="Cannot connect to the Docker daemon at unix:///var/run/docker.sock. Is the docker daemon running?" providerName=docker
2026-07-08T04:39:08Z ERR Failed to retrieve information of the docker client and server host error="Cannot connect to the Docker daemon at unix:///var/run/docker.sock. Is the docker daemon running?" providerName=docker
2026-07-08T04:39:08Z ERR Provider error, retrying in 8.084717267s error="Cannot connect to the Docker daemon at unix:///var/run/docker.sock. Is the docker daemon running?" providerName=docker
2026-07-08T04:39:16Z ERR Failed to retrieve information of the docker client and server host error="Cannot connect to the Docker daemon at unix:///var/run/docker.sock. Is the docker daemon running?" providerName=docker
2026-07-08T04:39:16Z ERR Provider error, retrying in 5.61997668s error="Cannot connect to the Docker daemon at unix:///var/run/docker.sock. Is the docker daemon running?" providerName=docker
2026-07-08T04:39:24Z ERR Failed to retrieve information of the docker client and server host error="Cannot connect to the Docker daemon at unix:///var/run/docker.sock. Is the docker daemon running?" providerName=docker
2026-07-08T04:39:24Z ERR Provider error, retrying in 12.086874836s error="Cannot connect to the Docker daemon at unix:///var/run/docker.sock. Is the docker daemon running?" providerName=docker
2026-07-08T04:39:36Z ERR Failed to retrieve information of the docker client and server host error="Cannot connect to the Docker daemon at unix:///var/run/docker.sock. Is the docker daemon running?" providerName=docker
2026-07-08T04:39:36Z ERR Provider error, retrying in 451.715831ms error="Cannot connect to the Docker daemon at unix:///var/run/docker.sock. Is the docker daemon running?" providerName=docker
2026-07-08T04:39:37Z ERR Failed to retrieve information of the docker client and server host error="Cannot connect to the Docker daemon at unix:///var/run/docker.sock. Is the docker daemon running?" providerName=docker
2026-07-08T04:39:37Z ERR Provider error, retrying in 566.168479ms error="Cannot connect to the Docker daemon at unix:///var/run/docker.sock. Is the docker daemon running?" providerName=docker
2026-07-08T04:39:37Z ERR Failed to retrieve information of the docker client and server host error="Cannot connect to the Docker daemon at unix:///var/run/docker.sock. Is the docker daemon running?" providerName=docker
2026-07-08T04:39:37Z ERR Provider error, retrying in 740.385204ms error="Cannot connect to the Docker daemon at unix:///var/run/docker.sock. Is the docker daemon running?" providerName=docker
2026-07-08T04:39:38Z ERR Failed to retrieve information of the docker client and server host error="Cannot connect to the Docker daemon at unix:///var/run/docker.sock. Is the docker daemon running?" providerName=docker
2026-07-08T04:39:38Z ERR Provider error, retrying in 2.067665555s error="Cannot connect to the Docker daemon at unix:///var/run/docker.sock. Is the docker daemon running?" providerName=docker
2026-07-08T04:39:40Z ERR Failed to retrieve information of the docker client and server host error="Cannot connect to the Docker daemon at unix:///var/run/docker.sock. Is the docker daemon running?" providerName=docker
2026-07-08T04:39:40Z ERR Provider error, retrying in 2.938646356s error="Cannot connect to the Docker daemon at unix:///var/run/docker.sock. Is the docker daemon running?" providerName=docker
2026-07-08T04:39:43Z ERR Failed to retrieve information of the docker client and server host error="Cannot connect to the Docker daemon at unix:///var/run/docker.sock. Is the docker daemon running?" providerName=docker
2026-07-08T04:39:43Z ERR Provider error, retrying in 4.130999008s error="Cannot connect to the Docker daemon at unix:///var/run/docker.sock. Is the docker daemon running?" providerName=docker
2026-07-08T04:39:47Z ERR Failed to retrieve information of the docker client and server host error="Cannot connect to the Docker daemon at unix:///var/run/docker.sock. Is the docker daemon running?" providerName=docker
2026-07-08T04:39:47Z ERR Provider error, retrying in 7.315733744s error="Cannot connect to the Docker daemon at unix:///var/run/docker.sock. Is the docker daemon running?" providerName=docker
2026-07-08T04:39:57Z ERR Failed to retrieve information of the docker client and server host error="Cannot connect to the Docker daemon at unix:///var/run/docker.sock. Is the docker daemon running?" providerName=docker
2026-07-08T04:39:57Z ERR Provider error, retrying in 11.292571722s error="Cannot connect to the Docker daemon at unix:///var/run/docker.sock. Is the docker daemon running?" providerName=docker
2026-07-08T04:40:09Z ERR Failed to retrieve information of the docker client and server host error="Cannot connect to the Docker daemon at unix:///var/run/docker.sock. Is the docker daemon running?" providerName=docker
2026-07-08T04:40:09Z ERR Provider error, retrying in 12.588330396s error="Cannot connect to the Docker daemon at unix:///var/run/docker.sock. Is the docker daemon running?" providerName=docker
2026-07-08T04:40:21Z ERR Failed to retrieve information of the docker client and server host error="Cannot connect to the Docker daemon at unix:///var/run/docker.sock. Is the docker daemon running?" providerName=docker
2026-07-08T04:40:21Z ERR Provider error, retrying in 613.736456ms error="Cannot connect to the Docker daemon at unix:///var/run/docker.sock. Is the docker daemon running?" providerName=docker
2026-07-08T04:40:22Z ERR Failed to retrieve information of the docker client and server host error="Cannot connect to the Docker daemon at unix:///var/run/docker.sock. Is the docker daemon running?" providerName=docker
2026-07-08T04:40:22Z ERR Provider error, retrying in 1.102211872s error="Cannot connect to the Docker daemon at unix:///var/run/docker.sock. Is the docker daemon running?" providerName=docker
2026-07-08T04:40:23Z ERR Failed to retrieve information of the docker client and server host error="Cannot connect to the Docker daemon at unix:///var/run/docker.sock. Is the docker daemon running?" providerName=docker
2026-07-08T04:40:23Z ERR Provider error, retrying in 1.415310827s error="Cannot connect to the Docker daemon at unix:///var/run/docker.sock. Is the docker daemon running?" providerName=docker
2026-07-08T04:40:24Z ERR Failed to retrieve information of the docker client and server host error="Cannot connect to the Docker daemon at unix:///var/run/docker.sock. Is the docker daemon running?" providerName=docker
2026-07-08T04:40:24Z ERR Provider error, retrying in 1.990557493s error="Cannot connect to the Docker daemon at unix:///var/run/docker.sock. Is the docker daemon running?" providerName=docker
2026-07-08T04:40:26Z ERR Failed to retrieve information of the docker client and server host error="Cannot connect to the Docker daemon at unix:///var/run/docker.sock. Is the docker daemon running?" providerName=docker
2026-07-08T04:40:26Z ERR Provider error, retrying in 1.360650609s error="Cannot connect to the Docker daemon at unix:///var/run/docker.sock. Is the docker daemon running?" providerName=docker
2026-07-08T04:40:31Z ERR Failed to retrieve information of the docker client and server host error="Cannot connect to the Docker daemon at unix:///var/run/docker.sock. Is the docker daemon running?" providerName=docker
2026-07-08T04:40:31Z ERR Provider error, retrying in 5.080742825s error="Cannot connect to the Docker daemon at unix:///var/run/docker.sock. Is the docker daemon running?" providerName=docker
2026-07-08T04:40:36Z ERR Failed to retrieve information of the docker client and server host error="Cannot connect to the Docker daemon at unix:///var/run/docker.sock. Is the docker daemon running?" providerName=docker
2026-07-08T04:40:36Z ERR Provider error, retrying in 3.689239249s error="Cannot connect to the Docker daemon at unix:///var/run/docker.sock. Is the docker daemon running?" providerName=docker
2026-07-08T04:40:40Z ERR Failed to retrieve information of the docker client and server host error="Cannot connect to the Docker daemon at unix:///var/run/docker.sock. Is the docker daemon running?" providerName=docker
2026-07-08T04:40:40Z ERR Provider error, retrying in 6.015930352s error="Cannot connect to the Docker daemon at unix:///var/run/docker.sock. Is the docker daemon running?" providerName=docker
2026-07-08T04:40:46Z ERR Failed to retrieve information of the docker client and server host error="Cannot connect to the Docker daemon at unix:///var/run/docker.sock. Is the docker daemon running?" providerName=docker
2026-07-08T04:40:46Z ERR Provider error, retrying in 13.974011941s error="Cannot connect to the Docker daemon at unix:///var/run/docker.sock. Is the docker daemon running?" providerName=docker
2026-07-08T04:41:00Z ERR Failed to retrieve information of the docker client and server host error="Cannot connect to the Docker daemon at unix:///var/run/docker.sock. Is the docker daemon running?" providerName=docker
2026-07-08T04:41:00Z ERR Provider error, retrying in 490.529697ms error="Cannot connect to the Docker daemon at unix:///var/run/docker.sock. Is the docker daemon running?" providerName=docker
2026-07-08T04:41:00Z ERR Failed to retrieve information of the docker client and server host error="Cannot connect to the Docker daemon at unix:///var/run/docker.sock. Is the docker daemon running?" providerName=docker
2026-07-08T04:41:00Z ERR Provider error, retrying in 659.885491ms error="Cannot connect to the Docker daemon at unix:///var/run/docker.sock. Is the docker daemon running?" providerName=docker
2026-07-08T04:41:01Z ERR Failed to retrieve information of the docker client and server host error="Cannot connect to the Docker daemon at unix:///var/run/docker.sock. Is the docker daemon running?" providerName=docker
2026-07-08T04:41:01Z ERR Provider error, retrying in 1.436997718s error="Cannot connect to the Docker daemon at unix:///var/run/docker.sock. Is the docker daemon running?" providerName=docker
2026-07-08T04:41:05Z ERR Failed to retrieve information of the docker client and server host error="Cannot connect to the Docker daemon at unix:///var/run/docker.sock. Is the docker daemon running?" providerName=docker
2026-07-08T04:41:05Z ERR Provider error, retrying in 2.115048329s error="Cannot connect to the Docker daemon at unix:///var/run/docker.sock. Is the docker daemon running?" providerName=docker
2026-07-08T04:41:07Z ERR Failed to retrieve information of the docker client and server host error="Cannot connect to the Docker daemon at unix:///var/run/docker.sock. Is the docker daemon running?" providerName=docker
2026-07-08T04:41:07Z ERR Provider error, retrying in 1.874411563s error="Cannot connect to the Docker daemon at unix:///var/run/docker.sock. Is the docker daemon running?" providerName=docker
2026-07-08T04:41:09Z ERR Failed to retrieve information of the docker client and server host error="Cannot connect to the Docker daemon at unix:///var/run/docker.sock. Is the docker daemon running?" providerName=docker
2026-07-08T04:41:09Z ERR Provider error, retrying in 3.908427187s error="Cannot connect to the Docker daemon at unix:///var/run/docker.sock. Is the docker daemon running?" providerName=docker
2026-07-08T04:41:13Z ERR Failed to retrieve information of the docker client and server host error="Cannot connect to the Docker daemon at unix:///var/run/docker.sock. Is the docker daemon running?" providerName=docker
2026-07-08T04:41:13Z ERR Provider error, retrying in 4.249135761s error="Cannot connect to the Docker daemon at unix:///var/run/docker.sock. Is the docker daemon running?" providerName=docker
2026-07-08T04:41:17Z ERR Failed to retrieve information of the docker client and server host error="Cannot connect to the Docker daemon at unix:///var/run/docker.sock. Is the docker daemon running?" providerName=docker
2026-07-08T04:41:17Z ERR Provider error, retrying in 12.037292702s error="Cannot connect to the Docker daemon at unix:///var/run/docker.sock. Is the docker daemon running?" providerName=docker
2026-07-08T04:41:29Z ERR Failed to retrieve information of the docker client and server host error="Cannot connect to the Docker daemon at unix:///var/run/docker.sock. Is the docker daemon running?" providerName=docker
2026-07-08T04:41:29Z ERR Provider error, retrying in 13.332967341s error="Cannot connect to the Docker daemon at unix:///var/run/docker.sock. Is the docker daemon running?" providerName=docker
2026-07-08T04:41:46Z ERR Failed to retrieve information of the docker client and server host error="Cannot connect to the Docker daemon at unix:///var/run/docker.sock. Is the docker daemon running?" providerName=docker
2026-07-08T04:41:46Z ERR Provider error, retrying in 663.19644ms error="Cannot connect to the Docker daemon at unix:///var/run/docker.sock. Is the docker daemon running?" providerName=docker
2026-07-08T04:41:46Z ERR Failed to retrieve information of the docker client and server host error="Cannot connect to the Docker daemon at unix:///var/run/docker.sock. Is the docker daemon running?" providerName=docker
2026-07-08T04:41:46Z ERR Provider error, retrying in 1.021919093s error="Cannot connect to the Docker daemon at unix:///var/run/docker.sock. Is the docker daemon running?" providerName=docker
2026-07-08T04:41:47Z ERR Failed to retrieve information of the docker client and server host error="Cannot connect to the Docker daemon at unix:///var/run/docker.sock. Is the docker daemon running?" providerName=docker
2026-07-08T04:41:47Z ERR Provider error, retrying in 885.405883ms error="Cannot connect to the Docker daemon at unix:///var/run/docker.sock. Is the docker daemon running?" providerName=docker
2026-07-08T04:41:48Z ERR Failed to retrieve information of the docker client and server host error="Cannot connect to the Docker daemon at unix:///var/run/docker.sock. Is the docker daemon running?" providerName=docker
2026-07-08T04:41:48Z ERR Provider error, retrying in 1.261992337s error="Cannot connect to the Docker daemon at unix:///var/run/docker.sock. Is the docker daemon running?" providerName=docker
2026-07-08T04:41:49Z ERR Failed to retrieve information of the docker client and server host error="Cannot connect to the Docker daemon at unix:///var/run/docker.sock. Is the docker daemon running?" providerName=docker
2026-07-08T04:41:49Z ERR Provider error, retrying in 1.496401268s error="Cannot connect to the Docker daemon at unix:///var/run/docker.sock. Is the docker daemon running?" providerName=docker
2026-07-08T04:41:51Z ERR Failed to retrieve information of the docker client and server host error="Cannot connect to the Docker daemon at unix:///var/run/docker.sock. Is the docker daemon running?" providerName=docker
2026-07-08T04:41:51Z ERR Provider error, retrying in 1.970128728s error="Cannot connect to the Docker daemon at unix:///var/run/docker.sock. Is the docker daemon running?" providerName=docker
2026-07-08T04:41:53Z ERR Failed to retrieve information of the docker client and server host error="Cannot connect to the Docker daemon at unix:///var/run/docker.sock. Is the docker daemon running?" providerName=docker
2026-07-08T04:41:53Z ERR Provider error, retrying in 6.063459764s error="Cannot connect to the Docker daemon at unix:///var/run/docker.sock. Is the docker daemon running?" providerName=docker
2026-07-08T04:41:59Z ERR Failed to retrieve information of the docker client and server host error="Cannot connect to the Docker daemon at unix:///var/run/docker.sock. Is the docker daemon running?" providerName=docker
2026-07-08T04:41:59Z ERR Provider error, retrying in 4.715458068s error="Cannot connect to the Docker daemon at unix:///var/run/docker.sock. Is the docker daemon running?" providerName=docker
2026-07-08T04:42:04Z ERR Failed to retrieve information of the docker client and server host error="Cannot connect to the Docker daemon at unix:///var/run/docker.sock. Is the docker daemon running?" providerName=docker
2026-07-08T04:42:04Z ERR Provider error, retrying in 16.458792526s error="Cannot connect to the Docker daemon at unix:///var/run/docker.sock. Is the docker daemon running?" providerName=docker
2026-07-08T04:42:23Z ERR Failed to retrieve information of the docker client and server host error="Cannot connect to the Docker daemon at unix:///var/run/docker.sock. Is the docker daemon running?" providerName=docker
2026-07-08T04:42:23Z ERR Provider error, retrying in 504.441671ms error="Cannot connect to the Docker daemon at unix:///var/run/docker.sock. Is the docker daemon running?" providerName=docker
2026-07-08T04:42:24Z ERR Failed to retrieve information of the docker client and server host error="Cannot connect to the Docker daemon at unix:///var/run/docker.sock. Is the docker daemon running?" providerName=docker
2026-07-08T04:42:24Z ERR Provider error, retrying in 1.080965832s error="Cannot connect to the Docker daemon at unix:///var/run/docker.sock. Is the docker daemon running?" providerName=docker
2026-07-08T04:42:25Z ERR Failed to retrieve information of the docker client and server host error="Cannot connect to the Docker daemon at unix:///var/run/docker.sock. Is the docker daemon running?" providerName=docker
2026-07-08T04:42:25Z ERR Provider error, retrying in 795.633219ms error="Cannot connect to the Docker daemon at unix:///var/run/docker.sock. Is the docker daemon running?" providerName=docker
2026-07-08T04:42:25Z ERR Failed to retrieve information of the docker client and server host error="Cannot connect to the Docker daemon at unix:///var/run/docker.sock. Is the docker daemon running?" providerName=docker
2026-07-08T04:42:25Z ERR Provider error, retrying in 2.339317845s error="Cannot connect to the Docker daemon at unix:///var/run/docker.sock. Is the docker daemon running?" providerName=docker
2026-07-08T04:42:28Z ERR Failed to retrieve information of the docker client and server host error="Cannot connect to the Docker daemon at unix:///var/run/docker.sock. Is the docker daemon running?" providerName=docker
2026-07-08T04:42:28Z ERR Provider error, retrying in 1.547216785s error="Cannot connect to the Docker daemon at unix:///var/run/docker.sock. Is the docker daemon running?" providerName=docker
2026-07-08T04:42:29Z ERR Failed to retrieve information of the docker client and server host error="Cannot connect to the Docker daemon at unix:///var/run/docker.sock. Is the docker daemon running?" providerName=docker
2026-07-08T04:42:29Z ERR Provider error, retrying in 2.837527398s error="Cannot connect to the Docker daemon at unix:///var/run/docker.sock. Is the docker daemon running?" providerName=docker
2026-07-08T04:42:32Z ERR Failed to retrieve information of the docker client and server host error="Cannot connect to the Docker daemon at unix:///var/run/docker.sock. Is the docker daemon running?" providerName=docker
2026-07-08T04:42:32Z ERR Provider error, retrying in 8.017785505s error="Cannot connect to the Docker daemon at unix:///var/run/docker.sock. Is the docker daemon running?" providerName=docker
2026-07-08T04:42:40Z ERR Failed to retrieve information of the docker client and server host error="Cannot connect to the Docker daemon at unix:///var/run/docker.sock. Is the docker daemon running?" providerName=docker
2026-07-08T04:42:40Z ERR Provider error, retrying in 7.705321144s error="Cannot connect to the Docker daemon at unix:///var/run/docker.sock. Is the docker daemon running?" providerName=docker
2026-07-08T04:42:51Z ERR Failed to retrieve information of the docker client and server host error="Cannot connect to the Docker daemon at unix:///var/run/docker.sock. Is the docker daemon running?" providerName=docker
2026-07-08T04:42:51Z ERR Provider error, retrying in 19.07512954s error="Cannot connect to the Docker daemon at unix:///var/run/docker.sock. Is the docker daemon running?" providerName=docker
2026-07-08T04:43:10Z ERR Failed to retrieve information of the docker client and server host error="Cannot connect to the Docker daemon at unix:///var/run/docker.sock. Is the docker daemon running?" providerName=docker
2026-07-08T04:43:10Z ERR Provider error, retrying in 348.736478ms error="Cannot connect to the Docker daemon at unix:///var/run/docker.sock. Is the docker daemon running?" providerName=docker
2026-07-08T04:43:10Z ERR Failed to retrieve information of the docker client and server host error="Cannot connect to the Docker daemon at unix:///var/run/docker.sock. Is the docker daemon running?" providerName=docker
2026-07-08T04:43:10Z ERR Provider error, retrying in 955.676263ms error="Cannot connect to the Docker daemon at unix:///var/run/docker.sock. Is the docker daemon running?" providerName=docker
2026-07-08T04:43:11Z ERR Failed to retrieve information of the docker client and server host error="Cannot connect to the Docker daemon at unix:///var/run/docker.sock. Is the docker daemon running?" providerName=docker
2026-07-08T04:43:11Z ERR Provider error, retrying in 1.679392492s error="Cannot connect to the Docker daemon at unix:///var/run/docker.sock. Is the docker daemon running?" providerName=docker
2026-07-08T04:43:13Z ERR Failed to retrieve information of the docker client and server host error="Cannot connect to the Docker daemon at unix:///var/run/docker.sock. Is the docker daemon running?" providerName=docker
2026-07-08T04:43:13Z ERR Provider error, retrying in 907.566622ms error="Cannot connect to the Docker daemon at unix:///var/run/docker.sock. Is the docker daemon running?" providerName=docker
2026-07-08T04:43:14Z ERR Failed to retrieve information of the docker client and server host error="Cannot connect to the Docker daemon at unix:///var/run/docker.sock. Is the docker daemon running?" providerName=docker
2026-07-08T04:43:14Z ERR Provider error, retrying in 2.663810308s error="Cannot connect to the Docker daemon at unix:///var/run/docker.sock. Is the docker daemon running?" providerName=docker
2026-07-08T04:43:17Z ERR Failed to retrieve information of the docker client and server host error="Cannot connect to the Docker daemon at unix:///var/run/docker.sock. Is the docker daemon running?" providerName=docker
2026-07-08T04:43:17Z ERR Provider error, retrying in 5.463002495s error="Cannot connect to the Docker daemon at unix:///var/run/docker.sock. Is the docker daemon running?" providerName=docker
2026-07-08T04:43:22Z ERR Failed to retrieve information of the docker client and server host error="Cannot connect to the Docker daemon at unix:///var/run/docker.sock. Is the docker daemon running?" providerName=docker
2026-07-08T04:43:22Z ERR Provider error, retrying in 5.506304705s error="Cannot connect to the Docker daemon at unix:///var/run/docker.sock. Is the docker daemon running?" providerName=docker
2026-07-08T04:43:30Z ERR Failed to retrieve information of the docker client and server host error="Cannot connect to the Docker daemon at unix:///var/run/docker.sock. Is the docker daemon running?" providerName=docker
2026-07-08T04:43:30Z ERR Provider error, retrying in 8.992048082s error="Cannot connect to the Docker daemon at unix:///var/run/docker.sock. Is the docker daemon running?" providerName=docker
2026-07-08T04:43:39Z ERR Failed to retrieve information of the docker client and server host error="Cannot connect to the Docker daemon at unix:///var/run/docker.sock. Is the docker daemon running?" providerName=docker
2026-07-08T04:43:39Z ERR Provider error, retrying in 8.098416835s error="Cannot connect to the Docker daemon at unix:///var/run/docker.sock. Is the docker daemon running?" providerName=docker
2026-07-08T04:43:48Z ERR Failed to retrieve information of the docker client and server host error="Cannot connect to the Docker daemon at unix:///var/run/docker.sock. Is the docker daemon running?" providerName=docker
2026-07-08T04:43:48Z ERR Provider error, retrying in 386.262171ms error="Cannot connect to the Docker daemon at unix:///var/run/docker.sock. Is the docker daemon running?" providerName=docker
2026-07-08T04:43:48Z ERR Failed to retrieve information of the docker client and server host error="Cannot connect to the Docker daemon at unix:///var/run/docker.sock. Is the docker daemon running?" providerName=docker
2026-07-08T04:43:48Z ERR Provider error, retrying in 849.394145ms error="Cannot connect to the Docker daemon at unix:///var/run/docker.sock. Is the docker daemon running?" providerName=docker
2026-07-08T04:43:49Z ERR Failed to retrieve information of the docker client and server host error="Cannot connect to the Docker daemon at unix:///var/run/docker.sock. Is the docker daemon running?" providerName=docker
2026-07-08T04:43:49Z ERR Provider error, retrying in 1.347025973s error="Cannot connect to the Docker daemon at unix:///var/run/docker.sock. Is the docker daemon running?" providerName=docker
2026-07-08T04:43:50Z ERR Failed to retrieve information of the docker client and server host error="Cannot connect to the Docker daemon at unix:///var/run/docker.sock. Is the docker daemon running?" providerName=docker
2026-07-08T04:43:50Z ERR Provider error, retrying in 2.519148256s error="Cannot connect to the Docker daemon at unix:///var/run/docker.sock. Is the docker daemon running?" providerName=docker
2026-07-08T04:43:53Z ERR Failed to retrieve information of the docker client and server host error="Cannot connect to the Docker daemon at unix:///var/run/docker.sock. Is the docker daemon running?" providerName=docker
2026-07-08T04:43:53Z ERR Provider error, retrying in 1.55645006s error="Cannot connect to the Docker daemon at unix:///var/run/docker.sock. Is the docker daemon running?" providerName=docker
2026-07-08T04:43:54Z ERR Failed to retrieve information of the docker client and server host error="Cannot connect to the Docker daemon at unix:///var/run/docker.sock. Is the docker daemon running?" providerName=docker
2026-07-08T04:43:54Z ERR Provider error, retrying in 2.490292661s error="Cannot connect to the Docker daemon at unix:///var/run/docker.sock. Is the docker daemon running?" providerName=docker
2026-07-08T04:43:57Z ERR Failed to retrieve information of the docker client and server host error="Cannot connect to the Docker daemon at unix:///var/run/docker.sock. Is the docker daemon running?" providerName=docker
2026-07-08T04:43:57Z ERR Provider error, retrying in 8.04280018s error="Cannot connect to the Docker daemon at unix:///var/run/docker.sock. Is the docker daemon running?" providerName=docker
2026-07-08T04:44:08Z ERR Failed to retrieve information of the docker client and server host error="Cannot connect to the Docker daemon at unix:///var/run/docker.sock. Is the docker daemon running?" providerName=docker
2026-07-08T04:44:08Z ERR Provider error, retrying in 8.920034638s error="Cannot connect to the Docker daemon at unix:///var/run/docker.sock. Is the docker daemon running?" providerName=docker
2026-07-08T04:44:17Z ERR Failed to retrieve information of the docker client and server host error="Cannot connect to the Docker daemon at unix:///var/run/docker.sock. Is the docker daemon running?" providerName=docker
2026-07-08T04:44:17Z ERR Provider error, retrying in 14.625696728s error="Cannot connect to the Docker daemon at unix:///var/run/docker.sock. Is the docker daemon running?" providerName=docker
2026-07-08T04:44:31Z ERR Failed to retrieve information of the docker client and server host error="Cannot connect to the Docker daemon at unix:///var/run/docker.sock. Is the docker daemon running?" providerName=docker
2026-07-08T04:44:31Z ERR Provider error, retrying in 662.324475ms error="Cannot connect to the Docker daemon at unix:///var/run/docker.sock. Is the docker daemon running?" providerName=docker
2026-07-08T04:44:32Z ERR Failed to retrieve information of the docker client and server host error="Cannot connect to the Docker daemon at unix:///var/run/docker.sock. Is the docker daemon running?" providerName=docker
2026-07-08T04:44:32Z ERR Provider error, retrying in 397.431711ms error="Cannot connect to the Docker daemon at unix:///var/run/docker.sock. Is the docker daemon running?" providerName=docker
2026-07-08T04:44:32Z ERR Failed to retrieve information of the docker client and server host error="Cannot connect to the Docker daemon at unix:///var/run/docker.sock. Is the docker daemon running?" providerName=docker
2026-07-08T04:44:32Z ERR Provider error, retrying in 1.602732093s error="Cannot connect to the Docker daemon at unix:///var/run/docker.sock. Is the docker daemon running?" providerName=docker
2026-07-08T04:44:37Z ERR Failed to retrieve information of the docker client and server host error="Cannot connect to the Docker daemon at unix:///var/run/docker.sock. Is the docker daemon running?" providerName=docker
2026-07-08T04:44:37Z ERR Provider error, retrying in 1.528208324s error="Cannot connect to the Docker daemon at unix:///var/run/docker.sock. Is the docker daemon running?" providerName=docker
2026-07-08T04:44:38Z ERR Failed to retrieve information of the docker client and server host error="Cannot connect to the Docker daemon at unix:///var/run/docker.sock. Is the docker daemon running?" providerName=docker
2026-07-08T04:44:38Z ERR Provider error, retrying in 2.178499515s error="Cannot connect to the Docker daemon at unix:///var/run/docker.sock. Is the docker daemon running?" providerName=docker
2026-07-08T04:44:41Z ERR Failed to retrieve information of the docker client and server host error="Cannot connect to the Docker daemon at unix:///var/run/docker.sock. Is the docker daemon running?" providerName=docker
2026-07-08T04:44:41Z ERR Provider error, retrying in 3.372367622s error="Cannot connect to the Docker daemon at unix:///var/run/docker.sock. Is the docker daemon running?" providerName=docker
2026-07-08T04:44:44Z ERR Failed to retrieve information of the docker client and server host error="Cannot connect to the Docker daemon at unix:///var/run/docker.sock. Is the docker daemon running?" providerName=docker
2026-07-08T04:44:44Z ERR Provider error, retrying in 8.008728613s error="Cannot connect to the Docker daemon at unix:///var/run/docker.sock. Is the docker daemon running?" providerName=docker
2026-07-08T04:44:52Z ERR Failed to retrieve information of the docker client and server host error="Cannot connect to the Docker daemon at unix:///var/run/docker.sock. Is the docker daemon running?" providerName=docker
2026-07-08T04:44:52Z ERR Provider error, retrying in 9.611410969s error="Cannot connect to the Docker daemon at unix:///var/run/docker.sock. Is the docker daemon running?" providerName=docker
2026-07-08T04:45:02Z ERR Failed to retrieve information of the docker client and server host error="Cannot connect to the Docker daemon at unix:///var/run/docker.sock. Is the docker daemon running?" providerName=docker
2026-07-08T04:45:02Z ERR Provider error, retrying in 7.653801711s error="Cannot connect to the Docker daemon at unix:///var/run/docker.sock. Is the docker daemon running?" providerName=docker
2026-07-08T04:45:12Z ERR Failed to retrieve information of the docker client and server host error="Cannot connect to the Docker daemon at unix:///var/run/docker.sock. Is the docker daemon running?" providerName=docker
2026-07-08T04:45:12Z ERR Provider error, retrying in 713.889915ms error="Cannot connect to the Docker daemon at unix:///var/run/docker.sock. Is the docker daemon running?" providerName=docker
2026-07-08T04:45:13Z ERR Failed to retrieve information of the docker client and server host error="Cannot connect to the Docker daemon at unix:///var/run/docker.sock. Is the docker daemon running?" providerName=docker
2026-07-08T04:45:13Z ERR Provider error, retrying in 1.085144981s error="Cannot connect to the Docker daemon at unix:///var/run/docker.sock. Is the docker daemon running?" providerName=docker
2026-07-08T04:45:14Z ERR Failed to retrieve information of the docker client and server host error="Cannot connect to the Docker daemon at unix:///var/run/docker.sock. Is the docker daemon running?" providerName=docker
2026-07-08T04:45:14Z ERR Provider error, retrying in 585.071641ms error="Cannot connect to the Docker daemon at unix:///var/run/docker.sock. Is the docker daemon running?" providerName=docker
2026-07-08T04:45:14Z ERR Failed to retrieve information of the docker client and server host error="Cannot connect to the Docker daemon at unix:///var/run/docker.sock. Is the docker daemon running?" providerName=docker
2026-07-08T04:45:14Z ERR Provider error, retrying in 1.7917679s error="Cannot connect to the Docker daemon at unix:///var/run/docker.sock. Is the docker daemon running?" providerName=docker
2026-07-08T04:45:16Z ERR Failed to retrieve information of the docker client and server host error="Cannot connect to the Docker daemon at unix:///var/run/docker.sock. Is the docker daemon running?" providerName=docker
2026-07-08T04:45:16Z ERR Provider error, retrying in 1.504747729s error="Cannot connect to the Docker daemon at unix:///var/run/docker.sock. Is the docker daemon running?" providerName=docker
2026-07-08T04:45:18Z ERR Failed to retrieve information of the docker client and server host error="Cannot connect to the Docker daemon at unix:///var/run/docker.sock. Is the docker daemon running?" providerName=docker
2026-07-08T04:45:18Z ERR Provider error, retrying in 2.866268694s error="Cannot connect to the Docker daemon at unix:///var/run/docker.sock. Is the docker daemon running?" providerName=docker
2026-07-08T04:45:21Z ERR Failed to retrieve information of the docker client and server host error="Cannot connect to the Docker daemon at unix:///var/run/docker.sock. Is the docker daemon running?" providerName=docker
2026-07-08T04:45:21Z ERR Provider error, retrying in 3.142110926s error="Cannot connect to the Docker daemon at unix:///var/run/docker.sock. Is the docker daemon running?" providerName=docker
2026-07-08T04:45:24Z ERR Failed to retrieve information of the docker client and server host error="Cannot connect to the Docker daemon at unix:///var/run/docker.sock. Is the docker daemon running?" providerName=docker
2026-07-08T04:45:24Z ERR Provider error, retrying in 5.683394109s error="Cannot connect to the Docker daemon at unix:///var/run/docker.sock. Is the docker daemon running?" providerName=docker
2026-07-08T04:45:29Z ERR Failed to retrieve information of the docker client and server host error="Cannot connect to the Docker daemon at unix:///var/run/docker.sock. Is the docker daemon running?" providerName=docker
2026-07-08T04:45:29Z ERR Provider error, retrying in 11.825557417s error="Cannot connect to the Docker daemon at unix:///var/run/docker.sock. Is the docker daemon running?" providerName=docker
2026-07-08T04:45:41Z ERR Failed to retrieve information of the docker client and server host error="Cannot connect to the Docker daemon at unix:///var/run/docker.sock. Is the docker daemon running?" providerName=docker
2026-07-08T04:45:41Z ERR Provider error, retrying in 15.768850312s error="Cannot connect to the Docker daemon at unix:///var/run/docker.sock. Is the docker daemon running?" providerName=docker
2026-07-08T04:46:00Z ERR Failed to retrieve information of the docker client and server host error="Cannot connect to the Docker daemon at unix:///var/run/docker.sock. Is the docker daemon running?" providerName=docker
2026-07-08T04:46:00Z ERR Provider error, retrying in 558.468935ms error="Cannot connect to the Docker daemon at unix:///var/run/docker.sock. Is the docker daemon running?" providerName=docker
2026-07-08T04:46:01Z ERR Failed to retrieve information of the docker client and server host error="Cannot connect to the Docker daemon at unix:///var/run/docker.sock. Is the docker daemon running?" providerName=docker
2026-07-08T04:46:01Z ERR Provider error, retrying in 465.464865ms error="Cannot connect to the Docker daemon at unix:///var/run/docker.sock. Is the docker daemon running?" providerName=docker
2026-07-08T04:46:01Z ERR Failed to retrieve information of the docker client and server host error="Cannot connect to the Docker daemon at unix:///var/run/docker.sock. Is the docker daemon running?" providerName=docker
2026-07-08T04:46:01Z ERR Provider error, retrying in 883.959118ms error="Cannot connect to the Docker daemon at unix:///var/run/docker.sock. Is the docker daemon running?" providerName=docker
2026-07-08T04:46:02Z ERR Failed to retrieve information of the docker client and server host error="Cannot connect to the Docker daemon at unix:///var/run/docker.sock. Is the docker daemon running?" providerName=docker
2026-07-08T04:46:02Z ERR Provider error, retrying in 1.848161258s error="Cannot connect to the Docker daemon at unix:///var/run/docker.sock. Is the docker daemon running?" providerName=docker
2026-07-08T04:46:04Z ERR Failed to retrieve information of the docker client and server host error="Cannot connect to the Docker daemon at unix:///var/run/docker.sock. Is the docker daemon running?" providerName=docker
2026-07-08T04:46:04Z ERR Provider error, retrying in 1.412363843s error="Cannot connect to the Docker daemon at unix:///var/run/docker.sock. Is the docker daemon running?" providerName=docker
2026-07-08T04:46:05Z ERR Failed to retrieve information of the docker client and server host error="Cannot connect to the Docker daemon at unix:///var/run/docker.sock. Is the docker daemon running?" providerName=docker
2026-07-08T04:46:05Z ERR Provider error, retrying in 5.183452708s error="Cannot connect to the Docker daemon at unix:///var/run/docker.sock. Is the docker daemon running?" providerName=docker
2026-07-08T04:46:10Z ERR Failed to retrieve information of the docker client and server host error="Cannot connect to the Docker daemon at unix:///var/run/docker.sock. Is the docker daemon running?" providerName=docker
2026-07-08T04:46:10Z ERR Provider error, retrying in 2.86688864s error="Cannot connect to the Docker daemon at unix:///var/run/docker.sock. Is the docker daemon running?" providerName=docker
2026-07-08T04:46:13Z ERR Failed to retrieve information of the docker client and server host error="Cannot connect to the Docker daemon at unix:///var/run/docker.sock. Is the docker daemon running?" providerName=docker
2026-07-08T04:46:13Z ERR Provider error, retrying in 11.12217613s error="Cannot connect to the Docker daemon at unix:///var/run/docker.sock. Is the docker daemon running?" providerName=docker
2026-07-08T04:46:27Z ERR Failed to retrieve information of the docker client and server host error="Cannot connect to the Docker daemon at unix:///var/run/docker.sock. Is the docker daemon running?" providerName=docker
2026-07-08T04:46:27Z ERR Provider error, retrying in 7.431750123s error="Cannot connect to the Docker daemon at unix:///var/run/docker.sock. Is the docker daemon running?" providerName=docker
2026-07-08T04:46:35Z ERR Failed to retrieve information of the docker client and server host error="Cannot connect to the Docker daemon at unix:///var/run/docker.sock. Is the docker daemon running?" providerName=docker
2026-07-08T04:46:35Z ERR Provider error, retrying in 447.060718ms error="Cannot connect to the Docker daemon at unix:///var/run/docker.sock. Is the docker daemon running?" providerName=docker
2026-07-08T04:46:35Z ERR Failed to retrieve information of the docker client and server host error="Cannot connect to the Docker daemon at unix:///var/run/docker.sock. Is the docker daemon running?" providerName=docker
2026-07-08T04:46:35Z ERR Provider error, retrying in 615.434771ms error="Cannot connect to the Docker daemon at unix:///var/run/docker.sock. Is the docker daemon running?" providerName=docker
2026-07-08T04:46:36Z ERR Failed to retrieve information of the docker client and server host error="Cannot connect to the Docker daemon at unix:///var/run/docker.sock. Is the docker daemon running?" providerName=docker
2026-07-08T04:46:36Z ERR Provider error, retrying in 1.501272131s error="Cannot connect to the Docker daemon at unix:///var/run/docker.sock. Is the docker daemon running?" providerName=docker
2026-07-08T04:46:37Z ERR Failed to retrieve information of the docker client and server host error="Cannot connect to the Docker daemon at unix:///var/run/docker.sock. Is the docker daemon running?" providerName=docker
2026-07-08T04:46:37Z ERR Provider error, retrying in 1.216668488s error="Cannot connect to the Docker daemon at unix:///var/run/docker.sock. Is the docker daemon running?" providerName=docker
2026-07-08T04:46:38Z ERR Failed to retrieve information of the docker client and server host error="Cannot connect to the Docker daemon at unix:///var/run/docker.sock. Is the docker daemon running?" providerName=docker
2026-07-08T04:46:38Z ERR Provider error, retrying in 2.574807585s error="Cannot connect to the Docker daemon at unix:///var/run/docker.sock. Is the docker daemon running?" providerName=docker
2026-07-08T04:46:41Z ERR Failed to retrieve information of the docker client and server host error="Cannot connect to the Docker daemon at unix:///var/run/docker.sock. Is the docker daemon running?" providerName=docker
2026-07-08T04:46:41Z ERR Provider error, retrying in 4.744110223s error="Cannot connect to the Docker daemon at unix:///var/run/docker.sock. Is the docker daemon running?" providerName=docker
2026-07-08T04:46:46Z ERR Failed to retrieve information of the docker client and server host error="Cannot connect to the Docker daemon at unix:///var/run/docker.sock. Is the docker daemon running?" providerName=docker
2026-07-08T04:46:46Z ERR Provider error, retrying in 3.152049038s error="Cannot connect to the Docker daemon at unix:///var/run/docker.sock. Is the docker daemon running?" providerName=docker
2026-07-08T04:46:49Z ERR Failed to retrieve information of the docker client and server host error="Cannot connect to the Docker daemon at unix:///var/run/docker.sock. Is the docker daemon running?" providerName=docker
2026-07-08T04:46:49Z ERR Provider error, retrying in 7.533379495s error="Cannot connect to the Docker daemon at unix:///var/run/docker.sock. Is the docker daemon running?" providerName=docker
2026-07-08T04:47:00Z ERR Failed to retrieve information of the docker client and server host error="Cannot connect to the Docker daemon at unix:///var/run/docker.sock. Is the docker daemon running?" providerName=docker
2026-07-08T04:47:00Z ERR Provider error, retrying in 17.929002203s error="Cannot connect to the Docker daemon at unix:///var/run/docker.sock. Is the docker daemon running?" providerName=docker
2026-07-08T04:47:17Z ERR Failed to retrieve information of the docker client and server host error="Cannot connect to the Docker daemon at unix:///var/run/docker.sock. Is the docker daemon running?" providerName=docker
2026-07-08T04:47:17Z ERR Provider error, retrying in 675.843482ms error="Cannot connect to the Docker daemon at unix:///var/run/docker.sock. Is the docker daemon running?" providerName=docker
2026-07-08T04:47:18Z ERR Failed to retrieve information of the docker client and server host error="Cannot connect to the Docker daemon at unix:///var/run/docker.sock. Is the docker daemon running?" providerName=docker
2026-07-08T04:47:18Z ERR Provider error, retrying in 584.352125ms error="Cannot connect to the Docker daemon at unix:///var/run/docker.sock. Is the docker daemon running?" providerName=docker
2026-07-08T04:47:19Z ERR Failed to retrieve information of the docker client and server host error="Cannot connect to the Docker daemon at unix:///var/run/docker.sock. Is the docker daemon running?" providerName=docker
2026-07-08T04:47:19Z ERR Provider error, retrying in 1.635771599s error="Cannot connect to the Docker daemon at unix:///var/run/docker.sock. Is the docker daemon running?" providerName=docker
2026-07-08T04:47:20Z ERR Failed to retrieve information of the docker client and server host error="Cannot connect to the Docker daemon at unix:///var/run/docker.sock. Is the docker daemon running?" providerName=docker
2026-07-08T04:47:20Z ERR Provider error, retrying in 1.406427358s error="Cannot connect to the Docker daemon at unix:///var/run/docker.sock. Is the docker daemon running?" providerName=docker
2026-07-08T04:47:22Z ERR Failed to retrieve information of the docker client and server host error="Cannot connect to the Docker daemon at unix:///var/run/docker.sock. Is the docker daemon running?" providerName=docker
2026-07-08T04:47:22Z ERR Provider error, retrying in 3.264880485s error="Cannot connect to the Docker daemon at unix:///var/run/docker.sock. Is the docker daemon running?" providerName=docker
2026-07-08T04:47:25Z ERR Failed to retrieve information of the docker client and server host error="Cannot connect to the Docker daemon at unix:///var/run/docker.sock. Is the docker daemon running?" providerName=docker
2026-07-08T04:47:25Z ERR Provider error, retrying in 4.422255871s error="Cannot connect to the Docker daemon at unix:///var/run/docker.sock. Is the docker daemon running?" providerName=docker
2026-07-08T04:47:29Z ERR Failed to retrieve information of the docker client and server host error="Cannot connect to the Docker daemon at unix:///var/run/docker.sock. Is the docker daemon running?" providerName=docker
2026-07-08T04:47:29Z ERR Provider error, retrying in 7.756952423s error="Cannot connect to the Docker daemon at unix:///var/run/docker.sock. Is the docker daemon running?" providerName=docker
2026-07-08T04:47:40Z ERR Failed to retrieve information of the docker client and server host error="Cannot connect to the Docker daemon at unix:///var/run/docker.sock. Is the docker daemon running?" providerName=docker
2026-07-08T04:47:40Z ERR Provider error, retrying in 12.728193092s error="Cannot connect to the Docker daemon at unix:///var/run/docker.sock. Is the docker daemon running?" providerName=docker
2026-07-08T04:47:53Z ERR Failed to retrieve information of the docker client and server host error="Cannot connect to the Docker daemon at unix:///var/run/docker.sock. Is the docker daemon running?" providerName=docker
2026-07-08T04:47:53Z ERR Provider error, retrying in 500.79201ms error="Cannot connect to the Docker daemon at unix:///var/run/docker.sock. Is the docker daemon running?" providerName=docker
2026-07-08T04:47:53Z ERR Failed to retrieve information of the docker client and server host error="Cannot connect to the Docker daemon at unix:///var/run/docker.sock. Is the docker daemon running?" providerName=docker
2026-07-08T04:47:53Z ERR Provider error, retrying in 757.349261ms error="Cannot connect to the Docker daemon at unix:///var/run/docker.sock. Is the docker daemon running?" providerName=docker
2026-07-08T04:47:54Z ERR Failed to retrieve information of the docker client and server host error="Cannot connect to the Docker daemon at unix:///var/run/docker.sock. Is the docker daemon running?" providerName=docker
2026-07-08T04:47:54Z ERR Provider error, retrying in 1.099241417s error="Cannot connect to the Docker daemon at unix:///var/run/docker.sock. Is the docker daemon running?" providerName=docker
2026-07-08T04:47:55Z ERR Failed to retrieve information of the docker client and server host error="Cannot connect to the Docker daemon at unix:///var/run/docker.sock. Is the docker daemon running?" providerName=docker
2026-07-08T04:47:55Z ERR Provider error, retrying in 905.515741ms error="Cannot connect to the Docker daemon at unix:///var/run/docker.sock. Is the docker daemon running?" providerName=docker
2026-07-08T04:47:56Z ERR Failed to retrieve information of the docker client and server host error="Cannot connect to the Docker daemon at unix:///var/run/docker.sock. Is the docker daemon running?" providerName=docker
2026-07-08T04:47:56Z ERR Provider error, retrying in 1.796800577s error="Cannot connect to the Docker daemon at unix:///var/run/docker.sock. Is the docker daemon running?" providerName=docker
2026-07-08T04:47:58Z ERR Failed to retrieve information of the docker client and server host error="Cannot connect to the Docker daemon at unix:///var/run/docker.sock. Is the docker daemon running?" providerName=docker
2026-07-08T04:47:58Z ERR Provider error, retrying in 4.939015532s error="Cannot connect to the Docker daemon at unix:///var/run/docker.sock. Is the docker daemon running?" providerName=docker
2026-07-08T04:48:03Z ERR Failed to retrieve information of the docker client and server host error="Cannot connect to the Docker daemon at unix:///var/run/docker.sock. Is the docker daemon running?" providerName=docker
2026-07-08T04:48:03Z ERR Provider error, retrying in 4.202707928s error="Cannot connect to the Docker daemon at unix:///var/run/docker.sock. Is the docker daemon running?" providerName=docker
2026-07-08T04:48:10Z ERR Failed to retrieve information of the docker client and server host error="Cannot connect to the Docker daemon at unix:///var/run/docker.sock. Is the docker daemon running?" providerName=docker
2026-07-08T04:48:10Z ERR Provider error, retrying in 4.807135203s error="Cannot connect to the Docker daemon at unix:///var/run/docker.sock. Is the docker daemon running?" providerName=docker
2026-07-08T04:48:15Z ERR Failed to retrieve information of the docker client and server host error="Cannot connect to the Docker daemon at unix:///var/run/docker.sock. Is the docker daemon running?" providerName=docker
2026-07-08T04:48:15Z ERR Provider error, retrying in 13.6547066s error="Cannot connect to the Docker daemon at unix:///var/run/docker.sock. Is the docker daemon running?" providerName=docker
2026-07-08T04:48:28Z ERR Failed to retrieve information of the docker client and server host error="Cannot connect to the Docker daemon at unix:///var/run/docker.sock. Is the docker daemon running?" providerName=docker
2026-07-08T04:48:28Z ERR Provider error, retrying in 616.189956ms error="Cannot connect to the Docker daemon at unix:///var/run/docker.sock. Is the docker daemon running?" providerName=docker
2026-07-08T04:48:29Z ERR Failed to retrieve information of the docker client and server host error="Cannot connect to the Docker daemon at unix:///var/run/docker.sock. Is the docker daemon running?" providerName=docker
2026-07-08T04:48:29Z ERR Provider error, retrying in 602.551505ms error="Cannot connect to the Docker daemon at unix:///var/run/docker.sock. Is the docker daemon running?" providerName=docker
2026-07-08T04:48:30Z ERR Failed to retrieve information of the docker client and server host error="Cannot connect to the Docker daemon at unix:///var/run/docker.sock. Is the docker daemon running?" providerName=docker
2026-07-08T04:48:30Z ERR Provider error, retrying in 1.39481771s error="Cannot connect to the Docker daemon at unix:///var/run/docker.sock. Is the docker daemon running?" providerName=docker
2026-07-08T04:48:31Z ERR Failed to retrieve information of the docker client and server host error="Cannot connect to the Docker daemon at unix:///var/run/docker.sock. Is the docker daemon running?" providerName=docker
2026-07-08T04:48:31Z ERR Provider error, retrying in 1.351163327s error="Cannot connect to the Docker daemon at unix:///var/run/docker.sock. Is the docker daemon running?" providerName=docker
2026-07-08T04:48:32Z ERR Failed to retrieve information of the docker client and server host error="Cannot connect to the Docker daemon at unix:///var/run/docker.sock. Is the docker daemon running?" providerName=docker
2026-07-08T04:48:32Z ERR Provider error, retrying in 2.377582747s error="Cannot connect to the Docker daemon at unix:///var/run/docker.sock. Is the docker daemon running?" providerName=docker
2026-07-08T04:48:35Z ERR Failed to retrieve information of the docker client and server host error="Cannot connect to the Docker daemon at unix:///var/run/docker.sock. Is the docker daemon running?" providerName=docker
2026-07-08T04:48:35Z ERR Provider error, retrying in 3.981995776s error="Cannot connect to the Docker daemon at unix:///var/run/docker.sock. Is the docker daemon running?" providerName=docker
2026-07-08T04:48:39Z ERR Failed to retrieve information of the docker client and server host error="Cannot connect to the Docker daemon at unix:///var/run/docker.sock. Is the docker daemon running?" providerName=docker
2026-07-08T04:48:39Z ERR Provider error, retrying in 3.00816427s error="Cannot connect to the Docker daemon at unix:///var/run/docker.sock. Is the docker daemon running?" providerName=docker
2026-07-08T04:48:45Z ERR Failed to retrieve information of the docker client and server host error="Cannot connect to the Docker daemon at unix:///var/run/docker.sock. Is the docker daemon running?" providerName=docker
2026-07-08T04:48:45Z ERR Provider error, retrying in 5.903638209s error="Cannot connect to the Docker daemon at unix:///var/run/docker.sock. Is the docker daemon running?" providerName=docker
2026-07-08T04:48:51Z ERR Failed to retrieve information of the docker client and server host error="Cannot connect to the Docker daemon at unix:///var/run/docker.sock. Is the docker daemon running?" providerName=docker
2026-07-08T04:48:51Z ERR Provider error, retrying in 12.918655615s error="Cannot connect to the Docker daemon at unix:///var/run/docker.sock. Is the docker daemon running?" providerName=docker
2026-07-08T04:48:53Z ERR Error while Peeking first byte error="read tcp 10.88.0.3:80->10.88.0.1:53006: i/o timeout"
2026-07-08T04:49:04Z ERR Failed to retrieve information of the docker client and server host error="Cannot connect to the Docker daemon at unix:///var/run/docker.sock. Is the docker daemon running?" providerName=docker
2026-07-08T04:49:04Z ERR Provider error, retrying in 326.010007ms error="Cannot connect to the Docker daemon at unix:///var/run/docker.sock. Is the docker daemon running?" providerName=docker
2026-07-08T04:49:04Z ERR Failed to retrieve information of the docker client and server host error="Cannot connect to the Docker daemon at unix:///var/run/docker.sock. Is the docker daemon running?" providerName=docker
2026-07-08T04:49:04Z ERR Provider error, retrying in 954.043116ms error="Cannot connect to the Docker daemon at unix:///var/run/docker.sock. Is the docker daemon running?" providerName=docker
2026-07-08T04:49:05Z ERR Failed to retrieve information of the docker client and server host error="Cannot connect to the Docker daemon at unix:///var/run/docker.sock. Is the docker daemon running?" providerName=docker
2026-07-08T04:49:05Z ERR Provider error, retrying in 705.765766ms error="Cannot connect to the Docker daemon at unix:///var/run/docker.sock. Is the docker daemon running?" providerName=docker
2026-07-08T04:49:06Z ERR Failed to retrieve information of the docker client and server host error="Cannot connect to the Docker daemon at unix:///var/run/docker.sock. Is the docker daemon running?" providerName=docker
2026-07-08T04:49:06Z ERR Provider error, retrying in 1.633597595s error="Cannot connect to the Docker daemon at unix:///var/run/docker.sock. Is the docker daemon running?" providerName=docker
2026-07-08T04:49:07Z ERR Failed to retrieve information of the docker client and server host error="Cannot connect to the Docker daemon at unix:///var/run/docker.sock. Is the docker daemon running?" providerName=docker
2026-07-08T04:49:07Z ERR Provider error, retrying in 1.554943295s error="Cannot connect to the Docker daemon at unix:///var/run/docker.sock. Is the docker daemon running?" providerName=docker
2026-07-08T04:49:09Z ERR Failed to retrieve information of the docker client and server host error="Cannot connect to the Docker daemon at unix:///var/run/docker.sock. Is the docker daemon running?" providerName=docker
2026-07-08T04:49:09Z ERR Provider error, retrying in 3.191637736s error="Cannot connect to the Docker daemon at unix:///var/run/docker.sock. Is the docker daemon running?" providerName=docker
2026-07-08T04:49:12Z ERR Failed to retrieve information of the docker client and server host error="Cannot connect to the Docker daemon at unix:///var/run/docker.sock. Is the docker daemon running?" providerName=docker
2026-07-08T04:49:12Z ERR Provider error, retrying in 8.336802246s error="Cannot connect to the Docker daemon at unix:///var/run/docker.sock. Is the docker daemon running?" providerName=docker
2026-07-08T04:49:23Z ERR Failed to retrieve information of the docker client and server host error="Cannot connect to the Docker daemon at unix:///var/run/docker.sock. Is the docker daemon running?" providerName=docker
2026-07-08T04:49:23Z ERR Provider error, retrying in 8.603235469s error="Cannot connect to the Docker daemon at unix:///var/run/docker.sock. Is the docker daemon running?" providerName=docker
2026-07-08T04:49:32Z ERR Failed to retrieve information of the docker client and server host error="Cannot connect to the Docker daemon at unix:///var/run/docker.sock. Is the docker daemon running?" providerName=docker
2026-07-08T04:49:32Z ERR Provider error, retrying in 11.151262431s error="Cannot connect to the Docker daemon at unix:///var/run/docker.sock. Is the docker daemon running?" providerName=docker
2026-07-08T04:49:43Z ERR Failed to retrieve information of the docker client and server host error="Cannot connect to the Docker daemon at unix:///var/run/docker.sock. Is the docker daemon running?" providerName=docker
2026-07-08T04:49:43Z ERR Provider error, retrying in 274.372322ms error="Cannot connect to the Docker daemon at unix:///var/run/docker.sock. Is the docker daemon running?" providerName=docker
2026-07-08T04:49:43Z ERR Failed to retrieve information of the docker client and server host error="Cannot connect to the Docker daemon at unix:///var/run/docker.sock. Is the docker daemon running?" providerName=docker
2026-07-08T04:49:43Z ERR Provider error, retrying in 518.862962ms error="Cannot connect to the Docker daemon at unix:///var/run/docker.sock. Is the docker daemon running?" providerName=docker
2026-07-08T04:49:44Z ERR Failed to retrieve information of the docker client and server host error="Cannot connect to the Docker daemon at unix:///var/run/docker.sock. Is the docker daemon running?" providerName=docker
2026-07-08T04:49:44Z ERR Provider error, retrying in 1.000687843s error="Cannot connect to the Docker daemon at unix:///var/run/docker.sock. Is the docker daemon running?" providerName=docker
2026-07-08T04:49:45Z ERR Failed to retrieve information of the docker client and server host error="Cannot connect to the Docker daemon at unix:///var/run/docker.sock. Is the docker daemon running?" providerName=docker
2026-07-08T04:49:45Z ERR Provider error, retrying in 976.764751ms error="Cannot connect to the Docker daemon at unix:///var/run/docker.sock. Is the docker daemon running?" providerName=docker
2026-07-08T04:49:46Z ERR Failed to retrieve information of the docker client and server host error="Cannot connect to the Docker daemon at unix:///var/run/docker.sock. Is the docker daemon running?" providerName=docker
2026-07-08T04:49:46Z ERR Provider error, retrying in 2.78481696s error="Cannot connect to the Docker daemon at unix:///var/run/docker.sock. Is the docker daemon running?" providerName=docker
2026-07-08T04:49:49Z ERR Failed to retrieve information of the docker client and server host error="Cannot connect to the Docker daemon at unix:///var/run/docker.sock. Is the docker daemon running?" providerName=docker
2026-07-08T04:49:49Z ERR Provider error, retrying in 5.012909989s error="Cannot connect to the Docker daemon at unix:///var/run/docker.sock. Is the docker daemon running?" providerName=docker
2026-07-08T04:49:56Z ERR Failed to retrieve information of the docker client and server host error="Cannot connect to the Docker daemon at unix:///var/run/docker.sock. Is the docker daemon running?" providerName=docker
2026-07-08T04:49:56Z ERR Provider error, retrying in 8.015895837s error="Cannot connect to the Docker daemon at unix:///var/run/docker.sock. Is the docker daemon running?" providerName=docker
2026-07-08T04:50:05Z ERR Failed to retrieve information of the docker client and server host error="Cannot connect to the Docker daemon at unix:///var/run/docker.sock. Is the docker daemon running?" providerName=docker
2026-07-08T04:50:05Z ERR Provider error, retrying in 10.276879955s error="Cannot connect to the Docker daemon at unix:///var/run/docker.sock. Is the docker daemon running?" providerName=docker
2026-07-08T04:50:15Z ERR Failed to retrieve information of the docker client and server host error="Cannot connect to the Docker daemon at unix:///var/run/docker.sock. Is the docker daemon running?" providerName=docker
2026-07-08T04:50:15Z ERR Provider error, retrying in 12.547857067s error="Cannot connect to the Docker daemon at unix:///var/run/docker.sock. Is the docker daemon running?" providerName=docker
2026-07-08T04:50:30Z ERR Failed to retrieve information of the docker client and server host error="Cannot connect to the Docker daemon at unix:///var/run/docker.sock. Is the docker daemon running?" providerName=docker
2026-07-08T04:50:30Z ERR Provider error, retrying in 375.787332ms error="Cannot connect to the Docker daemon at unix:///var/run/docker.sock. Is the docker daemon running?" providerName=docker
2026-07-08T04:50:31Z ERR Failed to retrieve information of the docker client and server host error="Cannot connect to the Docker daemon at unix:///var/run/docker.sock. Is the docker daemon running?" providerName=docker
2026-07-08T04:50:31Z ERR Provider error, retrying in 521.889601ms error="Cannot connect to the Docker daemon at unix:///var/run/docker.sock. Is the docker daemon running?" providerName=docker
2026-07-08T04:50:31Z ERR Failed to retrieve information of the docker client and server host error="Cannot connect to the Docker daemon at unix:///var/run/docker.sock. Is the docker daemon running?" providerName=docker
2026-07-08T04:50:31Z ERR Provider error, retrying in 1.510413739s error="Cannot connect to the Docker daemon at unix:///var/run/docker.sock. Is the docker daemon running?" providerName=docker
2026-07-08T04:50:33Z ERR Failed to retrieve information of the docker client and server host error="Cannot connect to the Docker daemon at unix:///var/run/docker.sock. Is the docker daemon running?" providerName=docker
2026-07-08T04:50:33Z ERR Provider error, retrying in 1.265884026s error="Cannot connect to the Docker daemon at unix:///var/run/docker.sock. Is the docker daemon running?" providerName=docker
2026-07-08T04:50:34Z ERR Failed to retrieve information of the docker client and server host error="Cannot connect to the Docker daemon at unix:///var/run/docker.sock. Is the docker daemon running?" providerName=docker
2026-07-08T04:50:34Z ERR Provider error, retrying in 2.679488523s error="Cannot connect to the Docker daemon at unix:///var/run/docker.sock. Is the docker daemon running?" providerName=docker
2026-07-08T04:50:37Z ERR Error while Peeking first byte error="read tcp 10.88.0.3:80->10.88.0.1:58854: i/o timeout"
2026-07-08T04:50:37Z ERR Failed to retrieve information of the docker client and server host error="Cannot connect to the Docker daemon at unix:///var/run/docker.sock. Is the docker daemon running?" providerName=docker
2026-07-08T04:50:37Z ERR Provider error, retrying in 2.166875069s error="Cannot connect to the Docker daemon at unix:///var/run/docker.sock. Is the docker daemon running?" providerName=docker
2026-07-08T04:50:39Z ERR Failed to retrieve information of the docker client and server host error="Cannot connect to the Docker daemon at unix:///var/run/docker.sock. Is the docker daemon running?" providerName=docker
2026-07-08T04:50:39Z ERR Provider error, retrying in 6.543685794s error="Cannot connect to the Docker daemon at unix:///var/run/docker.sock. Is the docker daemon running?" providerName=docker
2026-07-08T04:50:45Z ERR Failed to retrieve information of the docker client and server host error="Cannot connect to the Docker daemon at unix:///var/run/docker.sock. Is the docker daemon running?" providerName=docker
2026-07-08T04:50:45Z ERR Provider error, retrying in 7.39315966s error="Cannot connect to the Docker daemon at unix:///var/run/docker.sock. Is the docker daemon running?" providerName=docker
2026-07-08T04:50:53Z ERR Failed to retrieve information of the docker client and server host error="Cannot connect to the Docker daemon at unix:///var/run/docker.sock. Is the docker daemon running?" providerName=docker
2026-07-08T04:50:53Z ERR Provider error, retrying in 11.796069867s error="Cannot connect to the Docker daemon at unix:///var/run/docker.sock. Is the docker daemon running?" providerName=docker
2026-07-08T04:51:07Z ERR Failed to retrieve information of the docker client and server host error="Cannot connect to the Docker daemon at unix:///var/run/docker.sock. Is the docker daemon running?" providerName=docker
2026-07-08T04:51:07Z ERR Provider error, retrying in 352.366366ms error="Cannot connect to the Docker daemon at unix:///var/run/docker.sock. Is the docker daemon running?" providerName=docker
2026-07-08T04:51:08Z ERR Failed to retrieve information of the docker client and server host error="Cannot connect to the Docker daemon at unix:///var/run/docker.sock. Is the docker daemon running?" providerName=docker
2026-07-08T04:51:08Z ERR Provider error, retrying in 826.964877ms error="Cannot connect to the Docker daemon at unix:///var/run/docker.sock. Is the docker daemon running?" providerName=docker
2026-07-08T04:51:09Z ERR Failed to retrieve information of the docker client and server host error="Cannot connect to the Docker daemon at unix:///var/run/docker.sock. Is the docker daemon running?" providerName=docker
2026-07-08T04:51:09Z ERR Provider error, retrying in 1.286915144s error="Cannot connect to the Docker daemon at unix:///var/run/docker.sock. Is the docker daemon running?" providerName=docker
2026-07-08T04:51:10Z ERR Failed to retrieve information of the docker client and server host error="Cannot connect to the Docker daemon at unix:///var/run/docker.sock. Is the docker daemon running?" providerName=docker
2026-07-08T04:51:10Z ERR Provider error, retrying in 1.614883371s error="Cannot connect to the Docker daemon at unix:///var/run/docker.sock. Is the docker daemon running?" providerName=docker
2026-07-08T04:51:12Z ERR Failed to retrieve information of the docker client and server host error="Cannot connect to the Docker daemon at unix:///var/run/docker.sock. Is the docker daemon running?" providerName=docker
2026-07-08T04:51:12Z ERR Provider error, retrying in 1.332992633s error="Cannot connect to the Docker daemon at unix:///var/run/docker.sock. Is the docker daemon running?" providerName=docker
2026-07-08T04:51:13Z ERR Failed to retrieve information of the docker client and server host error="Cannot connect to the Docker daemon at unix:///var/run/docker.sock. Is the docker daemon running?" providerName=docker
2026-07-08T04:51:13Z ERR Provider error, retrying in 2.834522784s error="Cannot connect to the Docker daemon at unix:///var/run/docker.sock. Is the docker daemon running?" providerName=docker
2026-07-08T04:51:16Z ERR Failed to retrieve information of the docker client and server host error="Cannot connect to the Docker daemon at unix:///var/run/docker.sock. Is the docker daemon running?" providerName=docker
2026-07-08T04:51:16Z ERR Provider error, retrying in 4.858286519s error="Cannot connect to the Docker daemon at unix:///var/run/docker.sock. Is the docker daemon running?" providerName=docker
2026-07-08T04:51:21Z ERR Failed to retrieve information of the docker client and server host error="Cannot connect to the Docker daemon at unix:///var/run/docker.sock. Is the docker daemon running?" providerName=docker
2026-07-08T04:51:21Z ERR Provider error, retrying in 9.773804306s error="Cannot connect to the Docker daemon at unix:///var/run/docker.sock. Is the docker daemon running?" providerName=docker
2026-07-08T04:51:30Z ERR Failed to retrieve information of the docker client and server host error="Cannot connect to the Docker daemon at unix:///var/run/docker.sock. Is the docker daemon running?" providerName=docker
2026-07-08T04:51:30Z ERR Provider error, retrying in 6.709097098s error="Cannot connect to the Docker daemon at unix:///var/run/docker.sock. Is the docker daemon running?" providerName=docker
2026-07-08T04:51:40Z ERR Failed to retrieve information of the docker client and server host error="Cannot connect to the Docker daemon at unix:///var/run/docker.sock. Is the docker daemon running?" providerName=docker
2026-07-08T04:51:40Z ERR Provider error, retrying in 21.93636402s error="Cannot connect to the Docker daemon at unix:///var/run/docker.sock. Is the docker daemon running?" providerName=docker
2026-07-08T04:52:02Z ERR Failed to retrieve information of the docker client and server host error="Cannot connect to the Docker daemon at unix:///var/run/docker.sock. Is the docker daemon running?" providerName=docker
2026-07-08T04:52:02Z ERR Provider error, retrying in 302.674758ms error="Cannot connect to the Docker daemon at unix:///var/run/docker.sock. Is the docker daemon running?" providerName=docker
2026-07-08T04:52:02Z ERR Failed to retrieve information of the docker client and server host error="Cannot connect to the Docker daemon at unix:///var/run/docker.sock. Is the docker daemon running?" providerName=docker
2026-07-08T04:52:02Z ERR Provider error, retrying in 723.486565ms error="Cannot connect to the Docker daemon at unix:///var/run/docker.sock. Is the docker daemon running?" providerName=docker
2026-07-08T04:52:03Z ERR Failed to retrieve information of the docker client and server host error="Cannot connect to the Docker daemon at unix:///var/run/docker.sock. Is the docker daemon running?" providerName=docker
2026-07-08T04:52:03Z ERR Provider error, retrying in 1.594745922s error="Cannot connect to the Docker daemon at unix:///var/run/docker.sock. Is the docker daemon running?" providerName=docker
2026-07-08T04:52:05Z ERR Failed to retrieve information of the docker client and server host error="Cannot connect to the Docker daemon at unix:///var/run/docker.sock. Is the docker daemon running?" providerName=docker
2026-07-08T04:52:05Z ERR Provider error, retrying in 944.284574ms error="Cannot connect to the Docker daemon at unix:///var/run/docker.sock. Is the docker daemon running?" providerName=docker
2026-07-08T04:52:06Z ERR Failed to retrieve information of the docker client and server host error="Cannot connect to the Docker daemon at unix:///var/run/docker.sock. Is the docker daemon running?" providerName=docker
2026-07-08T04:52:06Z ERR Provider error, retrying in 1.949427337s error="Cannot connect to the Docker daemon at unix:///var/run/docker.sock. Is the docker daemon running?" providerName=docker
2026-07-08T04:52:07Z ERR Failed to retrieve information of the docker client and server host error="Cannot connect to the Docker daemon at unix:///var/run/docker.sock. Is the docker daemon running?" providerName=docker
2026-07-08T04:52:07Z ERR Provider error, retrying in 3.260925713s error="Cannot connect to the Docker daemon at unix:///var/run/docker.sock. Is the docker daemon running?" providerName=docker
2026-07-08T04:52:11Z ERR Failed to retrieve information of the docker client and server host error="Cannot connect to the Docker daemon at unix:///var/run/docker.sock. Is the docker daemon running?" providerName=docker
2026-07-08T04:52:11Z ERR Provider error, retrying in 6.369242788s error="Cannot connect to the Docker daemon at unix:///var/run/docker.sock. Is the docker daemon running?" providerName=docker
2026-07-08T04:52:20Z ERR Failed to retrieve information of the docker client and server host error="Cannot connect to the Docker daemon at unix:///var/run/docker.sock. Is the docker daemon running?" providerName=docker
2026-07-08T04:52:20Z ERR Provider error, retrying in 8.851099021s error="Cannot connect to the Docker daemon at unix:///var/run/docker.sock. Is the docker daemon running?" providerName=docker
2026-07-08T04:52:29Z ERR Failed to retrieve information of the docker client and server host error="Cannot connect to the Docker daemon at unix:///var/run/docker.sock. Is the docker daemon running?" providerName=docker
2026-07-08T04:52:29Z ERR Provider error, retrying in 10.60583547s error="Cannot connect to the Docker daemon at unix:///var/run/docker.sock. Is the docker daemon running?" providerName=docker
2026-07-08T04:52:39Z ERR Failed to retrieve information of the docker client and server host error="Cannot connect to the Docker daemon at unix:///var/run/docker.sock. Is the docker daemon running?" providerName=docker
2026-07-08T04:52:39Z ERR Provider error, retrying in 691.699149ms error="Cannot connect to the Docker daemon at unix:///var/run/docker.sock. Is the docker daemon running?" providerName=docker
2026-07-08T04:52:40Z ERR Failed to retrieve information of the docker client and server host error="Cannot connect to the Docker daemon at unix:///var/run/docker.sock. Is the docker daemon running?" providerName=docker
2026-07-08T04:52:40Z ERR Provider error, retrying in 744.315743ms error="Cannot connect to the Docker daemon at unix:///var/run/docker.sock. Is the docker daemon running?" providerName=docker
2026-07-08T04:52:41Z ERR Failed to retrieve information of the docker client and server host error="Cannot connect to the Docker daemon at unix:///var/run/docker.sock. Is the docker daemon running?" providerName=docker
2026-07-08T04:52:41Z ERR Provider error, retrying in 745.1562ms error="Cannot connect to the Docker daemon at unix:///var/run/docker.sock. Is the docker daemon running?" providerName=docker
2026-07-08T04:52:42Z ERR Failed to retrieve information of the docker client and server host error="Cannot connect to the Docker daemon at unix:///var/run/docker.sock. Is the docker daemon running?" providerName=docker
2026-07-08T04:52:42Z ERR Provider error, retrying in 1.902976842s error="Cannot connect to the Docker daemon at unix:///var/run/docker.sock. Is the docker daemon running?" providerName=docker
2026-07-08T04:52:44Z ERR Failed to retrieve information of the docker client and server host error="Cannot connect to the Docker daemon at unix:///var/run/docker.sock. Is the docker daemon running?" providerName=docker
2026-07-08T04:52:44Z ERR Provider error, retrying in 1.996574346s error="Cannot connect to the Docker daemon at unix:///var/run/docker.sock. Is the docker daemon running?" providerName=docker
2026-07-08T04:52:46Z ERR Failed to retrieve information of the docker client and server host error="Cannot connect to the Docker daemon at unix:///var/run/docker.sock. Is the docker daemon running?" providerName=docker
2026-07-08T04:52:46Z ERR Provider error, retrying in 2.873917066s error="Cannot connect to the Docker daemon at unix:///var/run/docker.sock. Is the docker daemon running?" providerName=docker
2026-07-08T04:52:51Z ERR Failed to retrieve information of the docker client and server host error="Cannot connect to the Docker daemon at unix:///var/run/docker.sock. Is the docker daemon running?" providerName=docker
2026-07-08T04:52:51Z ERR Provider error, retrying in 5.557872161s error="Cannot connect to the Docker daemon at unix:///var/run/docker.sock. Is the docker daemon running?" providerName=docker
2026-07-08T04:52:57Z ERR Failed to retrieve information of the docker client and server host error="Cannot connect to the Docker daemon at unix:///var/run/docker.sock. Is the docker daemon running?" providerName=docker
2026-07-08T04:52:57Z ERR Provider error, retrying in 7.015612513s error="Cannot connect to the Docker daemon at unix:///var/run/docker.sock. Is the docker daemon running?" providerName=docker
2026-07-08T04:53:04Z ERR Failed to retrieve information of the docker client and server host error="Cannot connect to the Docker daemon at unix:///var/run/docker.sock. Is the docker daemon running?" providerName=docker
2026-07-08T04:53:04Z ERR Provider error, retrying in 8.366843582s error="Cannot connect to the Docker daemon at unix:///var/run/docker.sock. Is the docker daemon running?" providerName=docker
2026-07-08T04:53:12Z ERR Failed to retrieve information of the docker client and server host error="Cannot connect to the Docker daemon at unix:///var/run/docker.sock. Is the docker daemon running?" providerName=docker
2026-07-08T04:53:12Z ERR Provider error, retrying in 27.266280701s error="Cannot connect to the Docker daemon at unix:///var/run/docker.sock. Is the docker daemon running?" providerName=docker
2026-07-08T04:53:43Z ERR Failed to retrieve information of the docker client and server host error="Cannot connect to the Docker daemon at unix:///var/run/docker.sock. Is the docker daemon running?" providerName=docker
2026-07-08T04:53:43Z ERR Provider error, retrying in 287.587026ms error="Cannot connect to the Docker daemon at unix:///var/run/docker.sock. Is the docker daemon running?" providerName=docker
2026-07-08T04:53:43Z ERR Failed to retrieve information of the docker client and server host error="Cannot connect to the Docker daemon at unix:///var/run/docker.sock. Is the docker daemon running?" providerName=docker
2026-07-08T04:53:43Z ERR Provider error, retrying in 729.179403ms error="Cannot connect to the Docker daemon at unix:///var/run/docker.sock. Is the docker daemon running?" providerName=docker
2026-07-08T04:53:44Z ERR Failed to retrieve information of the docker client and server host error="Cannot connect to the Docker daemon at unix:///var/run/docker.sock. Is the docker daemon running?" providerName=docker
2026-07-08T04:53:44Z ERR Provider error, retrying in 800.937623ms error="Cannot connect to the Docker daemon at unix:///var/run/docker.sock. Is the docker daemon running?" providerName=docker
2026-07-08T04:53:44Z ERR Failed to retrieve information of the docker client and server host error="Cannot connect to the Docker daemon at unix:///var/run/docker.sock. Is the docker daemon running?" providerName=docker
2026-07-08T04:53:44Z ERR Provider error, retrying in 1.985039646s error="Cannot connect to the Docker daemon at unix:///var/run/docker.sock. Is the docker daemon running?" providerName=docker
2026-07-08T04:53:46Z ERR Failed to retrieve information of the docker client and server host error="Cannot connect to the Docker daemon at unix:///var/run/docker.sock. Is the docker daemon running?" providerName=docker
2026-07-08T04:53:46Z ERR Provider error, retrying in 1.536008594s error="Cannot connect to the Docker daemon at unix:///var/run/docker.sock. Is the docker daemon running?" providerName=docker
2026-07-08T04:53:48Z ERR Failed to retrieve information of the docker client and server host error="Cannot connect to the Docker daemon at unix:///var/run/docker.sock. Is the docker daemon running?" providerName=docker
2026-07-08T04:53:48Z ERR Provider error, retrying in 3.045108078s error="Cannot connect to the Docker daemon at unix:///var/run/docker.sock. Is the docker daemon running?" providerName=docker
2026-07-08T04:53:51Z ERR Failed to retrieve information of the docker client and server host error="Cannot connect to the Docker daemon at unix:///var/run/docker.sock. Is the docker daemon running?" providerName=docker
2026-07-08T04:53:51Z ERR Provider error, retrying in 4.67891606s error="Cannot connect to the Docker daemon at unix:///var/run/docker.sock. Is the docker daemon running?" providerName=docker
2026-07-08T04:53:56Z ERR Failed to retrieve information of the docker client and server host error="Cannot connect to the Docker daemon at unix:///var/run/docker.sock. Is the docker daemon running?" providerName=docker
2026-07-08T04:53:56Z ERR Provider error, retrying in 5.640878336s error="Cannot connect to the Docker daemon at unix:///var/run/docker.sock. Is the docker daemon running?" providerName=docker
2026-07-08T04:54:04Z ERR Failed to retrieve information of the docker client and server host error="Cannot connect to the Docker daemon at unix:///var/run/docker.sock. Is the docker daemon running?" providerName=docker
2026-07-08T04:54:04Z ERR Provider error, retrying in 15.466747186s error="Cannot connect to the Docker daemon at unix:///var/run/docker.sock. Is the docker daemon running?" providerName=docker
2026-07-08T04:54:20Z ERR Failed to retrieve information of the docker client and server host error="Cannot connect to the Docker daemon at unix:///var/run/docker.sock. Is the docker daemon running?" providerName=docker
2026-07-08T04:54:20Z ERR Provider error, retrying in 424.717274ms error="Cannot connect to the Docker daemon at unix:///var/run/docker.sock. Is the docker daemon running?" providerName=docker
2026-07-08T04:54:20Z ERR Failed to retrieve information of the docker client and server host error="Cannot connect to the Docker daemon at unix:///var/run/docker.sock. Is the docker daemon running?" providerName=docker
2026-07-08T04:54:20Z ERR Provider error, retrying in 490.710408ms error="Cannot connect to the Docker daemon at unix:///var/run/docker.sock. Is the docker daemon running?" providerName=docker
2026-07-08T04:54:21Z ERR Failed to retrieve information of the docker client and server host error="Cannot connect to the Docker daemon at unix:///var/run/docker.sock. Is the docker daemon running?" providerName=docker
2026-07-08T04:54:21Z ERR Provider error, retrying in 1.495171947s error="Cannot connect to the Docker daemon at unix:///var/run/docker.sock. Is the docker daemon running?" providerName=docker
2026-07-08T04:54:22Z ERR Failed to retrieve information of the docker client and server host error="Cannot connect to the Docker daemon at unix:///var/run/docker.sock. Is the docker daemon running?" providerName=docker
2026-07-08T04:54:22Z ERR Provider error, retrying in 2.480541321s error="Cannot connect to the Docker daemon at unix:///var/run/docker.sock. Is the docker daemon running?" providerName=docker
2026-07-08T04:54:25Z ERR Failed to retrieve information of the docker client and server host error="Cannot connect to the Docker daemon at unix:///var/run/docker.sock. Is the docker daemon running?" providerName=docker
2026-07-08T04:54:25Z ERR Provider error, retrying in 2.958813284s error="Cannot connect to the Docker daemon at unix:///var/run/docker.sock. Is the docker daemon running?" providerName=docker
2026-07-08T04:54:28Z ERR Failed to retrieve information of the docker client and server host error="Cannot connect to the Docker daemon at unix:///var/run/docker.sock. Is the docker daemon running?" providerName=docker
2026-07-08T04:54:28Z ERR Provider error, retrying in 3.523242665s error="Cannot connect to the Docker daemon at unix:///var/run/docker.sock. Is the docker daemon running?" providerName=docker
2026-07-08T04:54:31Z ERR Failed to retrieve information of the docker client and server host error="Cannot connect to the Docker daemon at unix:///var/run/docker.sock. Is the docker daemon running?" providerName=docker
2026-07-08T04:54:31Z ERR Provider error, retrying in 6.363761864s error="Cannot connect to the Docker daemon at unix:///var/run/docker.sock. Is the docker daemon running?" providerName=docker
2026-07-08T04:54:40Z ERR Failed to retrieve information of the docker client and server host error="Cannot connect to the Docker daemon at unix:///var/run/docker.sock. Is the docker daemon running?" providerName=docker
2026-07-08T04:54:40Z ERR Provider error, retrying in 5.907781437s error="Cannot connect to the Docker daemon at unix:///var/run/docker.sock. Is the docker daemon running?" providerName=docker
2026-07-08T04:54:46Z ERR Failed to retrieve information of the docker client and server host error="Cannot connect to the Docker daemon at unix:///var/run/docker.sock. Is the docker daemon running?" providerName=docker
2026-07-08T04:54:46Z ERR Provider error, retrying in 12.272551921s error="Cannot connect to the Docker daemon at unix:///var/run/docker.sock. Is the docker daemon running?" providerName=docker
2026-07-08T04:54:59Z ERR Failed to retrieve information of the docker client and server host error="Cannot connect to the Docker daemon at unix:///var/run/docker.sock. Is the docker daemon running?" providerName=docker
2026-07-08T04:54:59Z ERR Provider error, retrying in 268.330098ms error="Cannot connect to the Docker daemon at unix:///var/run/docker.sock. Is the docker daemon running?" providerName=docker
2026-07-08T04:54:59Z ERR Failed to retrieve information of the docker client and server host error="Cannot connect to the Docker daemon at unix:///var/run/docker.sock. Is the docker daemon running?" providerName=docker
2026-07-08T04:54:59Z ERR Provider error, retrying in 773.383001ms error="Cannot connect to the Docker daemon at unix:///var/run/docker.sock. Is the docker daemon running?" providerName=docker
2026-07-08T04:55:00Z ERR Failed to retrieve information of the docker client and server host error="Cannot connect to the Docker daemon at unix:///var/run/docker.sock. Is the docker daemon running?" providerName=docker
2026-07-08T04:55:00Z ERR Provider error, retrying in 964.107534ms error="Cannot connect to the Docker daemon at unix:///var/run/docker.sock. Is the docker daemon running?" providerName=docker
2026-07-08T04:55:01Z ERR Failed to retrieve information of the docker client and server host error="Cannot connect to the Docker daemon at unix:///var/run/docker.sock. Is the docker daemon running?" providerName=docker
2026-07-08T04:55:01Z ERR Provider error, retrying in 1.104053158s error="Cannot connect to the Docker daemon at unix:///var/run/docker.sock. Is the docker daemon running?" providerName=docker
2026-07-08T04:55:02Z ERR Failed to retrieve information of the docker client and server host error="Cannot connect to the Docker daemon at unix:///var/run/docker.sock. Is the docker daemon running?" providerName=docker
2026-07-08T04:55:02Z ERR Provider error, retrying in 2.069979952s error="Cannot connect to the Docker daemon at unix:///var/run/docker.sock. Is the docker daemon running?" providerName=docker
2026-07-08T04:55:04Z ERR Failed to retrieve information of the docker client and server host error="Cannot connect to the Docker daemon at unix:///var/run/docker.sock. Is the docker daemon running?" providerName=docker
2026-07-08T04:55:04Z ERR Provider error, retrying in 2.5994355s error="Cannot connect to the Docker daemon at unix:///var/run/docker.sock. Is the docker daemon running?" providerName=docker
2026-07-08T04:55:06Z ERR Failed to retrieve information of the docker client and server host error="Cannot connect to the Docker daemon at unix:///var/run/docker.sock. Is the docker daemon running?" providerName=docker
2026-07-08T04:55:06Z ERR Provider error, retrying in 4.177007978s error="Cannot connect to the Docker daemon at unix:///var/run/docker.sock. Is the docker daemon running?" providerName=docker
2026-07-08T04:55:13Z ERR Failed to retrieve information of the docker client and server host error="Cannot connect to the Docker daemon at unix:///var/run/docker.sock. Is the docker daemon running?" providerName=docker
2026-07-08T04:55:13Z ERR Provider error, retrying in 10.388681853s error="Cannot connect to the Docker daemon at unix:///var/run/docker.sock. Is the docker daemon running?" providerName=docker
2026-07-08T04:55:24Z ERR Failed to retrieve information of the docker client and server host error="Cannot connect to the Docker daemon at unix:///var/run/docker.sock. Is the docker daemon running?" providerName=docker
2026-07-08T04:55:24Z ERR Provider error, retrying in 7.27882644s error="Cannot connect to the Docker daemon at unix:///var/run/docker.sock. Is the docker daemon running?" providerName=docker
2026-07-08T04:55:31Z ERR Failed to retrieve information of the docker client and server host error="Cannot connect to the Docker daemon at unix:///var/run/docker.sock. Is the docker daemon running?" providerName=docker
2026-07-08T04:55:31Z ERR Provider error, retrying in 26.735925476s error="Cannot connect to the Docker daemon at unix:///var/run/docker.sock. Is the docker daemon running?" providerName=docker
2026-07-08T04:56:01Z ERR Failed to retrieve information of the docker client and server host error="Cannot connect to the Docker daemon at unix:///var/run/docker.sock. Is the docker daemon running?" providerName=docker
2026-07-08T04:56:01Z ERR Provider error, retrying in 411.30973ms error="Cannot connect to the Docker daemon at unix:///var/run/docker.sock. Is the docker daemon running?" providerName=docker
2026-07-08T04:56:01Z ERR Failed to retrieve information of the docker client and server host error="Cannot connect to the Docker daemon at unix:///var/run/docker.sock. Is the docker daemon running?" providerName=docker
2026-07-08T04:56:01Z ERR Provider error, retrying in 1.021076751s error="Cannot connect to the Docker daemon at unix:///var/run/docker.sock. Is the docker daemon running?" providerName=docker
2026-07-08T04:56:02Z ERR Failed to retrieve information of the docker client and server host error="Cannot connect to the Docker daemon at unix:///var/run/docker.sock. Is the docker daemon running?" providerName=docker
2026-07-08T04:56:02Z ERR Provider error, retrying in 1.249958047s error="Cannot connect to the Docker daemon at unix:///var/run/docker.sock. Is the docker daemon running?" providerName=docker
2026-07-08T04:56:03Z ERR Failed to retrieve information of the docker client and server host error="Cannot connect to the Docker daemon at unix:///var/run/docker.sock. Is the docker daemon running?" providerName=docker
2026-07-08T04:56:03Z ERR Provider error, retrying in 1.377157999s error="Cannot connect to the Docker daemon at unix:///var/run/docker.sock. Is the docker daemon running?" providerName=docker
2026-07-08T04:56:05Z ERR Failed to retrieve information of the docker client and server host error="Cannot connect to the Docker daemon at unix:///var/run/docker.sock. Is the docker daemon running?" providerName=docker
2026-07-08T04:56:05Z ERR Provider error, retrying in 2.682538948s error="Cannot connect to the Docker daemon at unix:///var/run/docker.sock. Is the docker daemon running?" providerName=docker
2026-07-08T04:56:08Z ERR Failed to retrieve information of the docker client and server host error="Cannot connect to the Docker daemon at unix:///var/run/docker.sock. Is the docker daemon running?" providerName=docker
2026-07-08T04:56:08Z ERR Provider error, retrying in 3.145085488s error="Cannot connect to the Docker daemon at unix:///var/run/docker.sock. Is the docker daemon running?" providerName=docker
2026-07-08T04:56:11Z ERR Failed to retrieve information of the docker client and server host error="Cannot connect to the Docker daemon at unix:///var/run/docker.sock. Is the docker daemon running?" providerName=docker
2026-07-08T04:56:11Z ERR Provider error, retrying in 4.70365637s error="Cannot connect to the Docker daemon at unix:///var/run/docker.sock. Is the docker daemon running?" providerName=docker
2026-07-08T04:56:15Z ERR Failed to retrieve information of the docker client and server host error="Cannot connect to the Docker daemon at unix:///var/run/docker.sock. Is the docker daemon running?" providerName=docker
2026-07-08T04:56:15Z ERR Provider error, retrying in 8.281643258s error="Cannot connect to the Docker daemon at unix:///var/run/docker.sock. Is the docker daemon running?" providerName=docker
2026-07-08T04:56:27Z ERR Failed to retrieve information of the docker client and server host error="Cannot connect to the Docker daemon at unix:///var/run/docker.sock. Is the docker daemon running?" providerName=docker
2026-07-08T04:56:27Z ERR Provider error, retrying in 8.030242229s error="Cannot connect to the Docker daemon at unix:///var/run/docker.sock. Is the docker daemon running?" providerName=docker
2026-07-08T04:56:35Z ERR Failed to retrieve information of the docker client and server host error="Cannot connect to the Docker daemon at unix:///var/run/docker.sock. Is the docker daemon running?" providerName=docker
2026-07-08T04:56:35Z ERR Provider error, retrying in 361.967622ms error="Cannot connect to the Docker daemon at unix:///var/run/docker.sock. Is the docker daemon running?" providerName=docker
2026-07-08T04:56:35Z ERR Failed to retrieve information of the docker client and server host error="Cannot connect to the Docker daemon at unix:///var/run/docker.sock. Is the docker daemon running?" providerName=docker
2026-07-08T04:56:35Z ERR Provider error, retrying in 1.100318265s error="Cannot connect to the Docker daemon at unix:///var/run/docker.sock. Is the docker daemon running?" providerName=docker
2026-07-08T04:56:36Z ERR Failed to retrieve information of the docker client and server host error="Cannot connect to the Docker daemon at unix:///var/run/docker.sock. Is the docker daemon running?" providerName=docker
2026-07-08T04:56:36Z ERR Provider error, retrying in 1.151332999s error="Cannot connect to the Docker daemon at unix:///var/run/docker.sock. Is the docker daemon running?" providerName=docker
2026-07-08T04:56:37Z ERR Failed to retrieve information of the docker client and server host error="Cannot connect to the Docker daemon at unix:///var/run/docker.sock. Is the docker daemon running?" providerName=docker
2026-07-08T04:56:37Z ERR Provider error, retrying in 2.028076583s error="Cannot connect to the Docker daemon at unix:///var/run/docker.sock. Is the docker daemon running?" providerName=docker
2026-07-08T04:56:39Z ERR Failed to retrieve information of the docker client and server host error="Cannot connect to the Docker daemon at unix:///var/run/docker.sock. Is the docker daemon running?" providerName=docker
2026-07-08T04:56:39Z ERR Provider error, retrying in 3.444700676s error="Cannot connect to the Docker daemon at unix:///var/run/docker.sock. Is the docker daemon running?" providerName=docker
2026-07-08T04:56:43Z ERR Failed to retrieve information of the docker client and server host error="Cannot connect to the Docker daemon at unix:///var/run/docker.sock. Is the docker daemon running?" providerName=docker
2026-07-08T04:56:43Z ERR Provider error, retrying in 4.55874945s error="Cannot connect to the Docker daemon at unix:///var/run/docker.sock. Is the docker daemon running?" providerName=docker
2026-07-08T04:56:47Z ERR Failed to retrieve information of the docker client and server host error="Cannot connect to the Docker daemon at unix:///var/run/docker.sock. Is the docker daemon running?" providerName=docker
2026-07-08T04:56:47Z ERR Provider error, retrying in 6.051761563s error="Cannot connect to the Docker daemon at unix:///var/run/docker.sock. Is the docker daemon running?" providerName=docker
2026-07-08T04:56:56Z ERR Failed to retrieve information of the docker client and server host error="Cannot connect to the Docker daemon at unix:///var/run/docker.sock. Is the docker daemon running?" providerName=docker
2026-07-08T04:56:56Z ERR Provider error, retrying in 11.71349365s error="Cannot connect to the Docker daemon at unix:///var/run/docker.sock. Is the docker daemon running?" providerName=docker
2026-07-08T04:57:08Z ERR Failed to retrieve information of the docker client and server host error="Cannot connect to the Docker daemon at unix:///var/run/docker.sock. Is the docker daemon running?" providerName=docker
2026-07-08T04:57:08Z ERR Provider error, retrying in 700.148799ms error="Cannot connect to the Docker daemon at unix:///var/run/docker.sock. Is the docker daemon running?" providerName=docker
2026-07-08T04:57:09Z ERR Failed to retrieve information of the docker client and server host error="Cannot connect to the Docker daemon at unix:///var/run/docker.sock. Is the docker daemon running?" providerName=docker
2026-07-08T04:57:09Z ERR Provider error, retrying in 754.679484ms error="Cannot connect to the Docker daemon at unix:///var/run/docker.sock. Is the docker daemon running?" providerName=docker
2026-07-08T04:57:09Z ERR Failed to retrieve information of the docker client and server host error="Cannot connect to the Docker daemon at unix:///var/run/docker.sock. Is the docker daemon running?" providerName=docker
2026-07-08T04:57:09Z ERR Provider error, retrying in 1.064270751s error="Cannot connect to the Docker daemon at unix:///var/run/docker.sock. Is the docker daemon running?" providerName=docker
2026-07-08T04:57:11Z ERR Failed to retrieve information of the docker client and server host error="Cannot connect to the Docker daemon at unix:///var/run/docker.sock. Is the docker daemon running?" providerName=docker
2026-07-08T04:57:11Z ERR Provider error, retrying in 1.898048252s error="Cannot connect to the Docker daemon at unix:///var/run/docker.sock. Is the docker daemon running?" providerName=docker
2026-07-08T04:57:12Z ERR Failed to retrieve information of the docker client and server host error="Cannot connect to the Docker daemon at unix:///var/run/docker.sock. Is the docker daemon running?" providerName=docker
2026-07-08T04:57:12Z ERR Provider error, retrying in 2.033456403s error="Cannot connect to the Docker daemon at unix:///var/run/docker.sock. Is the docker daemon running?" providerName=docker
2026-07-08T04:57:14Z ERR Failed to retrieve information of the docker client and server host error="Cannot connect to the Docker daemon at unix:///var/run/docker.sock. Is the docker daemon running?" providerName=docker
2026-07-08T04:57:14Z ERR Provider error, retrying in 4.115663627s error="Cannot connect to the Docker daemon at unix:///var/run/docker.sock. Is the docker daemon running?" providerName=docker
2026-07-08T04:57:19Z ERR Failed to retrieve information of the docker client and server host error="Cannot connect to the Docker daemon at unix:///var/run/docker.sock. Is the docker daemon running?" providerName=docker
2026-07-08T04:57:19Z ERR Provider error, retrying in 7.902368749s error="Cannot connect to the Docker daemon at unix:///var/run/docker.sock. Is the docker daemon running?" providerName=docker
2026-07-08T04:57:26Z ERR Failed to retrieve information of the docker client and server host error="Cannot connect to the Docker daemon at unix:///var/run/docker.sock. Is the docker daemon running?" providerName=docker
2026-07-08T04:57:26Z ERR Provider error, retrying in 11.34214684s error="Cannot connect to the Docker daemon at unix:///var/run/docker.sock. Is the docker daemon running?" providerName=docker
2026-07-08T04:57:41Z ERR Failed to retrieve information of the docker client and server host error="Cannot connect to the Docker daemon at unix:///var/run/docker.sock. Is the docker daemon running?" providerName=docker
2026-07-08T04:57:41Z ERR Provider error, retrying in 9.522144715s error="Cannot connect to the Docker daemon at unix:///var/run/docker.sock. Is the docker daemon running?" providerName=docker
2026-07-08T04:57:50Z ERR Failed to retrieve information of the docker client and server host error="Cannot connect to the Docker daemon at unix:///var/run/docker.sock. Is the docker daemon running?" providerName=docker
2026-07-08T04:57:50Z ERR Provider error, retrying in 429.041079ms error="Cannot connect to the Docker daemon at unix:///var/run/docker.sock. Is the docker daemon running?" providerName=docker
2026-07-08T04:57:51Z ERR Failed to retrieve information of the docker client and server host error="Cannot connect to the Docker daemon at unix:///var/run/docker.sock. Is the docker daemon running?" providerName=docker
2026-07-08T04:57:51Z ERR Provider error, retrying in 1.028704408s error="Cannot connect to the Docker daemon at unix:///var/run/docker.sock. Is the docker daemon running?" providerName=docker
2026-07-08T04:57:52Z ERR Failed to retrieve information of the docker client and server host error="Cannot connect to the Docker daemon at unix:///var/run/docker.sock. Is the docker daemon running?" providerName=docker
2026-07-08T04:57:52Z ERR Provider error, retrying in 1.55986386s error="Cannot connect to the Docker daemon at unix:///var/run/docker.sock. Is the docker daemon running?" providerName=docker
2026-07-08T04:57:53Z ERR Failed to retrieve information of the docker client and server host error="Cannot connect to the Docker daemon at unix:///var/run/docker.sock. Is the docker daemon running?" providerName=docker
2026-07-08T04:57:53Z ERR Provider error, retrying in 2.124184233s error="Cannot connect to the Docker daemon at unix:///var/run/docker.sock. Is the docker daemon running?" providerName=docker
2026-07-08T04:57:55Z ERR Failed to retrieve information of the docker client and server host error="Cannot connect to the Docker daemon at unix:///var/run/docker.sock. Is the docker daemon running?" providerName=docker
2026-07-08T04:57:55Z ERR Provider error, retrying in 1.514623824s error="Cannot connect to the Docker daemon at unix:///var/run/docker.sock. Is the docker daemon running?" providerName=docker
2026-07-08T04:57:57Z ERR Failed to retrieve information of the docker client and server host error="Cannot connect to the Docker daemon at unix:///var/run/docker.sock. Is the docker daemon running?" providerName=docker
2026-07-08T04:57:57Z ERR Provider error, retrying in 5.538878929s error="Cannot connect to the Docker daemon at unix:///var/run/docker.sock. Is the docker daemon running?" providerName=docker
2026-07-08T04:58:02Z ERR Failed to retrieve information of the docker client and server host error="Cannot connect to the Docker daemon at unix:///var/run/docker.sock. Is the docker daemon running?" providerName=docker
2026-07-08T04:58:02Z ERR Provider error, retrying in 6.074424217s error="Cannot connect to the Docker daemon at unix:///var/run/docker.sock. Is the docker daemon running?" providerName=docker
2026-07-08T04:58:11Z ERR Failed to retrieve information of the docker client and server host error="Cannot connect to the Docker daemon at unix:///var/run/docker.sock. Is the docker daemon running?" providerName=docker
2026-07-08T04:58:11Z ERR Provider error, retrying in 10.796404645s error="Cannot connect to the Docker daemon at unix:///var/run/docker.sock. Is the docker daemon running?" providerName=docker
2026-07-08T04:58:22Z ERR Failed to retrieve information of the docker client and server host error="Cannot connect to the Docker daemon at unix:///var/run/docker.sock. Is the docker daemon running?" providerName=docker
2026-07-08T04:58:22Z ERR Provider error, retrying in 10.599270541s error="Cannot connect to the Docker daemon at unix:///var/run/docker.sock. Is the docker daemon running?" providerName=docker
2026-07-08T04:58:33Z ERR Failed to retrieve information of the docker client and server host error="Cannot connect to the Docker daemon at unix:///var/run/docker.sock. Is the docker daemon running?" providerName=docker
2026-07-08T04:58:33Z ERR Provider error, retrying in 306.273963ms error="Cannot connect to the Docker daemon at unix:///var/run/docker.sock. Is the docker daemon running?" providerName=docker
2026-07-08T04:58:33Z ERR Failed to retrieve information of the docker client and server host error="Cannot connect to the Docker daemon at unix:///var/run/docker.sock. Is the docker daemon running?" providerName=docker
2026-07-08T04:58:33Z ERR Provider error, retrying in 387.027117ms error="Cannot connect to the Docker daemon at unix:///var/run/docker.sock. Is the docker daemon running?" providerName=docker
2026-07-08T04:58:34Z ERR Failed to retrieve information of the docker client and server host error="Cannot connect to the Docker daemon at unix:///var/run/docker.sock. Is the docker daemon running?" providerName=docker
2026-07-08T04:58:34Z ERR Provider error, retrying in 1.429212511s error="Cannot connect to the Docker daemon at unix:///var/run/docker.sock. Is the docker daemon running?" providerName=docker
2026-07-08T04:58:35Z ERR Failed to retrieve information of the docker client and server host error="Cannot connect to the Docker daemon at unix:///var/run/docker.sock. Is the docker daemon running?" providerName=docker
2026-07-08T04:58:35Z ERR Provider error, retrying in 1.062776161s error="Cannot connect to the Docker daemon at unix:///var/run/docker.sock. Is the docker daemon running?" providerName=docker
2026-07-08T04:58:36Z ERR Failed to retrieve information of the docker client and server host error="Cannot connect to the Docker daemon at unix:///var/run/docker.sock. Is the docker daemon running?" providerName=docker
2026-07-08T04:58:36Z ERR Provider error, retrying in 3.685923209s error="Cannot connect to the Docker daemon at unix:///var/run/docker.sock. Is the docker daemon running?" providerName=docker
2026-07-08T04:58:43Z ERR Failed to retrieve information of the docker client and server host error="Cannot connect to the Docker daemon at unix:///var/run/docker.sock. Is the docker daemon running?" providerName=docker
2026-07-08T04:58:43Z ERR Provider error, retrying in 3.354292683s error="Cannot connect to the Docker daemon at unix:///var/run/docker.sock. Is the docker daemon running?" providerName=docker
2026-07-08T04:58:46Z ERR Failed to retrieve information of the docker client and server host error="Cannot connect to the Docker daemon at unix:///var/run/docker.sock. Is the docker daemon running?" providerName=docker
2026-07-08T04:58:46Z ERR Provider error, retrying in 5.746889071s error="Cannot connect to the Docker daemon at unix:///var/run/docker.sock. Is the docker daemon running?" providerName=docker
2026-07-08T04:58:52Z ERR Failed to retrieve information of the docker client and server host error="Cannot connect to the Docker daemon at unix:///var/run/docker.sock. Is the docker daemon running?" providerName=docker
2026-07-08T04:58:52Z ERR Provider error, retrying in 7.603773382s error="Cannot connect to the Docker daemon at unix:///var/run/docker.sock. Is the docker daemon running?" providerName=docker
2026-07-08T04:58:59Z ERR Failed to retrieve information of the docker client and server host error="Cannot connect to the Docker daemon at unix:///var/run/docker.sock. Is the docker daemon running?" providerName=docker
2026-07-08T04:58:59Z ERR Provider error, retrying in 18.316146682s error="Cannot connect to the Docker daemon at unix:///var/run/docker.sock. Is the docker daemon running?" providerName=docker
2026-07-08T04:59:21Z ERR Failed to retrieve information of the docker client and server host error="Cannot connect to the Docker daemon at unix:///var/run/docker.sock. Is the docker daemon running?" providerName=docker
2026-07-08T04:59:21Z ERR Provider error, retrying in 516.56166ms error="Cannot connect to the Docker daemon at unix:///var/run/docker.sock. Is the docker daemon running?" providerName=docker
2026-07-08T04:59:21Z ERR Failed to retrieve information of the docker client and server host error="Cannot connect to the Docker daemon at unix:///var/run/docker.sock. Is the docker daemon running?" providerName=docker
2026-07-08T04:59:21Z ERR Provider error, retrying in 416.723239ms error="Cannot connect to the Docker daemon at unix:///var/run/docker.sock. Is the docker daemon running?" providerName=docker
2026-07-08T04:59:22Z ERR Failed to retrieve information of the docker client and server host error="Cannot connect to the Docker daemon at unix:///var/run/docker.sock. Is the docker daemon running?" providerName=docker
2026-07-08T04:59:22Z ERR Provider error, retrying in 1.00421727s error="Cannot connect to the Docker daemon at unix:///var/run/docker.sock. Is the docker daemon running?" providerName=docker
2026-07-08T04:59:23Z ERR Failed to retrieve information of the docker client and server host error="Cannot connect to the Docker daemon at unix:///var/run/docker.sock. Is the docker daemon running?" providerName=docker
2026-07-08T04:59:23Z ERR Provider error, retrying in 1.522828646s error="Cannot connect to the Docker daemon at unix:///var/run/docker.sock. Is the docker daemon running?" providerName=docker
2026-07-08T04:59:24Z ERR Failed to retrieve information of the docker client and server host error="Cannot connect to the Docker daemon at unix:///var/run/docker.sock. Is the docker daemon running?" providerName=docker
2026-07-08T04:59:24Z ERR Provider error, retrying in 1.757717063s error="Cannot connect to the Docker daemon at unix:///var/run/docker.sock. Is the docker daemon running?" providerName=docker
2026-07-08T04:59:26Z ERR Failed to retrieve information of the docker client and server host error="Cannot connect to the Docker daemon at unix:///var/run/docker.sock. Is the docker daemon running?" providerName=docker
2026-07-08T04:59:26Z ERR Provider error, retrying in 3.42226637s error="Cannot connect to the Docker daemon at unix:///var/run/docker.sock. Is the docker daemon running?" providerName=docker
2026-07-08T04:59:29Z ERR Failed to retrieve information of the docker client and server host error="Cannot connect to the Docker daemon at unix:///var/run/docker.sock. Is the docker daemon running?" providerName=docker
2026-07-08T04:59:29Z ERR Provider error, retrying in 4.094528746s error="Cannot connect to the Docker daemon at unix:///var/run/docker.sock. Is the docker daemon running?" providerName=docker
2026-07-08T04:59:33Z ERR Failed to retrieve information of the docker client and server host error="Cannot connect to the Docker daemon at unix:///var/run/docker.sock. Is the docker daemon running?" providerName=docker
2026-07-08T04:59:33Z ERR Provider error, retrying in 6.024568753s error="Cannot connect to the Docker daemon at unix:///var/run/docker.sock. Is the docker daemon running?" providerName=docker
2026-07-08T04:59:39Z ERR Failed to retrieve information of the docker client and server host error="Cannot connect to the Docker daemon at unix:///var/run/docker.sock. Is the docker daemon running?" providerName=docker
2026-07-08T04:59:39Z ERR Provider error, retrying in 12.625354602s error="Cannot connect to the Docker daemon at unix:///var/run/docker.sock. Is the docker daemon running?" providerName=docker
2026-07-08T06:17:13Z ERR Failed to retrieve information of the docker client and server host error="Cannot connect to the Docker daemon at unix:///var/run/docker.sock. Is the docker daemon running?" providerName=docker
2026-07-08T06:17:13Z ERR Provider error, retrying in 564.418263ms error="Cannot connect to the Docker daemon at unix:///var/run/docker.sock. Is the docker daemon running?" providerName=docker
2026-07-08T06:17:14Z ERR Failed to retrieve information of the docker client and server host error="Cannot connect to the Docker daemon at unix:///var/run/docker.sock. Is the docker daemon running?" providerName=docker
2026-07-08T06:17:14Z ERR Provider error, retrying in 831.879586ms error="Cannot connect to the Docker daemon at unix:///var/run/docker.sock. Is the docker daemon running?" providerName=docker
2026-07-08T06:17:15Z ERR Failed to retrieve information of the docker client and server host error="Cannot connect to the Docker daemon at unix:///var/run/docker.sock. Is the docker daemon running?" providerName=docker
2026-07-08T06:17:15Z ERR Provider error, retrying in 1.147853144s error="Cannot connect to the Docker daemon at unix:///var/run/docker.sock. Is the docker daemon running?" providerName=docker
2026-07-08T06:17:16Z ERR Failed to retrieve information of the docker client and server host error="Cannot connect to the Docker daemon at unix:///var/run/docker.sock. Is the docker daemon running?" providerName=docker
2026-07-08T06:17:16Z ERR Provider error, retrying in 2.122374491s error="Cannot connect to the Docker daemon at unix:///var/run/docker.sock. Is the docker daemon running?" providerName=docker
2026-07-08T06:17:18Z ERR Failed to retrieve information of the docker client and server host error="Cannot connect to the Docker daemon at unix:///var/run/docker.sock. Is the docker daemon running?" providerName=docker
2026-07-08T06:17:18Z ERR Provider error, retrying in 3.672143657s error="Cannot connect to the Docker daemon at unix:///var/run/docker.sock. Is the docker daemon running?" providerName=docker
2026-07-08T06:17:22Z ERR Failed to retrieve information of the docker client and server host error="Cannot connect to the Docker daemon at unix:///var/run/docker.sock. Is the docker daemon running?" providerName=docker
2026-07-08T06:17:22Z ERR Provider error, retrying in 2.398337918s error="Cannot connect to the Docker daemon at unix:///var/run/docker.sock. Is the docker daemon running?" providerName=docker
2026-07-08T06:17:24Z ERR Failed to retrieve information of the docker client and server host error="Cannot connect to the Docker daemon at unix:///var/run/docker.sock. Is the docker daemon running?" providerName=docker
2026-07-08T06:17:24Z ERR Provider error, retrying in 7.387369966s error="Cannot connect to the Docker daemon at unix:///var/run/docker.sock. Is the docker daemon running?" providerName=docker
2026-07-08T06:17:32Z ERR Failed to retrieve information of the docker client and server host error="Cannot connect to the Docker daemon at unix:///var/run/docker.sock. Is the docker daemon running?" providerName=docker
2026-07-08T06:17:32Z ERR Provider error, retrying in 11.505119414s error="Cannot connect to the Docker daemon at unix:///var/run/docker.sock. Is the docker daemon running?" providerName=docker
2026-07-08T06:17:43Z ERR Failed to retrieve information of the docker client and server host error="Cannot connect to the Docker daemon at unix:///var/run/docker.sock. Is the docker daemon running?" providerName=docker
2026-07-08T06:17:43Z ERR Provider error, retrying in 18.995499057s error="Cannot connect to the Docker daemon at unix:///var/run/docker.sock. Is the docker daemon running?" providerName=docker
2026-07-08T06:18:02Z ERR Failed to retrieve information of the docker client and server host error="Cannot connect to the Docker daemon at unix:///var/run/docker.sock. Is the docker daemon running?" providerName=docker
2026-07-08T06:18:02Z ERR Provider error, retrying in 649.906318ms error="Cannot connect to the Docker daemon at unix:///var/run/docker.sock. Is the docker daemon running?" providerName=docker
2026-07-08T06:18:03Z ERR Failed to retrieve information of the docker client and server host error="Cannot connect to the Docker daemon at unix:///var/run/docker.sock. Is the docker daemon running?" providerName=docker
2026-07-08T06:18:03Z ERR Provider error, retrying in 988.421799ms error="Cannot connect to the Docker daemon at unix:///var/run/docker.sock. Is the docker daemon running?" providerName=docker
2026-07-08T06:18:04Z ERR Failed to retrieve information of the docker client and server host error="Cannot connect to the Docker daemon at unix:///var/run/docker.sock. Is the docker daemon running?" providerName=docker
2026-07-08T06:18:04Z ERR Provider error, retrying in 1.272846224s error="Cannot connect to the Docker daemon at unix:///var/run/docker.sock. Is the docker daemon running?" providerName=docker
2026-07-08T06:18:05Z ERR Failed to retrieve information of the docker client and server host error="Cannot connect to the Docker daemon at unix:///var/run/docker.sock. Is the docker daemon running?" providerName=docker
2026-07-08T06:18:05Z ERR Provider error, retrying in 1.97460278s error="Cannot connect to the Docker daemon at unix:///var/run/docker.sock. Is the docker daemon running?" providerName=docker
2026-07-08T06:18:07Z ERR Failed to retrieve information of the docker client and server host error="Cannot connect to the Docker daemon at unix:///var/run/docker.sock. Is the docker daemon running?" providerName=docker
2026-07-08T06:18:07Z ERR Provider error, retrying in 2.246033052s error="Cannot connect to the Docker daemon at unix:///var/run/docker.sock. Is the docker daemon running?" providerName=docker
2026-07-08T06:18:09Z ERR Failed to retrieve information of the docker client and server host error="Cannot connect to the Docker daemon at unix:///var/run/docker.sock. Is the docker daemon running?" providerName=docker
2026-07-08T06:18:09Z ERR Provider error, retrying in 5.417184795s error="Cannot connect to the Docker daemon at unix:///var/run/docker.sock. Is the docker daemon running?" providerName=docker
2026-07-08T06:18:15Z ERR Failed to retrieve information of the docker client and server host error="Cannot connect to the Docker daemon at unix:///var/run/docker.sock. Is the docker daemon running?" providerName=docker
2026-07-08T06:18:15Z ERR Provider error, retrying in 8.183612288s error="Cannot connect to the Docker daemon at unix:///var/run/docker.sock. Is the docker daemon running?" providerName=docker
2026-07-08T06:18:23Z ERR Failed to retrieve information of the docker client and server host error="Cannot connect to the Docker daemon at unix:///var/run/docker.sock. Is the docker daemon running?" providerName=docker
2026-07-08T06:18:23Z ERR Provider error, retrying in 11.365135833s error="Cannot connect to the Docker daemon at unix:///var/run/docker.sock. Is the docker daemon running?" providerName=docker
2026-07-08T06:18:32Z ERR Error while Peeking first byte error="read tcp 10.88.0.3:80->10.88.0.1:56808: i/o timeout"
2026-07-08T06:18:32Z ERR Error while Peeking first byte error="read tcp 10.88.0.3:80->10.88.0.1:56822: i/o timeout"
2026-07-08T06:18:34Z ERR Failed to retrieve information of the docker client and server host error="Cannot connect to the Docker daemon at unix:///var/run/docker.sock. Is the docker daemon running?" providerName=docker
2026-07-08T06:18:34Z ERR Provider error, retrying in 569.109177ms error="Cannot connect to the Docker daemon at unix:///var/run/docker.sock. Is the docker daemon running?" providerName=docker
2026-07-08T06:18:35Z ERR Failed to retrieve information of the docker client and server host error="Cannot connect to the Docker daemon at unix:///var/run/docker.sock. Is the docker daemon running?" providerName=docker
2026-07-08T06:18:35Z ERR Provider error, retrying in 697.952571ms error="Cannot connect to the Docker daemon at unix:///var/run/docker.sock. Is the docker daemon running?" providerName=docker
2026-07-08T06:18:36Z ERR Failed to retrieve information of the docker client and server host error="Cannot connect to the Docker daemon at unix:///var/run/docker.sock. Is the docker daemon running?" providerName=docker
2026-07-08T06:18:36Z ERR Provider error, retrying in 1.227136658s error="Cannot connect to the Docker daemon at unix:///var/run/docker.sock. Is the docker daemon running?" providerName=docker
2026-07-08T06:18:37Z ERR Failed to retrieve information of the docker client and server host error="Cannot connect to the Docker daemon at unix:///var/run/docker.sock. Is the docker daemon running?" providerName=docker
2026-07-08T06:18:37Z ERR Provider error, retrying in 1.989202031s error="Cannot connect to the Docker daemon at unix:///var/run/docker.sock. Is the docker daemon running?" providerName=docker
2026-07-08T06:18:39Z ERR Failed to retrieve information of the docker client and server host error="Cannot connect to the Docker daemon at unix:///var/run/docker.sock. Is the docker daemon running?" providerName=docker
2026-07-08T06:18:39Z ERR Provider error, retrying in 3.705439789s error="Cannot connect to the Docker daemon at unix:///var/run/docker.sock. Is the docker daemon running?" providerName=docker
2026-07-08T06:18:45Z ERR Failed to retrieve information of the docker client and server host error="Cannot connect to the Docker daemon at unix:///var/run/docker.sock. Is the docker daemon running?" providerName=docker
2026-07-08T06:18:45Z ERR Provider error, retrying in 3.009230902s error="Cannot connect to the Docker daemon at unix:///var/run/docker.sock. Is the docker daemon running?" providerName=docker
2026-07-08T06:18:48Z ERR Failed to retrieve information of the docker client and server host error="Cannot connect to the Docker daemon at unix:///var/run/docker.sock. Is the docker daemon running?" providerName=docker
2026-07-08T06:18:48Z ERR Provider error, retrying in 5.927281428s error="Cannot connect to the Docker daemon at unix:///var/run/docker.sock. Is the docker daemon running?" providerName=docker
2026-07-08T06:18:54Z ERR Failed to retrieve information of the docker client and server host error="Cannot connect to the Docker daemon at unix:///var/run/docker.sock. Is the docker daemon running?" providerName=docker
2026-07-08T06:18:54Z ERR Provider error, retrying in 11.674474666s error="Cannot connect to the Docker daemon at unix:///var/run/docker.sock. Is the docker daemon running?" providerName=docker
2026-07-08T06:19:06Z ERR Failed to retrieve information of the docker client and server host error="Cannot connect to the Docker daemon at unix:///var/run/docker.sock. Is the docker daemon running?" providerName=docker
2026-07-08T06:19:06Z ERR Provider error, retrying in 11.092420289s error="Cannot connect to the Docker daemon at unix:///var/run/docker.sock. Is the docker daemon running?" providerName=docker
2026-07-08T06:19:20Z ERR Failed to retrieve information of the docker client and server host error="Cannot connect to the Docker daemon at unix:///var/run/docker.sock. Is the docker daemon running?" providerName=docker
2026-07-08T06:19:20Z ERR Provider error, retrying in 689.998611ms error="Cannot connect to the Docker daemon at unix:///var/run/docker.sock. Is the docker daemon running?" providerName=docker
2026-07-08T06:19:20Z ERR Failed to retrieve information of the docker client and server host error="Cannot connect to the Docker daemon at unix:///var/run/docker.sock. Is the docker daemon running?" providerName=docker
2026-07-08T06:19:20Z ERR Provider error, retrying in 636.835706ms error="Cannot connect to the Docker daemon at unix:///var/run/docker.sock. Is the docker daemon running?" providerName=docker
2026-07-08T06:19:21Z ERR Failed to retrieve information of the docker client and server host error="Cannot connect to the Docker daemon at unix:///var/run/docker.sock. Is the docker daemon running?" providerName=docker
2026-07-08T06:19:21Z ERR Provider error, retrying in 1.430579274s error="Cannot connect to the Docker daemon at unix:///var/run/docker.sock. Is the docker daemon running?" providerName=docker
2026-07-08T06:19:22Z ERR Failed to retrieve information of the docker client and server host error="Cannot connect to the Docker daemon at unix:///var/run/docker.sock. Is the docker daemon running?" providerName=docker
2026-07-08T06:19:22Z ERR Provider error, retrying in 2.091696978s error="Cannot connect to the Docker daemon at unix:///var/run/docker.sock. Is the docker daemon running?" providerName=docker
2026-07-08T06:19:25Z ERR Failed to retrieve information of the docker client and server host error="Cannot connect to the Docker daemon at unix:///var/run/docker.sock. Is the docker daemon running?" providerName=docker
2026-07-08T06:19:25Z ERR Provider error, retrying in 2.829660496s error="Cannot connect to the Docker daemon at unix:///var/run/docker.sock. Is the docker daemon running?" providerName=docker
2026-07-08T06:19:27Z ERR Failed to retrieve information of the docker client and server host error="Cannot connect to the Docker daemon at unix:///var/run/docker.sock. Is the docker daemon running?" providerName=docker
2026-07-08T06:19:27Z ERR Provider error, retrying in 4.545586918s error="Cannot connect to the Docker daemon at unix:///var/run/docker.sock. Is the docker daemon running?" providerName=docker
2026-07-08T06:19:32Z ERR Failed to retrieve information of the docker client and server host error="Cannot connect to the Docker daemon at unix:///var/run/docker.sock. Is the docker daemon running?" providerName=docker
2026-07-08T06:19:32Z ERR Provider error, retrying in 6.185478541s error="Cannot connect to the Docker daemon at unix:///var/run/docker.sock. Is the docker daemon running?" providerName=docker
2026-07-08T06:48:54Z INF Traefik version 3.0.4 built on 2024-07-02T13:46:37Z version=3.0.4
2026-07-08T06:48:54Z INF 
Stats collection is disabled.
Help us improve Traefik by turning this feature on :)
More details on: https://doc.traefik.io/traefik/contributing/data-collection/

2026-07-08T06:48:54Z INF Starting provider aggregator aggregator.ProviderAggregator
2026-07-08T06:48:54Z INF Starting provider *file.Provider
2026-07-08T06:48:54Z INF Starting provider *traefik.Provider
2026-07-08T06:48:54Z INF Starting provider *docker.Provider
2026-07-08T06:48:54Z INF Starting provider *acme.ChallengeTLSALPN
2026-07-08T06:48:54Z ERR Failed to retrieve information of the docker client and server host error="Error response from daemon: " providerName=docker
2026-07-08T06:48:54Z ERR Provider error, retrying in 717.91069ms error="Error response from daemon: " providerName=docker
2026-07-08T06:48:55Z ERR Failed to retrieve information of the docker client and server host error="Error response from daemon: " providerName=docker
2026-07-08T06:48:55Z ERR Provider error, retrying in 831.606867ms error="Error response from daemon: " providerName=docker
2026-07-08T06:48:56Z ERR Failed to retrieve information of the docker client and server host error="Error response from daemon: " providerName=docker
2026-07-08T06:48:56Z ERR Provider error, retrying in 859.438622ms error="Error response from daemon: " providerName=docker
2026-07-08T06:48:56Z ERR Failed to retrieve information of the docker client and server host error="Error response from daemon: " providerName=docker
2026-07-08T06:48:56Z ERR Provider error, retrying in 1.515745471s error="Error response from daemon: " providerName=docker
2026-07-08T06:48:58Z ERR Failed to retrieve information of the docker client and server host error="Error response from daemon: " providerName=docker
2026-07-08T06:48:58Z ERR Provider error, retrying in 1.943072436s error="Error response from daemon: " providerName=docker
2026-07-08T06:49:00Z ERR Failed to retrieve information of the docker client and server host error="Error response from daemon: " providerName=docker
2026-07-08T06:49:00Z ERR Provider error, retrying in 5.617941913s error="Error response from daemon: " providerName=docker
2026-07-08T06:49:06Z ERR Failed to retrieve information of the docker client and server host error="Error response from daemon: " providerName=docker
2026-07-08T06:49:06Z ERR Provider error, retrying in 4.399601415s error="Error response from daemon: " providerName=docker
2026-07-08T06:49:10Z ERR Failed to retrieve information of the docker client and server host error="Error response from daemon: " providerName=docker
2026-07-08T06:49:10Z ERR Provider error, retrying in 5.970772373s error="Error response from daemon: " providerName=docker
2026-07-08T06:49:16Z ERR Failed to retrieve information of the docker client and server host error="Error response from daemon: " providerName=docker
2026-07-08T06:49:16Z ERR Provider error, retrying in 17.198351322s error="Error response from daemon: " providerName=docker
2026-07-08T06:49:34Z ERR Failed to retrieve information of the docker client and server host error="Error response from daemon: " providerName=docker
2026-07-08T06:49:34Z ERR Provider error, retrying in 663.002134ms error="Error response from daemon: " providerName=docker
2026-07-08T06:49:34Z ERR Failed to retrieve information of the docker client and server host error="Error response from daemon: " providerName=docker
2026-07-08T06:49:34Z ERR Provider error, retrying in 1.08400086s error="Error response from daemon: " providerName=docker
2026-07-08T06:49:35Z ERR Failed to retrieve information of the docker client and server host error="Error response from daemon: " providerName=docker
2026-07-08T06:49:35Z ERR Provider error, retrying in 723.798644ms error="Error response from daemon: " providerName=docker
2026-07-08T06:49:36Z ERR Failed to retrieve information of the docker client and server host error="Error response from daemon: " providerName=docker
2026-07-08T06:49:36Z ERR Provider error, retrying in 2.472175771s error="Error response from daemon: " providerName=docker
2026-07-08T06:49:41Z ERR Failed to retrieve information of the docker client and server host error="Error response from daemon: " providerName=docker
2026-07-08T06:49:41Z ERR Provider error, retrying in 1.619567457s error="Error response from daemon: " providerName=docker
2026-07-08T06:49:43Z ERR Failed to retrieve information of the docker client and server host error="Error response from daemon: " providerName=docker
2026-07-08T06:49:43Z ERR Provider error, retrying in 2.395941019s error="Error response from daemon: " providerName=docker
2026-07-08T06:49:45Z ERR Failed to retrieve information of the docker client and server host error="Error response from daemon: " providerName=docker
2026-07-08T06:49:45Z ERR Provider error, retrying in 5.953274575s error="Error response from daemon: " providerName=docker
2026-07-08T06:49:51Z ERR Failed to retrieve information of the docker client and server host error="Error response from daemon: " providerName=docker
2026-07-08T06:49:51Z ERR Provider error, retrying in 10.176174231s error="Error response from daemon: " providerName=docker
2026-07-08T06:50:02Z ERR Failed to retrieve information of the docker client and server host error="Error response from daemon: " providerName=docker
2026-07-08T06:50:02Z ERR Provider error, retrying in 8.024248218s error="Error response from daemon: " providerName=docker
2026-07-08T06:50:10Z ERR Failed to retrieve information of the docker client and server host error="Error response from daemon: " providerName=docker
2026-07-08T06:50:10Z ERR Provider error, retrying in 405.084524ms error="Error response from daemon: " providerName=docker
2026-07-08T06:49:18Z ERR Failed to retrieve information of the docker client and server host error="Error response from daemon: " providerName=docker
2026-07-08T06:49:18Z ERR Provider error, retrying in 1.116510402s error="Error response from daemon: " providerName=docker
2026-07-08T06:50:14Z ERR Failed to retrieve information of the docker client and server host error="Error response from daemon: " providerName=docker
2026-07-08T06:50:14Z ERR Provider error, retrying in 1.147318667s error="Error response from daemon: " providerName=docker
2026-07-08T06:50:15Z ERR Failed to retrieve information of the docker client and server host error="Error response from daemon: " providerName=docker
2026-07-08T06:50:15Z ERR Provider error, retrying in 2.053765347s error="Error response from daemon: " providerName=docker
2026-07-08T06:50:17Z ERR Failed to retrieve information of the docker client and server host error="Error response from daemon: " providerName=docker
2026-07-08T06:50:17Z ERR Provider error, retrying in 1.881848118s error="Error response from daemon: " providerName=docker
2026-07-08T06:50:19Z ERR Failed to retrieve information of the docker client and server host error="Error response from daemon: " providerName=docker
2026-07-08T06:50:19Z ERR Provider error, retrying in 4.348868494s error="Error response from daemon: " providerName=docker
2026-07-08T06:50:23Z ERR Failed to retrieve information of the docker client and server host error="Error response from daemon: " providerName=docker
2026-07-08T06:50:23Z ERR Provider error, retrying in 6.072548209s error="Error response from daemon: " providerName=docker
2026-07-08T06:50:30Z ERR Failed to retrieve information of the docker client and server host error="Error response from daemon: " providerName=docker
2026-07-08T06:50:30Z ERR Provider error, retrying in 6.618138844s error="Error response from daemon: " providerName=docker
2026-07-08T06:50:36Z ERR Failed to retrieve information of the docker client and server host error="Error response from daemon: " providerName=docker
2026-07-08T06:50:36Z ERR Provider error, retrying in 16.636624065s error="Error response from daemon: " providerName=docker
2026-07-08T06:50:53Z ERR Failed to retrieve information of the docker client and server host error="Error response from daemon: " providerName=docker
2026-07-08T06:50:53Z ERR Provider error, retrying in 454.06833ms error="Error response from daemon: " providerName=docker
2026-07-08T06:50:54Z ERR Failed to retrieve information of the docker client and server host error="Error response from daemon: " providerName=docker
2026-07-08T06:50:54Z ERR Provider error, retrying in 881.988845ms error="Error response from daemon: " providerName=docker
2026-07-08T06:50:55Z ERR Failed to retrieve information of the docker client and server host error="Error response from daemon: " providerName=docker
2026-07-08T06:50:55Z ERR Provider error, retrying in 1.653178101s error="Error response from daemon: " providerName=docker
2026-07-08T06:50:57Z ERR Failed to retrieve information of the docker client and server host error="Error response from daemon: " providerName=docker
2026-07-08T06:50:57Z ERR Provider error, retrying in 2.38207624s error="Error response from daemon: " providerName=docker
2026-07-08T06:50:59Z ERR Failed to retrieve information of the docker client and server host error="Error response from daemon: " providerName=docker
2026-07-08T06:50:59Z ERR Provider error, retrying in 3.273487715s error="Error response from daemon: " providerName=docker
2026-07-08T06:51:02Z ERR Failed to retrieve information of the docker client and server host error="Error response from daemon: " providerName=docker
2026-07-08T06:51:02Z ERR Provider error, retrying in 3.19698012s error="Error response from daemon: " providerName=docker
2026-07-08T06:51:05Z ERR Failed to retrieve information of the docker client and server host error="Error response from daemon: " providerName=docker
2026-07-08T06:51:05Z ERR Provider error, retrying in 7.91601198s error="Error response from daemon: " providerName=docker
2026-07-08T06:50:19Z ERR Failed to retrieve information of the docker client and server host error="Error response from daemon: " providerName=docker
2026-07-08T06:50:19Z ERR Provider error, retrying in 10.161541164s error="Error response from daemon: " providerName=docker
2026-07-08T06:51:24Z ERR Failed to retrieve information of the docker client and server host error="Error response from daemon: " providerName=docker
2026-07-08T06:51:24Z ERR Provider error, retrying in 544.290224ms error="Error response from daemon: " providerName=docker
2026-07-08T06:51:25Z ERR Failed to retrieve information of the docker client and server host error="Error response from daemon: " providerName=docker
2026-07-08T06:51:25Z ERR Provider error, retrying in 938.989473ms error="Error response from daemon: " providerName=docker
2026-07-08T06:51:26Z ERR Failed to retrieve information of the docker client and server host error="Error response from daemon: " providerName=docker
2026-07-08T06:51:26Z ERR Provider error, retrying in 770.042524ms error="Error response from daemon: " providerName=docker
2026-07-08T06:51:26Z ERR Failed to retrieve information of the docker client and server host error="Error response from daemon: " providerName=docker
2026-07-08T06:51:26Z ERR Provider error, retrying in 1.911184627s error="Error response from daemon: " providerName=docker
2026-07-08T06:51:28Z ERR Failed to retrieve information of the docker client and server host error="Error response from daemon: " providerName=docker
2026-07-08T06:51:28Z ERR Provider error, retrying in 2.984140669s error="Error response from daemon: " providerName=docker
2026-07-08T06:51:31Z ERR Failed to retrieve information of the docker client and server host error="Error response from daemon: " providerName=docker
2026-07-08T06:51:31Z ERR Provider error, retrying in 2.21200511s error="Error response from daemon: " providerName=docker
2026-07-08T06:51:33Z ERR Failed to retrieve information of the docker client and server host error="Error response from daemon: " providerName=docker
2026-07-08T06:51:33Z ERR Provider error, retrying in 4.833418326s error="Error response from daemon: " providerName=docker
2026-07-08T06:51:38Z ERR Failed to retrieve information of the docker client and server host error="Error response from daemon: " providerName=docker
2026-07-08T06:51:38Z ERR Provider error, retrying in 9.494244042s error="Error response from daemon: " providerName=docker
2026-07-08T06:51:49Z ERR Failed to retrieve information of the docker client and server host error="Error response from daemon: " providerName=docker
2026-07-08T06:51:49Z ERR Provider error, retrying in 9.665668478s error="Error response from daemon: " providerName=docker
2026-07-08T06:51:59Z ERR Failed to retrieve information of the docker client and server host error="Error response from daemon: " providerName=docker
2026-07-08T06:51:59Z ERR Provider error, retrying in 305.623976ms error="Error response from daemon: " providerName=docker
2026-07-08T06:51:59Z ERR Failed to retrieve information of the docker client and server host error="Error response from daemon: " providerName=docker
2026-07-08T06:51:59Z ERR Provider error, retrying in 553.326457ms error="Error response from daemon: " providerName=docker
2026-07-08T06:51:59Z ERR Failed to retrieve information of the docker client and server host error="Error response from daemon: " providerName=docker
2026-07-08T06:51:59Z ERR Provider error, retrying in 920.299749ms error="Error response from daemon: " providerName=docker
2026-07-08T06:52:00Z ERR Failed to retrieve information of the docker client and server host error="Error response from daemon: " providerName=docker
2026-07-08T06:52:00Z ERR Provider error, retrying in 1.580289891s error="Error response from daemon: " providerName=docker
2026-07-08T06:52:02Z ERR Failed to retrieve information of the docker client and server host error="Error response from daemon: " providerName=docker
2026-07-08T06:52:02Z ERR Provider error, retrying in 1.709599243s error="Error response from daemon: " providerName=docker
2026-07-08T06:52:04Z ERR Failed to retrieve information of the docker client and server host error="Error response from daemon: " providerName=docker
2026-07-08T06:52:04Z ERR Provider error, retrying in 3.399403405s error="Error response from daemon: " providerName=docker
2026-07-08T06:52:07Z ERR Failed to retrieve information of the docker client and server host error="Error response from daemon: " providerName=docker
2026-07-08T06:52:07Z ERR Provider error, retrying in 6.490422113s error="Error response from daemon: " providerName=docker
2026-07-08T06:52:14Z ERR Failed to retrieve information of the docker client and server host error="Error response from daemon: " providerName=docker
2026-07-08T06:52:14Z ERR Provider error, retrying in 12.156101102s error="Error response from daemon: " providerName=docker
2026-07-08T06:52:27Z ERR Failed to retrieve information of the docker client and server host error="Error response from daemon: " providerName=docker
2026-07-08T06:52:27Z ERR Provider error, retrying in 13.667559483s error="Error response from daemon: " providerName=docker
2026-07-08T06:52:40Z ERR Failed to retrieve information of the docker client and server host error="Error response from daemon: " providerName=docker
2026-07-08T06:52:40Z ERR Provider error, retrying in 394.548268ms error="Error response from daemon: " providerName=docker
2026-07-08T06:52:41Z ERR Failed to retrieve information of the docker client and server host error="Error response from daemon: " providerName=docker
2026-07-08T06:52:41Z ERR Provider error, retrying in 648.520316ms error="Error response from daemon: " providerName=docker
2026-07-08T06:52:41Z ERR Failed to retrieve information of the docker client and server host error="Error response from daemon: " providerName=docker
2026-07-08T06:52:41Z ERR Provider error, retrying in 700.572882ms error="Error response from daemon: " providerName=docker
2026-07-08T06:52:42Z ERR Failed to retrieve information of the docker client and server host error="Error response from daemon: " providerName=docker
2026-07-08T06:52:42Z ERR Provider error, retrying in 2.492333469s error="Error response from daemon: " providerName=docker
2026-07-08T06:52:45Z ERR Failed to retrieve information of the docker client and server host error="Error response from daemon: " providerName=docker
2026-07-08T06:52:45Z ERR Provider error, retrying in 1.614316498s error="Error response from daemon: " providerName=docker
2026-07-08T06:52:47Z ERR Failed to retrieve information of the docker client and server host error="Error response from daemon: " providerName=docker
2026-07-08T06:52:47Z ERR Provider error, retrying in 5.230248572s error="Error response from daemon: " providerName=docker
2026-07-08T06:52:52Z ERR Failed to retrieve information of the docker client and server host error="Error response from daemon: " providerName=docker
2026-07-08T06:52:52Z ERR Provider error, retrying in 7.87298686s error="Error response from daemon: " providerName=docker
2026-07-08T06:53:00Z ERR Failed to retrieve information of the docker client and server host error="Error response from daemon: " providerName=docker
2026-07-08T06:53:00Z ERR Provider error, retrying in 7.988150565s error="Error response from daemon: " providerName=docker
2026-07-08T06:53:08Z ERR Failed to retrieve information of the docker client and server host error="Error response from daemon: " providerName=docker
2026-07-08T06:53:08Z ERR Provider error, retrying in 12.065992178s error="Error response from daemon: " providerName=docker
2026-07-08T06:53:23Z ERR Failed to retrieve information of the docker client and server host error="Error response from daemon: " providerName=docker
2026-07-08T06:53:23Z ERR Provider error, retrying in 653.056392ms error="Error response from daemon: " providerName=docker
2026-07-08T06:53:24Z ERR Failed to retrieve information of the docker client and server host error="Error response from daemon: " providerName=docker
2026-07-08T06:53:24Z ERR Provider error, retrying in 1.054089129s error="Error response from daemon: " providerName=docker
2026-07-08T06:53:25Z ERR Failed to retrieve information of the docker client and server host error="Error response from daemon: " providerName=docker
2026-07-08T06:53:25Z ERR Provider error, retrying in 1.251362812s error="Error response from daemon: " providerName=docker
2026-07-08T06:53:26Z ERR Failed to retrieve information of the docker client and server host error="Error response from daemon: " providerName=docker
2026-07-08T06:53:26Z ERR Provider error, retrying in 1.32330893s error="Error response from daemon: " providerName=docker
2026-07-08T06:53:27Z ERR Failed to retrieve information of the docker client and server host error="Error response from daemon: " providerName=docker
2026-07-08T06:53:27Z ERR Provider error, retrying in 1.651073827s error="Error response from daemon: " providerName=docker
2026-07-08T06:53:29Z ERR Failed to retrieve information of the docker client and server host error="Error response from daemon: " providerName=docker
2026-07-08T06:53:29Z ERR Provider error, retrying in 3.947045606s error="Error response from daemon: " providerName=docker
2026-07-08T06:53:33Z ERR Failed to retrieve information of the docker client and server host error="Error response from daemon: " providerName=docker
2026-07-08T06:53:33Z ERR Provider error, retrying in 4.464555182s error="Error response from daemon: " providerName=docker
2026-07-08T06:53:37Z ERR Failed to retrieve information of the docker client and server host error="Error response from daemon: " providerName=docker
2026-07-08T06:53:37Z ERR Provider error, retrying in 9.044366824s error="Error response from daemon: " providerName=docker
2026-07-08T06:53:46Z ERR Failed to retrieve information of the docker client and server host error="Error response from daemon: " providerName=docker
2026-07-08T06:53:46Z ERR Provider error, retrying in 6.969356661s error="Error response from daemon: " providerName=docker
2026-07-08T06:53:56Z ERR Failed to retrieve information of the docker client and server host error="Error response from daemon: " providerName=docker
2026-07-08T06:53:56Z ERR Provider error, retrying in 497.648226ms error="Error response from daemon: " providerName=docker
2026-07-08T06:53:57Z ERR Failed to retrieve information of the docker client and server host error="Error response from daemon: " providerName=docker
2026-07-08T06:53:57Z ERR Provider error, retrying in 1.067786943s error="Error response from daemon: " providerName=docker
2026-07-08T06:53:58Z ERR Failed to retrieve information of the docker client and server host error="Error response from daemon: " providerName=docker
2026-07-08T06:53:58Z ERR Provider error, retrying in 1.655485194s error="Error response from daemon: " providerName=docker
2026-07-08T06:53:59Z ERR Failed to retrieve information of the docker client and server host error="Error response from daemon: " providerName=docker
2026-07-08T06:53:59Z ERR Provider error, retrying in 2.40819366s error="Error response from daemon: " providerName=docker
2026-07-08T06:54:02Z ERR Failed to retrieve information of the docker client and server host error="Error response from daemon: " providerName=docker
2026-07-08T06:54:02Z ERR Provider error, retrying in 2.198018173s error="Error response from daemon: " providerName=docker
2026-07-08T06:54:04Z ERR Failed to retrieve information of the docker client and server host error="Error response from daemon: " providerName=docker
2026-07-08T06:54:04Z ERR Provider error, retrying in 3.732886609s error="Error response from daemon: " providerName=docker
2026-07-08T06:54:08Z ERR Failed to retrieve information of the docker client and server host error="Error response from daemon: " providerName=docker
2026-07-08T06:54:08Z ERR Provider error, retrying in 8.288246861s error="Error response from daemon: " providerName=docker
2026-07-08T06:54:16Z ERR Failed to retrieve information of the docker client and server host error="Error response from daemon: " providerName=docker
2026-07-08T06:54:16Z ERR Provider error, retrying in 9.306315441s error="Error response from daemon: " providerName=docker
2026-07-08T06:54:26Z ERR Failed to retrieve information of the docker client and server host error="Error response from daemon: " providerName=docker
2026-07-08T06:54:26Z ERR Provider error, retrying in 12.931952506s error="Error response from daemon: " providerName=docker
2026-07-08T06:54:39Z ERR Failed to retrieve information of the docker client and server host error="Error response from daemon: " providerName=docker
2026-07-08T06:54:39Z ERR Provider error, retrying in 444.524407ms error="Error response from daemon: " providerName=docker
2026-07-08T06:54:40Z ERR Failed to retrieve information of the docker client and server host error="Error response from daemon: " providerName=docker
2026-07-08T06:54:40Z ERR Provider error, retrying in 656.094523ms error="Error response from daemon: " providerName=docker
2026-07-08T06:54:40Z ERR Failed to retrieve information of the docker client and server host error="Error response from daemon: " providerName=docker
2026-07-08T06:54:40Z ERR Provider error, retrying in 1.29949271s error="Error response from daemon: " providerName=docker
2026-07-08T06:54:42Z ERR Failed to retrieve information of the docker client and server host error="Error response from daemon: " providerName=docker
2026-07-08T06:54:42Z ERR Provider error, retrying in 2.009722515s error="Error response from daemon: " providerName=docker
2026-07-08T06:54:44Z ERR Failed to retrieve information of the docker client and server host error="Error response from daemon: " providerName=docker
2026-07-08T06:54:44Z ERR Provider error, retrying in 3.680181917s error="Error response from daemon: " providerName=docker
2026-07-08T06:54:47Z ERR Failed to retrieve information of the docker client and server host error="Error response from daemon: " providerName=docker
2026-07-08T06:54:47Z ERR Provider error, retrying in 5.694849437s error="Error response from daemon: " providerName=docker
2026-07-08T06:54:54Z ERR Failed to retrieve information of the docker client and server host error="Error response from daemon: " providerName=docker
2026-07-08T06:54:54Z ERR Provider error, retrying in 3.579113235s error="Error response from daemon: " providerName=docker
2026-07-08T06:54:57Z ERR Failed to retrieve information of the docker client and server host error="Error response from daemon: " providerName=docker
2026-07-08T06:54:57Z ERR Provider error, retrying in 10.885073987s error="Error response from daemon: " providerName=docker
2026-07-08T06:55:08Z ERR Failed to retrieve information of the docker client and server host error="Error response from daemon: " providerName=docker
2026-07-08T06:55:08Z ERR Provider error, retrying in 17.360212232s error="Error response from daemon: " providerName=docker
2026-07-08T06:55:27Z ERR Failed to retrieve information of the docker client and server host error="Error response from daemon: " providerName=docker
2026-07-08T06:55:27Z ERR Provider error, retrying in 598.823726ms error="Error response from daemon: " providerName=docker
2026-07-08T06:55:27Z ERR Failed to retrieve information of the docker client and server host error="Error response from daemon: " providerName=docker
2026-07-08T06:55:27Z ERR Provider error, retrying in 413.283113ms error="Error response from daemon: " providerName=docker
2026-07-08T06:55:28Z ERR Failed to retrieve information of the docker client and server host error="Error response from daemon: " providerName=docker
2026-07-08T06:55:28Z ERR Provider error, retrying in 1.636184281s error="Error response from daemon: " providerName=docker
2026-07-08T06:55:30Z ERR Failed to retrieve information of the docker client and server host error="Error response from daemon: " providerName=docker
2026-07-08T06:55:30Z ERR Provider error, retrying in 2.501927306s error="Error response from daemon: " providerName=docker
2026-07-08T06:55:32Z ERR Failed to retrieve information of the docker client and server host error="Error response from daemon: " providerName=docker
2026-07-08T06:55:32Z ERR Provider error, retrying in 2.434413635s error="Error response from daemon: " providerName=docker
2026-07-08T06:55:35Z ERR Failed to retrieve information of the docker client and server host error="Error response from daemon: " providerName=docker
2026-07-08T06:55:35Z ERR Provider error, retrying in 4.515816447s error="Error response from daemon: " providerName=docker
2026-07-08T06:55:39Z ERR Failed to retrieve information of the docker client and server host error="Error response from daemon: " providerName=docker
2026-07-08T06:55:39Z ERR Provider error, retrying in 5.048019668s error="Error response from daemon: " providerName=docker
2026-07-08T06:55:44Z ERR Failed to retrieve information of the docker client and server host error="Error response from daemon: " providerName=docker
2026-07-08T06:55:44Z ERR Provider error, retrying in 7.892153663s error="Error response from daemon: " providerName=docker
2026-07-08T06:55:52Z ERR Failed to retrieve information of the docker client and server host error="Error response from daemon: " providerName=docker
2026-07-08T06:55:52Z ERR Provider error, retrying in 12.875538761s error="Error response from daemon: " providerName=docker
2026-07-08T06:55:11Z ERR Failed to retrieve information of the docker client and server host error="Error response from daemon: " providerName=docker
2026-07-08T06:55:11Z ERR Provider error, retrying in 429.861964ms error="Error response from daemon: " providerName=docker
2026-07-08T06:55:12Z ERR Failed to retrieve information of the docker client and server host error="Error response from daemon: " providerName=docker
2026-07-08T06:55:12Z ERR Provider error, retrying in 411.927223ms error="Error response from daemon: " providerName=docker
2026-07-08T06:55:12Z ERR Failed to retrieve information of the docker client and server host error="Error response from daemon: " providerName=docker
2026-07-08T06:55:12Z ERR Provider error, retrying in 562.962208ms error="Error response from daemon: " providerName=docker
2026-07-08T06:55:13Z ERR Failed to retrieve information of the docker client and server host error="Error response from daemon: " providerName=docker
2026-07-08T06:55:13Z ERR Provider error, retrying in 1.876752486s error="Error response from daemon: " providerName=docker
2026-07-08T06:55:15Z ERR Failed to retrieve information of the docker client and server host error="Error response from daemon: " providerName=docker
2026-07-08T06:55:15Z ERR Provider error, retrying in 2.754500414s error="Error response from daemon: " providerName=docker
2026-07-08T06:56:12Z ERR Failed to retrieve information of the docker client and server host error="Error response from daemon: " providerName=docker
2026-07-08T06:56:12Z ERR Provider error, retrying in 5.103228121s error="Error response from daemon: " providerName=docker
2026-07-08T06:56:17Z ERR Failed to retrieve information of the docker client and server host error="Error response from daemon: " providerName=docker
2026-07-08T06:56:17Z ERR Provider error, retrying in 7.339673927s error="Error response from daemon: " providerName=docker
2026-07-08T06:56:25Z ERR Failed to retrieve information of the docker client and server host error="Error response from daemon: " providerName=docker
2026-07-08T06:56:25Z ERR Provider error, retrying in 8.375796027s error="Error response from daemon: " providerName=docker
2026-07-08T06:56:33Z ERR Failed to retrieve information of the docker client and server host error="Error response from daemon: " providerName=docker
2026-07-08T06:56:33Z ERR Provider error, retrying in 16.416441415s error="Error response from daemon: " providerName=docker
2026-07-08T06:56:49Z ERR Failed to retrieve information of the docker client and server host error="Error response from daemon: " providerName=docker
2026-07-08T06:56:49Z ERR Provider error, retrying in 597.666811ms error="Error response from daemon: " providerName=docker
2026-07-08T06:56:50Z ERR Failed to retrieve information of the docker client and server host error="Error response from daemon: " providerName=docker
2026-07-08T06:56:50Z ERR Provider error, retrying in 657.438767ms error="Error response from daemon: " providerName=docker
2026-07-08T06:56:51Z ERR Failed to retrieve information of the docker client and server host error="Error response from daemon: " providerName=docker
2026-07-08T06:56:51Z ERR Provider error, retrying in 1.073251417s error="Error response from daemon: " providerName=docker
2026-07-08T06:56:52Z ERR Failed to retrieve information of the docker client and server host error="Error response from daemon: " providerName=docker
2026-07-08T06:56:52Z ERR Provider error, retrying in 1.929232987s error="Error response from daemon: " providerName=docker
2026-07-08T06:56:54Z ERR Failed to retrieve information of the docker client and server host error="Error response from daemon: " providerName=docker
2026-07-08T06:56:54Z ERR Provider error, retrying in 3.145336488s error="Error response from daemon: " providerName=docker
2026-07-08T06:56:59Z ERR Failed to retrieve information of the docker client and server host error="Error response from daemon: " providerName=docker
2026-07-08T06:56:59Z ERR Provider error, retrying in 2.431194435s error="Error response from daemon: " providerName=docker
2026-07-08T06:57:01Z ERR Failed to retrieve information of the docker client and server host error="Error response from daemon: " providerName=docker
2026-07-08T06:57:01Z ERR Provider error, retrying in 3.95046924s error="Error response from daemon: " providerName=docker
2026-07-08T06:57:05Z ERR Failed to retrieve information of the docker client and server host error="Error response from daemon: " providerName=docker
2026-07-08T06:57:05Z ERR Provider error, retrying in 5.008531687s error="Error response from daemon: " providerName=docker
2026-07-08T06:57:10Z ERR Failed to retrieve information of the docker client and server host error="Error response from daemon: " providerName=docker
2026-07-08T06:57:10Z ERR Provider error, retrying in 8.960092132s error="Error response from daemon: " providerName=docker
2026-07-08T06:57:19Z ERR Failed to retrieve information of the docker client and server host error="Error response from daemon: " providerName=docker
2026-07-08T06:57:19Z ERR Provider error, retrying in 25.377731542s error="Error response from daemon: " providerName=docker
2026-07-08T06:57:47Z ERR Failed to retrieve information of the docker client and server host error="Error response from daemon: " providerName=docker
2026-07-08T06:57:47Z ERR Provider error, retrying in 541.719665ms error="Error response from daemon: " providerName=docker
2026-07-08T06:57:48Z ERR Failed to retrieve information of the docker client and server host error="Error response from daemon: " providerName=docker
2026-07-08T06:57:48Z ERR Provider error, retrying in 682.670035ms error="Error response from daemon: " providerName=docker
2026-07-08T06:57:49Z ERR Failed to retrieve information of the docker client and server host error="Error response from daemon: " providerName=docker
2026-07-08T06:57:49Z ERR Provider error, retrying in 635.226937ms error="Error response from daemon: " providerName=docker
2026-07-08T06:57:49Z ERR Failed to retrieve information of the docker client and server host error="Error response from daemon: " providerName=docker
2026-07-08T06:57:49Z ERR Provider error, retrying in 1.267790977s error="Error response from daemon: " providerName=docker
2026-07-08T06:57:51Z ERR Failed to retrieve information of the docker client and server host error="Error response from daemon: " providerName=docker
2026-07-08T06:57:51Z ERR Provider error, retrying in 3.277838733s error="Error response from daemon: " providerName=docker
2026-07-08T06:57:54Z ERR Failed to retrieve information of the docker client and server host error="Error response from daemon: " providerName=docker
2026-07-08T06:57:54Z ERR Provider error, retrying in 4.143647173s error="Error response from daemon: " providerName=docker
2026-07-08T06:57:58Z ERR Failed to retrieve information of the docker client and server host error="Error response from daemon: " providerName=docker
2026-07-08T06:57:58Z ERR Provider error, retrying in 5.114428301s error="Error response from daemon: " providerName=docker
2026-07-08T06:58:04Z ERR Failed to retrieve information of the docker client and server host error="Error response from daemon: " providerName=docker
2026-07-08T06:58:04Z ERR Provider error, retrying in 11.773155571s error="Error response from daemon: " providerName=docker
2026-07-08T06:58:16Z ERR Failed to retrieve information of the docker client and server host error="Error response from daemon: " providerName=docker
2026-07-08T06:58:16Z ERR Provider error, retrying in 18.811097402s error="Error response from daemon: " providerName=docker
2026-07-08T06:58:36Z ERR Failed to retrieve information of the docker client and server host error="Error response from daemon: " providerName=docker
2026-07-08T06:58:36Z ERR Provider error, retrying in 379.363707ms error="Error response from daemon: " providerName=docker
2026-07-08T06:58:36Z ERR Failed to retrieve information of the docker client and server host error="Error response from daemon: " providerName=docker
2026-07-08T06:58:36Z ERR Provider error, retrying in 528.516356ms error="Error response from daemon: " providerName=docker
2026-07-08T06:58:37Z ERR Failed to retrieve information of the docker client and server host error="Error response from daemon: " providerName=docker
2026-07-08T06:58:37Z ERR Provider error, retrying in 716.158192ms error="Error response from daemon: " providerName=docker
2026-07-08T06:58:38Z ERR Failed to retrieve information of the docker client and server host error="Error response from daemon: " providerName=docker
2026-07-08T06:58:38Z ERR Provider error, retrying in 2.060328564s error="Error response from daemon: " providerName=docker
2026-07-08T06:58:40Z ERR Failed to retrieve information of the docker client and server host error="Error response from daemon: " providerName=docker
2026-07-08T06:58:40Z ERR Provider error, retrying in 3.083161964s error="Error response from daemon: " providerName=docker
2026-07-08T06:58:43Z ERR Failed to retrieve information of the docker client and server host error="Error response from daemon: " providerName=docker
2026-07-08T06:58:43Z ERR Provider error, retrying in 3.528706086s error="Error response from daemon: " providerName=docker
2026-07-08T06:58:46Z ERR Failed to retrieve information of the docker client and server host error="Error response from daemon: " providerName=docker
2026-07-08T06:58:46Z ERR Provider error, retrying in 5.304931072s error="Error response from daemon: " providerName=docker
2026-07-08T06:58:52Z ERR Failed to retrieve information of the docker client and server host error="Error response from daemon: " providerName=docker
2026-07-08T06:58:52Z ERR Provider error, retrying in 8.113572139s error="Error response from daemon: " providerName=docker
2026-07-08T06:59:00Z ERR Failed to retrieve information of the docker client and server host error="Error response from daemon: " providerName=docker
2026-07-08T06:59:00Z ERR Provider error, retrying in 9.889427607s error="Error response from daemon: " providerName=docker
2026-07-08T06:59:10Z ERR Failed to retrieve information of the docker client and server host error="Error response from daemon: " providerName=docker
2026-07-08T06:59:10Z ERR Provider error, retrying in 331.110459ms error="Error response from daemon: " providerName=docker
2026-07-08T06:59:11Z ERR Failed to retrieve information of the docker client and server host error="Error response from daemon: " providerName=docker
2026-07-08T06:59:11Z ERR Provider error, retrying in 585.53082ms error="Error response from daemon: " providerName=docker
2026-07-08T06:59:11Z ERR Failed to retrieve information of the docker client and server host error="Error response from daemon: " providerName=docker
2026-07-08T06:59:11Z ERR Provider error, retrying in 1.386330218s error="Error response from daemon: " providerName=docker
2026-07-08T06:59:13Z ERR Failed to retrieve information of the docker client and server host error="Error response from daemon: " providerName=docker
2026-07-08T06:59:13Z ERR Provider error, retrying in 1.623506817s error="Error response from daemon: " providerName=docker
2026-07-08T06:59:14Z ERR Failed to retrieve information of the docker client and server host error="Error response from daemon: " providerName=docker
2026-07-08T06:59:14Z ERR Provider error, retrying in 1.936277608s error="Error response from daemon: " providerName=docker
2026-07-08T06:59:16Z ERR Failed to retrieve information of the docker client and server host error="Error response from daemon: " providerName=docker
2026-07-08T06:59:16Z ERR Provider error, retrying in 4.685072883s error="Error response from daemon: " providerName=docker
2026-07-08T06:59:21Z ERR Failed to retrieve information of the docker client and server host error="Error response from daemon: " providerName=docker
2026-07-08T06:59:21Z ERR Provider error, retrying in 5.63688439s error="Error response from daemon: " providerName=docker
2026-07-08T06:59:21Z WRN A new release has been found: 3.7.6. Please consider updating.
2026-07-08T06:59:27Z ERR Failed to retrieve information of the docker client and server host error="Error response from daemon: " providerName=docker
2026-07-08T06:59:27Z ERR Provider error, retrying in 11.296539027s error="Error response from daemon: " providerName=docker
2026-07-08T06:59:39Z ERR Failed to retrieve information of the docker client and server host error="Error response from daemon: " providerName=docker
2026-07-08T06:59:39Z ERR Provider error, retrying in 18.444331869s error="Error response from daemon: " providerName=docker
2026-07-08T06:59:58Z ERR Failed to retrieve information of the docker client and server host error="Error response from daemon: " providerName=docker
2026-07-08T06:59:58Z ERR Provider error, retrying in 418.740567ms error="Error response from daemon: " providerName=docker
2026-07-08T06:59:58Z ERR Failed to retrieve information of the docker client and server host error="Error response from daemon: " providerName=docker
2026-07-08T06:59:58Z ERR Provider error, retrying in 1.001413177s error="Error response from daemon: " providerName=docker
2026-07-08T06:59:59Z ERR Failed to retrieve information of the docker client and server host error="Error response from daemon: " providerName=docker
2026-07-08T06:59:59Z ERR Provider error, retrying in 627.78065ms error="Error response from daemon: " providerName=docker
2026-07-08T07:00:00Z ERR Failed to retrieve information of the docker client and server host error="Error response from daemon: " providerName=docker
2026-07-08T07:00:00Z ERR Provider error, retrying in 984.330263ms error="Error response from daemon: " providerName=docker
2026-07-08T07:00:01Z ERR Failed to retrieve information of the docker client and server host error="Error response from daemon: " providerName=docker
2026-07-08T07:00:01Z ERR Provider error, retrying in 2.116857107s error="Error response from daemon: " providerName=docker
2026-07-08T07:00:03Z ERR Failed to retrieve information of the docker client and server host error="Error response from daemon: " providerName=docker
2026-07-08T07:00:03Z ERR Provider error, retrying in 4.364587172s error="Error response from daemon: " providerName=docker
2026-07-08T07:00:09Z ERR Failed to retrieve information of the docker client and server host error="Error response from daemon: " providerName=docker
2026-07-08T07:00:09Z ERR Provider error, retrying in 4.328455547s error="Error response from daemon: " providerName=docker
2026-07-08T07:00:13Z ERR Failed to retrieve information of the docker client and server host error="Error response from daemon: " providerName=docker
2026-07-08T07:00:13Z ERR Provider error, retrying in 7.206209627s error="Error response from daemon: " providerName=docker
2026-07-08T07:00:20Z ERR Failed to retrieve information of the docker client and server host error="Error response from daemon: " providerName=docker
2026-07-08T07:00:20Z ERR Provider error, retrying in 6.74275742s error="Error response from daemon: " providerName=docker
2026-07-08T07:00:27Z ERR Failed to retrieve information of the docker client and server host error="Error response from daemon: " providerName=docker
2026-07-08T07:00:27Z ERR Provider error, retrying in 13.19423614s error="Error response from daemon: " providerName=docker
